t1_value4,t1_value5,t1_value6,t1_value7,t1_value10,t1_value11,t1_value13,t1_value17,t2_value4,t2_value5,t2_value6,t2_value7,t2_value10,t2_value11,t2_value13,t2_value17,t3_value4,t3_value5,t3_value6,t3_value7,t3_value10,t3_value11,t3_value13,t3_value17,t4_value4,t4_value5,t4_value6,t4_value7,t4_value10,t4_value11,t4_value13,t4_value17,t5_value4,t5_value5,t5_value6,t5_value7,t5_value10,t5_value11,t5_value13,t5_value17,t6_value4,t6_value5,t6_value6,t6_value7,t6_value10,t6_value11,t6_value13,t6_value17,y
0.1,91.958,29.976,0.066,0.0,251643.0,94.0,14.012,0.068,94.798,35.47,0.066,0.0,3203510.0,56.0,13.334,0.102,92.208,37.864,0.066,0.0,287397.0,187.0,15.0,0.102,93.722,37.284,0.066,0.0,238944.0,95.0,13.998,0.066,93.042,31.902,0.134,0.0,245880.0,51.0,14.332,0.102,92.958,35.478,0.066,0.0,234170.0,10.0,15.002,1
0.068,94.798,35.47,0.066,0.0,3203510.0,56.0,13.334,0.102,92.208,37.864,0.066,0.0,287397.0,187.0,15.0,0.102,93.722,37.284,0.066,0.0,238944.0,95.0,13.998,0.066,93.042,31.902,0.134,0.0,245880.0,51.0,14.332,0.102,92.958,35.478,0.066,0.0,234170.0,10.0,15.002,0.102,95.708,35.934,0.068,0.0,255797.0,49.0,13.984000000000002,1
0.102,92.208,37.864,0.066,0.0,287397.0,187.0,15.0,0.102,93.722,37.284,0.066,0.0,238944.0,95.0,13.998,0.066,93.042,31.902,0.134,0.0,245880.0,51.0,14.332,0.102,92.958,35.478,0.066,0.0,234170.0,10.0,15.002,0.102,95.708,35.934,0.068,0.0,255797.0,49.0,13.984000000000002,0.066,95.25,36.032,0.068,0.0,244002.0,79.0,14.674,1
0.102,93.722,37.284,0.066,0.0,238944.0,95.0,13.998,0.066,93.042,31.902,0.134,0.0,245880.0,51.0,14.332,0.102,92.958,35.478,0.066,0.0,234170.0,10.0,15.002,0.102,95.708,35.934,0.068,0.0,255797.0,49.0,13.984000000000002,0.066,95.25,36.032,0.068,0.0,244002.0,79.0,14.674,0.102,94.458,33.334,0.198,0.0,514385.0,24.0,14.668,1
0.066,93.042,31.902,0.134,0.0,245880.0,51.0,14.332,0.102,92.958,35.478,0.066,0.0,234170.0,10.0,15.002,0.102,95.708,35.934,0.068,0.0,255797.0,49.0,13.984000000000002,0.066,95.25,36.032,0.068,0.0,244002.0,79.0,14.674,0.102,94.458,33.334,0.198,0.0,514385.0,24.0,14.668,0.102,92.75,38.732,0.066,0.0,270883.0,73.0,13.666,1
0.102,92.958,35.478,0.066,0.0,234170.0,10.0,15.002,0.102,95.708,35.934,0.068,0.0,255797.0,49.0,13.984000000000002,0.066,95.25,36.032,0.068,0.0,244002.0,79.0,14.674,0.102,94.458,33.334,0.198,0.0,514385.0,24.0,14.668,0.102,92.75,38.732,0.066,0.0,270883.0,73.0,13.666,0.102,94.208,31.644,0.068,0.0,249887.0,45.0,13.334,1
0.102,95.708,35.934,0.068,0.0,255797.0,49.0,13.984000000000002,0.066,95.25,36.032,0.068,0.0,244002.0,79.0,14.674,0.102,94.458,33.334,0.198,0.0,514385.0,24.0,14.668,0.102,92.75,38.732,0.066,0.0,270883.0,73.0,13.666,0.102,94.208,31.644,0.068,0.0,249887.0,45.0,13.334,0.068,92.75,34.6,0.132,0.0,3201940.0,9.0,15.046,1
0.066,95.25,36.032,0.068,0.0,244002.0,79.0,14.674,0.102,94.458,33.334,0.198,0.0,514385.0,24.0,14.668,0.102,92.75,38.732,0.066,0.0,270883.0,73.0,13.666,0.102,94.208,31.644,0.068,0.0,249887.0,45.0,13.334,0.068,92.75,34.6,0.132,0.0,3201940.0,9.0,15.046,0.102,94.376,36.854,0.066,0.0,280638.0,33.0,13.332,1
0.102,94.458,33.334,0.198,0.0,514385.0,24.0,14.668,0.102,92.75,38.732,0.066,0.0,270883.0,73.0,13.666,0.102,94.208,31.644,0.068,0.0,249887.0,45.0,13.334,0.068,92.75,34.6,0.132,0.0,3201940.0,9.0,15.046,0.102,94.376,36.854,0.066,0.0,280638.0,33.0,13.332,0.1,92.792,35.822,0.066,0.0,3231740.0,14.0,15.0,1
0.102,92.75,38.732,0.066,0.0,270883.0,73.0,13.666,0.102,94.208,31.644,0.068,0.0,249887.0,45.0,13.334,0.068,92.75,34.6,0.132,0.0,3201940.0,9.0,15.046,0.102,94.376,36.854,0.066,0.0,280638.0,33.0,13.332,0.1,92.792,35.822,0.066,0.0,3231740.0,14.0,15.0,0.068,91.666,34.226,0.066,0.0,223158.0,57.0,15.0,1
0.102,94.208,31.644,0.068,0.0,249887.0,45.0,13.334,0.068,92.75,34.6,0.132,0.0,3201940.0,9.0,15.046,0.102,94.376,36.854,0.066,0.0,280638.0,33.0,13.332,0.1,92.792,35.822,0.066,0.0,3231740.0,14.0,15.0,0.068,91.666,34.226,0.066,0.0,223158.0,57.0,15.0,0.1,87.542,39.906,0.066,0.0,242568.0,139.0,14.368,1
0.068,92.75,34.6,0.132,0.0,3201940.0,9.0,15.046,0.102,94.376,36.854,0.066,0.0,280638.0,33.0,13.332,0.1,92.792,35.822,0.066,0.0,3231740.0,14.0,15.0,0.068,91.666,34.226,0.066,0.0,223158.0,57.0,15.0,0.1,87.542,39.906,0.066,0.0,242568.0,139.0,14.368,0.102,90.75,30.83,0.066,0.0,221907.0,21.0,13.666,1
0.102,94.376,36.854,0.066,0.0,280638.0,33.0,13.332,0.1,92.792,35.822,0.066,0.0,3231740.0,14.0,15.0,0.068,91.666,34.226,0.066,0.0,223158.0,57.0,15.0,0.1,87.542,39.906,0.066,0.0,242568.0,139.0,14.368,0.102,90.75,30.83,0.066,0.0,221907.0,21.0,13.666,0.068,91.65,34.418,0.132,0.0,248537.0,47.0,15.332,1
0.1,92.792,35.822,0.066,0.0,3231740.0,14.0,15.0,0.068,91.666,34.226,0.066,0.0,223158.0,57.0,15.0,0.1,87.542,39.906,0.066,0.0,242568.0,139.0,14.368,0.102,90.75,30.83,0.066,0.0,221907.0,21.0,13.666,0.068,91.65,34.418,0.132,0.0,248537.0,47.0,15.332,0.102,90.06200000000004,37.136,0.066,0.0,223433.0,124.0,14.334,1
0.068,91.666,34.226,0.066,0.0,223158.0,57.0,15.0,0.1,87.542,39.906,0.066,0.0,242568.0,139.0,14.368,0.102,90.75,30.83,0.066,0.0,221907.0,21.0,13.666,0.068,91.65,34.418,0.132,0.0,248537.0,47.0,15.332,0.102,90.06200000000004,37.136,0.066,0.0,223433.0,124.0,14.334,0.102,93.416,32.134,0.066,0.0,247310.0,34.0,14.336,1
0.1,87.542,39.906,0.066,0.0,242568.0,139.0,14.368,0.102,90.75,30.83,0.066,0.0,221907.0,21.0,13.666,0.068,91.65,34.418,0.132,0.0,248537.0,47.0,15.332,0.102,90.06200000000004,37.136,0.066,0.0,223433.0,124.0,14.334,0.102,93.416,32.134,0.066,0.0,247310.0,34.0,14.336,0.066,89.904,34.836,0.068,0.0,224771.0,73.0,14.0,1
0.102,90.75,30.83,0.066,0.0,221907.0,21.0,13.666,0.068,91.65,34.418,0.132,0.0,248537.0,47.0,15.332,0.102,90.06200000000004,37.136,0.066,0.0,223433.0,124.0,14.334,0.102,93.416,32.134,0.066,0.0,247310.0,34.0,14.336,0.066,89.904,34.836,0.068,0.0,224771.0,73.0,14.0,0.102,90.542,36.456,0.066,0.0,223668.0,6.0,14.332,1
0.068,91.65,34.418,0.132,0.0,248537.0,47.0,15.332,0.102,90.06200000000004,37.136,0.066,0.0,223433.0,124.0,14.334,0.102,93.416,32.134,0.066,0.0,247310.0,34.0,14.336,0.066,89.904,34.836,0.068,0.0,224771.0,73.0,14.0,0.102,90.542,36.456,0.066,0.0,223668.0,6.0,14.332,0.1,90.628,37.746,0.066,0.0,240044.0,115.0,13.332,1
0.102,90.06200000000004,37.136,0.066,0.0,223433.0,124.0,14.334,0.102,93.416,32.134,0.066,0.0,247310.0,34.0,14.336,0.066,89.904,34.836,0.068,0.0,224771.0,73.0,14.0,0.102,90.542,36.456,0.066,0.0,223668.0,6.0,14.332,0.1,90.628,37.746,0.066,0.0,240044.0,115.0,13.332,0.068,91.166,31.422,0.134,0.0,3221290.0,14.0,14.998,1
0.102,93.416,32.134,0.066,0.0,247310.0,34.0,14.336,0.066,89.904,34.836,0.068,0.0,224771.0,73.0,14.0,0.102,90.542,36.456,0.066,0.0,223668.0,6.0,14.332,0.1,90.628,37.746,0.066,0.0,240044.0,115.0,13.332,0.068,91.166,31.422,0.134,0.0,3221290.0,14.0,14.998,0.1,90.5,34.32,0.066,0.0,235606.0,21.0,13.666,1
0.066,89.904,34.836,0.068,0.0,224771.0,73.0,14.0,0.102,90.542,36.456,0.066,0.0,223668.0,6.0,14.332,0.1,90.628,37.746,0.066,0.0,240044.0,115.0,13.332,0.068,91.166,31.422,0.134,0.0,3221290.0,14.0,14.998,0.1,90.5,34.32,0.066,0.0,235606.0,21.0,13.666,0.102,89.166,35.892,0.066,0.0,3202800.0,91.0,13.67,1
0.102,90.542,36.456,0.066,0.0,223668.0,6.0,14.332,0.1,90.628,37.746,0.066,0.0,240044.0,115.0,13.332,0.068,91.166,31.422,0.134,0.0,3221290.0,14.0,14.998,0.1,90.5,34.32,0.066,0.0,235606.0,21.0,13.666,0.102,89.166,35.892,0.066,0.0,3202800.0,91.0,13.67,0.1,90.292,34.11,0.134,0.0,244192.0,55.0,14.668,1
0.1,90.628,37.746,0.066,0.0,240044.0,115.0,13.332,0.068,91.166,31.422,0.134,0.0,3221290.0,14.0,14.998,0.1,90.5,34.32,0.066,0.0,235606.0,21.0,13.666,0.102,89.166,35.892,0.066,0.0,3202800.0,91.0,13.67,0.1,90.292,34.11,0.134,0.0,244192.0,55.0,14.668,0.098,90.208,40.728,0.068,0.0,231729.0,85.0,14.334,1
0.068,91.166,31.422,0.134,0.0,3221290.0,14.0,14.998,0.1,90.5,34.32,0.066,0.0,235606.0,21.0,13.666,0.102,89.166,35.892,0.066,0.0,3202800.0,91.0,13.67,0.1,90.292,34.11,0.134,0.0,244192.0,55.0,14.668,0.098,90.208,40.728,0.068,0.0,231729.0,85.0,14.334,0.1,93.626,32.652,0.066,0.0,251450.0,102.0,14.304,1
0.1,90.5,34.32,0.066,0.0,235606.0,21.0,13.666,0.102,89.166,35.892,0.066,0.0,3202800.0,91.0,13.67,0.1,90.292,34.11,0.134,0.0,244192.0,55.0,14.668,0.098,90.208,40.728,0.068,0.0,231729.0,85.0,14.334,0.1,93.626,32.652,0.066,0.0,251450.0,102.0,14.304,0.098,93.624,35.564,0.066,0.0,219342.0,119.0,15.038,1
0.102,89.166,35.892,0.066,0.0,3202800.0,91.0,13.67,0.1,90.292,34.11,0.134,0.0,244192.0,55.0,14.668,0.098,90.208,40.728,0.068,0.0,231729.0,85.0,14.334,0.1,93.626,32.652,0.066,0.0,251450.0,102.0,14.304,0.098,93.624,35.564,0.066,0.0,219342.0,119.0,15.038,0.098,93.756,33.968,0.068,0.0,241032.0,139.0,13.666,1
0.1,90.292,34.11,0.134,0.0,244192.0,55.0,14.668,0.098,90.208,40.728,0.068,0.0,231729.0,85.0,14.334,0.1,93.626,32.652,0.066,0.0,251450.0,102.0,14.304,0.098,93.624,35.564,0.066,0.0,219342.0,119.0,15.038,0.098,93.756,33.968,0.068,0.0,241032.0,139.0,13.666,0.1,93.542,33.802,0.136,0.0,219744.0,69.0,14.334,1
0.098,90.208,40.728,0.068,0.0,231729.0,85.0,14.334,0.1,93.626,32.652,0.066,0.0,251450.0,102.0,14.304,0.098,93.624,35.564,0.066,0.0,219342.0,119.0,15.038,0.098,93.756,33.968,0.068,0.0,241032.0,139.0,13.666,0.1,93.542,33.802,0.136,0.0,219744.0,69.0,14.334,0.1,92.042,36.374,0.066,0.0,232511.0,142.0,14.0,1
0.1,93.626,32.652,0.066,0.0,251450.0,102.0,14.304,0.098,93.624,35.564,0.066,0.0,219342.0,119.0,15.038,0.098,93.756,33.968,0.068,0.0,241032.0,139.0,13.666,0.1,93.542,33.802,0.136,0.0,219744.0,69.0,14.334,0.1,92.042,36.374,0.066,0.0,232511.0,142.0,14.0,0.1,90.938,36.154,0.066,0.0,237811.0,45.0,14.666,1
0.098,93.624,35.564,0.066,0.0,219342.0,119.0,15.038,0.098,93.756,33.968,0.068,0.0,241032.0,139.0,13.666,0.1,93.542,33.802,0.136,0.0,219744.0,69.0,14.334,0.1,92.042,36.374,0.066,0.0,232511.0,142.0,14.0,0.1,90.938,36.154,0.066,0.0,237811.0,45.0,14.666,0.1,91.376,33.73,0.066,0.0,226034.0,48.0,13.0,1
0.098,93.756,33.968,0.068,0.0,241032.0,139.0,13.666,0.1,93.542,33.802,0.136,0.0,219744.0,69.0,14.334,0.1,92.042,36.374,0.066,0.0,232511.0,142.0,14.0,0.1,90.938,36.154,0.066,0.0,237811.0,45.0,14.666,0.1,91.376,33.73,0.066,0.0,226034.0,48.0,13.0,0.066,92.666,33.474000000000004,0.132,0.0,3220170.0,3.0,14.334,1
0.1,93.542,33.802,0.136,0.0,219744.0,69.0,14.334,0.1,92.042,36.374,0.066,0.0,232511.0,142.0,14.0,0.1,90.938,36.154,0.066,0.0,237811.0,45.0,14.666,0.1,91.376,33.73,0.066,0.0,226034.0,48.0,13.0,0.066,92.666,33.474000000000004,0.132,0.0,3220170.0,3.0,14.334,0.102,94.42,36.08,0.066,0.0,228654.0,32.0,14.658,0
0.1,92.042,36.374,0.066,0.0,232511.0,142.0,14.0,0.1,90.938,36.154,0.066,0.0,237811.0,45.0,14.666,0.1,91.376,33.73,0.066,0.0,226034.0,48.0,13.0,0.066,92.666,33.474000000000004,0.132,0.0,3220170.0,3.0,14.334,0.102,94.42,36.08,0.066,0.0,228654.0,32.0,14.658,0.102,95.584,35.628,0.066,0.0,3227830.0,4.0,14.0,0
0.1,90.938,36.154,0.066,0.0,237811.0,45.0,14.666,0.1,91.376,33.73,0.066,0.0,226034.0,48.0,13.0,0.066,92.666,33.474000000000004,0.132,0.0,3220170.0,3.0,14.334,0.102,94.42,36.08,0.066,0.0,228654.0,32.0,14.658,0.102,95.584,35.628,0.066,0.0,3227830.0,4.0,14.0,0.102,90.62,35.516,0.068,0.0,256906.0,103.0,14.278,0
0.1,91.376,33.73,0.066,0.0,226034.0,48.0,13.0,0.066,92.666,33.474000000000004,0.132,0.0,3220170.0,3.0,14.334,0.102,94.42,36.08,0.066,0.0,228654.0,32.0,14.658,0.102,95.584,35.628,0.066,0.0,3227830.0,4.0,14.0,0.102,90.62,35.516,0.068,0.0,256906.0,103.0,14.278,0.068,93.478,35.094,0.066,0.0,216462.0,64.0,14.706,0
0.066,92.666,33.474000000000004,0.132,0.0,3220170.0,3.0,14.334,0.102,94.42,36.08,0.066,0.0,228654.0,32.0,14.658,0.102,95.584,35.628,0.066,0.0,3227830.0,4.0,14.0,0.102,90.62,35.516,0.068,0.0,256906.0,103.0,14.278,0.068,93.478,35.094,0.066,0.0,216462.0,64.0,14.706,0.102,94.126,34.622,0.132,0.0,238240.0,44.0,14.334,0
0.102,94.42,36.08,0.066,0.0,228654.0,32.0,14.658,0.102,95.584,35.628,0.066,0.0,3227830.0,4.0,14.0,0.102,90.62,35.516,0.068,0.0,256906.0,103.0,14.278,0.068,93.478,35.094,0.066,0.0,216462.0,64.0,14.706,0.102,94.126,34.622,0.132,0.0,238240.0,44.0,14.334,0.102,93.338,34.512,1.402,0.0,233821.0,30.0,14.0,0
0.102,95.584,35.628,0.066,0.0,3227830.0,4.0,14.0,0.102,90.62,35.516,0.068,0.0,256906.0,103.0,14.278,0.068,93.478,35.094,0.066,0.0,216462.0,64.0,14.706,0.102,94.126,34.622,0.132,0.0,238240.0,44.0,14.334,0.102,93.338,34.512,1.402,0.0,233821.0,30.0,14.0,0.068,93.458,34.79,0.068,0.0,239067.0,4.0,14.694,0
0.102,90.62,35.516,0.068,0.0,256906.0,103.0,14.278,0.068,93.478,35.094,0.066,0.0,216462.0,64.0,14.706,0.102,94.126,34.622,0.132,0.0,238240.0,44.0,14.334,0.102,93.338,34.512,1.402,0.0,233821.0,30.0,14.0,0.068,93.458,34.79,0.068,0.0,239067.0,4.0,14.694,0.102,92.166,36.644,0.066,0.0,229348.0,4.0,14.334,0
0.068,93.478,35.094,0.066,0.0,216462.0,64.0,14.706,0.102,94.126,34.622,0.132,0.0,238240.0,44.0,14.334,0.102,93.338,34.512,1.402,0.0,233821.0,30.0,14.0,0.068,93.458,34.79,0.068,0.0,239067.0,4.0,14.694,0.102,92.166,36.644,0.066,0.0,229348.0,4.0,14.334,0.102,91.584,34.484,0.134,0.0,233914.0,79.0,14.002,0
0.102,94.126,34.622,0.132,0.0,238240.0,44.0,14.334,0.102,93.338,34.512,1.402,0.0,233821.0,30.0,14.0,0.068,93.458,34.79,0.068,0.0,239067.0,4.0,14.694,0.102,92.166,36.644,0.066,0.0,229348.0,4.0,14.334,0.102,91.584,34.484,0.134,0.0,233914.0,79.0,14.002,0.068,94.33,32.91,0.066,0.0,245289.0,83.0,13.716,0
0.102,93.338,34.512,1.402,0.0,233821.0,30.0,14.0,0.068,93.458,34.79,0.068,0.0,239067.0,4.0,14.694,0.102,92.166,36.644,0.066,0.0,229348.0,4.0,14.334,0.102,91.584,34.484,0.134,0.0,233914.0,79.0,14.002,0.068,94.33,32.91,0.066,0.0,245289.0,83.0,13.716,0.102,95.084,35.61,0.066,0.0,3201090.0,3.0,13.962,0
0.068,93.458,34.79,0.068,0.0,239067.0,4.0,14.694,0.102,92.166,36.644,0.066,0.0,229348.0,4.0,14.334,0.102,91.584,34.484,0.134,0.0,233914.0,79.0,14.002,0.068,94.33,32.91,0.066,0.0,245289.0,83.0,13.716,0.102,95.084,35.61,0.066,0.0,3201090.0,3.0,13.962,0.102,93.958,33.404,0.066,0.0,249867.0,21.0,13.998,0
0.102,92.166,36.644,0.066,0.0,229348.0,4.0,14.334,0.102,91.584,34.484,0.134,0.0,233914.0,79.0,14.002,0.068,94.33,32.91,0.066,0.0,245289.0,83.0,13.716,0.102,95.084,35.61,0.066,0.0,3201090.0,3.0,13.962,0.102,93.958,33.404,0.066,0.0,249867.0,21.0,13.998,0.1,94.714,35.374,0.132,0.0,3207780.0,33.0,14.002,0
0.102,91.584,34.484,0.134,0.0,233914.0,79.0,14.002,0.068,94.33,32.91,0.066,0.0,245289.0,83.0,13.716,0.102,95.084,35.61,0.066,0.0,3201090.0,3.0,13.962,0.102,93.958,33.404,0.066,0.0,249867.0,21.0,13.998,0.1,94.714,35.374,0.132,0.0,3207780.0,33.0,14.002,0.102,92.232,35.458,0.066,0.0,241860.0,72.0,14.0,0
0.068,94.33,32.91,0.066,0.0,245289.0,83.0,13.716,0.102,95.084,35.61,0.066,0.0,3201090.0,3.0,13.962,0.102,93.958,33.404,0.066,0.0,249867.0,21.0,13.998,0.1,94.714,35.374,0.132,0.0,3207780.0,33.0,14.002,0.102,92.232,35.458,0.066,0.0,241860.0,72.0,14.0,0.102,95.2,31.784,0.066,0.0,220347.0,87.0,13.332,0
0.102,95.084,35.61,0.066,0.0,3201090.0,3.0,13.962,0.102,93.958,33.404,0.066,0.0,249867.0,21.0,13.998,0.1,94.714,35.374,0.132,0.0,3207780.0,33.0,14.002,0.102,92.232,35.458,0.066,0.0,241860.0,72.0,14.0,0.102,95.2,31.784,0.066,0.0,220347.0,87.0,13.332,0.068,92.458,33.532,0.066,0.0,244003.0,190.0,14.336,0
0.102,93.958,33.404,0.066,0.0,249867.0,21.0,13.998,0.1,94.714,35.374,0.132,0.0,3207780.0,33.0,14.002,0.102,92.232,35.458,0.066,0.0,241860.0,72.0,14.0,0.102,95.2,31.784,0.066,0.0,220347.0,87.0,13.332,0.068,92.458,33.532,0.066,0.0,244003.0,190.0,14.336,0.102,94.444,35.066,0.068,0.0,3223880.0,10.0,13.708,0
0.1,94.714,35.374,0.132,0.0,3207780.0,33.0,14.002,0.102,92.232,35.458,0.066,0.0,241860.0,72.0,14.0,0.102,95.2,31.784,0.066,0.0,220347.0,87.0,13.332,0.068,92.458,33.532,0.066,0.0,244003.0,190.0,14.336,0.102,94.444,35.066,0.068,0.0,3223880.0,10.0,13.708,0.102,86.736,38.49800000000001,0.068,0.0,1046040.0,44.0,13.998,0
0.102,92.232,35.458,0.066,0.0,241860.0,72.0,14.0,0.102,95.2,31.784,0.066,0.0,220347.0,87.0,13.332,0.068,92.458,33.532,0.066,0.0,244003.0,190.0,14.336,0.102,94.444,35.066,0.068,0.0,3223880.0,10.0,13.708,0.102,86.736,38.49800000000001,0.068,0.0,1046040.0,44.0,13.998,0.068,93.072,31.44,0.132,0.0,1477550.0,24.0,13.664,0
0.102,95.2,31.784,0.066,0.0,220347.0,87.0,13.332,0.068,92.458,33.532,0.066,0.0,244003.0,190.0,14.336,0.102,94.444,35.066,0.068,0.0,3223880.0,10.0,13.708,0.102,86.736,38.49800000000001,0.068,0.0,1046040.0,44.0,13.998,0.068,93.072,31.44,0.132,0.0,1477550.0,24.0,13.664,0.1,95.876,35.28800000000001,0.066,0.0,239252.0,32.0,13.666,0
0.068,92.458,33.532,0.066,0.0,244003.0,190.0,14.336,0.102,94.444,35.066,0.068,0.0,3223880.0,10.0,13.708,0.102,86.736,38.49800000000001,0.068,0.0,1046040.0,44.0,13.998,0.068,93.072,31.44,0.132,0.0,1477550.0,24.0,13.664,0.1,95.876,35.28800000000001,0.066,0.0,239252.0,32.0,13.666,0.1,93.994,32.324,0.068,0.0,245477.0,111.0,13.958,0
0.102,94.444,35.066,0.068,0.0,3223880.0,10.0,13.708,0.102,86.736,38.49800000000001,0.068,0.0,1046040.0,44.0,13.998,0.068,93.072,31.44,0.132,0.0,1477550.0,24.0,13.664,0.1,95.876,35.28800000000001,0.066,0.0,239252.0,32.0,13.666,0.1,93.994,32.324,0.068,0.0,245477.0,111.0,13.958,0.068,94.104,35.456,0.066,0.0,233018.0,106.0,13.716,0
0.102,86.736,38.49800000000001,0.068,0.0,1046040.0,44.0,13.998,0.068,93.072,31.44,0.132,0.0,1477550.0,24.0,13.664,0.1,95.876,35.28800000000001,0.066,0.0,239252.0,32.0,13.666,0.1,93.994,32.324,0.068,0.0,245477.0,111.0,13.958,0.068,94.104,35.456,0.066,0.0,233018.0,106.0,13.716,0.102,93.75,37.142,0.134,0.0,3213870.0,49.0,14.306,0
0.068,93.072,31.44,0.132,0.0,1477550.0,24.0,13.664,0.1,95.876,35.28800000000001,0.066,0.0,239252.0,32.0,13.666,0.1,93.994,32.324,0.068,0.0,245477.0,111.0,13.958,0.068,94.104,35.456,0.066,0.0,233018.0,106.0,13.716,0.102,93.75,37.142,0.134,0.0,3213870.0,49.0,14.306,0.068,90.852,34.794000000000004,0.066,0.0,241929.0,56.0,13.332,0
0.1,95.876,35.28800000000001,0.066,0.0,239252.0,32.0,13.666,0.1,93.994,32.324,0.068,0.0,245477.0,111.0,13.958,0.068,94.104,35.456,0.066,0.0,233018.0,106.0,13.716,0.102,93.75,37.142,0.134,0.0,3213870.0,49.0,14.306,0.068,90.852,34.794000000000004,0.066,0.0,241929.0,56.0,13.332,0.102,89.584,36.76,0.066,0.0,3208820.0,79.0,13.618,0
0.1,93.994,32.324,0.068,0.0,245477.0,111.0,13.958,0.068,94.104,35.456,0.066,0.0,233018.0,106.0,13.716,0.102,93.75,37.142,0.134,0.0,3213870.0,49.0,14.306,0.068,90.852,34.794000000000004,0.066,0.0,241929.0,56.0,13.332,0.102,89.584,36.76,0.066,0.0,3208820.0,79.0,13.618,0.066,94.542,34.178000000000004,0.066,0.0,236597.0,42.0,13.666,0
0.068,94.104,35.456,0.066,0.0,233018.0,106.0,13.716,0.102,93.75,37.142,0.134,0.0,3213870.0,49.0,14.306,0.068,90.852,34.794000000000004,0.066,0.0,241929.0,56.0,13.332,0.102,89.584,36.76,0.066,0.0,3208820.0,79.0,13.618,0.066,94.542,34.178000000000004,0.066,0.0,236597.0,42.0,13.666,0.102,91.974,33.436,0.066,0.0,239443.0,112.0,14.0,0
0.102,93.75,37.142,0.134,0.0,3213870.0,49.0,14.306,0.068,90.852,34.794000000000004,0.066,0.0,241929.0,56.0,13.332,0.102,89.584,36.76,0.066,0.0,3208820.0,79.0,13.618,0.066,94.542,34.178000000000004,0.066,0.0,236597.0,42.0,13.666,0.102,91.974,33.436,0.066,0.0,239443.0,112.0,14.0,0.1,93.0,36.114,0.068,0.0,244422.0,21.0,14.0,0
0.068,90.852,34.794000000000004,0.066,0.0,241929.0,56.0,13.332,0.102,89.584,36.76,0.066,0.0,3208820.0,79.0,13.618,0.066,94.542,34.178000000000004,0.066,0.0,236597.0,42.0,13.666,0.102,91.974,33.436,0.066,0.0,239443.0,112.0,14.0,0.1,93.0,36.114,0.068,0.0,244422.0,21.0,14.0,0.068,92.262,34.302,0.066,0.0,225751.0,48.0,13.334,0
0.102,89.584,36.76,0.066,0.0,3208820.0,79.0,13.618,0.066,94.542,34.178000000000004,0.066,0.0,236597.0,42.0,13.666,0.102,91.974,33.436,0.066,0.0,239443.0,112.0,14.0,0.1,93.0,36.114,0.068,0.0,244422.0,21.0,14.0,0.068,92.262,34.302,0.066,0.0,225751.0,48.0,13.334,0.068,93.25,38.968,0.132,0.0,250915.0,48.0,13.998,0
0.066,94.542,34.178000000000004,0.066,0.0,236597.0,42.0,13.666,0.102,91.974,33.436,0.066,0.0,239443.0,112.0,14.0,0.1,93.0,36.114,0.068,0.0,244422.0,21.0,14.0,0.068,92.262,34.302,0.066,0.0,225751.0,48.0,13.334,0.068,93.25,38.968,0.132,0.0,250915.0,48.0,13.998,73.5,93.624,33.098,0.066,59774600.0,223452.0,91.0,14.0,0
0.102,91.974,33.436,0.066,0.0,239443.0,112.0,14.0,0.1,93.0,36.114,0.068,0.0,244422.0,21.0,14.0,0.068,92.262,34.302,0.066,0.0,225751.0,48.0,13.334,0.068,93.25,38.968,0.132,0.0,250915.0,48.0,13.998,73.5,93.624,33.098,0.066,59774600.0,223452.0,91.0,14.0,91.246,93.436,34.226,0.066,89156000.0,248468.0,191.0,14.668,0
0.1,93.0,36.114,0.068,0.0,244422.0,21.0,14.0,0.068,92.262,34.302,0.066,0.0,225751.0,48.0,13.334,0.068,93.25,38.968,0.132,0.0,250915.0,48.0,13.998,73.5,93.624,33.098,0.066,59774600.0,223452.0,91.0,14.0,91.246,93.436,34.226,0.066,89156000.0,248468.0,191.0,14.668,80.80199999999998,92.774,33.812,0.066,668726000.0,223264.0,8.0,13.666,0
0.068,92.262,34.302,0.066,0.0,225751.0,48.0,13.334,0.068,93.25,38.968,0.132,0.0,250915.0,48.0,13.998,73.5,93.624,33.098,0.066,59774600.0,223452.0,91.0,14.0,91.246,93.436,34.226,0.066,89156000.0,248468.0,191.0,14.668,80.80199999999998,92.774,33.812,0.066,668726000.0,223264.0,8.0,13.666,95.67,91.624,35.7,0.134,104690000.0,248395.0,25.0,13.668,0
0.068,93.25,38.968,0.132,0.0,250915.0,48.0,13.998,73.5,93.624,33.098,0.066,59774600.0,223452.0,91.0,14.0,91.246,93.436,34.226,0.066,89156000.0,248468.0,191.0,14.668,80.80199999999998,92.774,33.812,0.066,668726000.0,223264.0,8.0,13.666,95.67,91.624,35.7,0.134,104690000.0,248395.0,25.0,13.668,93.638,93.042,34.058,0.066,88517000.0,3213880.0,93.0,14.332,0
73.5,93.624,33.098,0.066,59774600.0,223452.0,91.0,14.0,91.246,93.436,34.226,0.066,89156000.0,248468.0,191.0,14.668,80.80199999999998,92.774,33.812,0.066,668726000.0,223264.0,8.0,13.666,95.67,91.624,35.7,0.134,104690000.0,248395.0,25.0,13.668,93.638,93.042,34.058,0.066,88517000.0,3213880.0,93.0,14.332,84.766,91.542,35.586,0.066,8364850.0,252731.0,37.0,14.334,0
91.246,93.436,34.226,0.066,89156000.0,248468.0,191.0,14.668,80.80199999999998,92.774,33.812,0.066,668726000.0,223264.0,8.0,13.666,95.67,91.624,35.7,0.134,104690000.0,248395.0,25.0,13.668,93.638,93.042,34.058,0.066,88517000.0,3213880.0,93.0,14.332,84.766,91.542,35.586,0.066,8364850.0,252731.0,37.0,14.334,25.136,93.748,36.338,0.066,2782000.0,3197710.0,24.0,13.336,0
80.80199999999998,92.774,33.812,0.066,668726000.0,223264.0,8.0,13.666,95.67,91.624,35.7,0.134,104690000.0,248395.0,25.0,13.668,93.638,93.042,34.058,0.066,88517000.0,3213880.0,93.0,14.332,84.766,91.542,35.586,0.066,8364850.0,252731.0,37.0,14.334,25.136,93.748,36.338,0.066,2782000.0,3197710.0,24.0,13.336,0.068,93.042,33.192,0.066,0.0,244921.0,35.0,13.666,0
95.67,91.624,35.7,0.134,104690000.0,248395.0,25.0,13.668,93.638,93.042,34.058,0.066,88517000.0,3213880.0,93.0,14.332,84.766,91.542,35.586,0.066,8364850.0,252731.0,37.0,14.334,25.136,93.748,36.338,0.066,2782000.0,3197710.0,24.0,13.336,0.068,93.042,33.192,0.066,0.0,244921.0,35.0,13.666,0.1,92.8,35.14,0.066,0.0,236245.0,45.0,13.994000000000002,0
93.638,93.042,34.058,0.066,88517000.0,3213880.0,93.0,14.332,84.766,91.542,35.586,0.066,8364850.0,252731.0,37.0,14.334,25.136,93.748,36.338,0.066,2782000.0,3197710.0,24.0,13.336,0.068,93.042,33.192,0.066,0.0,244921.0,35.0,13.666,0.1,92.8,35.14,0.066,0.0,236245.0,45.0,13.994000000000002,0.102,90.11,36.666,0.066,0.0,241661.0,11.0,14.056,0
84.766,91.542,35.586,0.066,8364850.0,252731.0,37.0,14.334,25.136,93.748,36.338,0.066,2782000.0,3197710.0,24.0,13.336,0.068,93.042,33.192,0.066,0.0,244921.0,35.0,13.666,0.1,92.8,35.14,0.066,0.0,236245.0,45.0,13.994000000000002,0.102,90.11,36.666,0.066,0.0,241661.0,11.0,14.056,0.068,94.644,33.31,0.134,0.0,239502.0,50.0,14.636,0
25.136,93.748,36.338,0.066,2782000.0,3197710.0,24.0,13.336,0.068,93.042,33.192,0.066,0.0,244921.0,35.0,13.666,0.1,92.8,35.14,0.066,0.0,236245.0,45.0,13.994000000000002,0.102,90.11,36.666,0.066,0.0,241661.0,11.0,14.056,0.068,94.644,33.31,0.134,0.0,239502.0,50.0,14.636,0.102,90.542,35.164,0.066,0.0,226975.0,3.0,14.384,0
0.068,93.042,33.192,0.066,0.0,244921.0,35.0,13.666,0.1,92.8,35.14,0.066,0.0,236245.0,45.0,13.994000000000002,0.102,90.11,36.666,0.066,0.0,241661.0,11.0,14.056,0.068,94.644,33.31,0.134,0.0,239502.0,50.0,14.636,0.102,90.542,35.164,0.066,0.0,226975.0,3.0,14.384,0.068,93.292,34.624,0.066,0.0,236693.0,75.0,13.308,0
0.1,92.8,35.14,0.066,0.0,236245.0,45.0,13.994000000000002,0.102,90.11,36.666,0.066,0.0,241661.0,11.0,14.056,0.068,94.644,33.31,0.134,0.0,239502.0,50.0,14.636,0.102,90.542,35.164,0.066,0.0,226975.0,3.0,14.384,0.068,93.292,34.624,0.066,0.0,236693.0,75.0,13.308,0.102,91.14,32.12,0.066,0.0,227811.0,79.0,14.334,0
0.102,90.11,36.666,0.066,0.0,241661.0,11.0,14.056,0.068,94.644,33.31,0.134,0.0,239502.0,50.0,14.636,0.102,90.542,35.164,0.066,0.0,226975.0,3.0,14.384,0.068,93.292,34.624,0.066,0.0,236693.0,75.0,13.308,0.102,91.14,32.12,0.066,0.0,227811.0,79.0,14.334,0.102,91.126,33.638000000000005,0.068,0.0,252527.0,22.0,13.334,0
0.068,94.644,33.31,0.134,0.0,239502.0,50.0,14.636,0.102,90.542,35.164,0.066,0.0,226975.0,3.0,14.384,0.068,93.292,34.624,0.066,0.0,236693.0,75.0,13.308,0.102,91.14,32.12,0.066,0.0,227811.0,79.0,14.334,0.102,91.126,33.638000000000005,0.068,0.0,252527.0,22.0,13.334,0.068,91.5,35.4,0.132,0.0,246855.0,143.0,14.366,0
0.102,90.542,35.164,0.066,0.0,226975.0,3.0,14.384,0.068,93.292,34.624,0.066,0.0,236693.0,75.0,13.308,0.102,91.14,32.12,0.066,0.0,227811.0,79.0,14.334,0.102,91.126,33.638000000000005,0.068,0.0,252527.0,22.0,13.334,0.068,91.5,35.4,0.132,0.0,246855.0,143.0,14.366,0.102,95.042,33.232,0.066,0.0,3304330.0,24.0,14.0,0
0.068,93.292,34.624,0.066,0.0,236693.0,75.0,13.308,0.102,91.14,32.12,0.066,0.0,227811.0,79.0,14.334,0.102,91.126,33.638000000000005,0.068,0.0,252527.0,22.0,13.334,0.068,91.5,35.4,0.132,0.0,246855.0,143.0,14.366,0.102,95.042,33.232,0.066,0.0,3304330.0,24.0,14.0,0.1,95.712,33.766,0.068,0.0,247814.0,222.0,14.0,0
0.102,91.14,32.12,0.066,0.0,227811.0,79.0,14.334,0.102,91.126,33.638000000000005,0.068,0.0,252527.0,22.0,13.334,0.068,91.5,35.4,0.132,0.0,246855.0,143.0,14.366,0.102,95.042,33.232,0.066,0.0,3304330.0,24.0,14.0,0.1,95.712,33.766,0.068,0.0,247814.0,222.0,14.0,0.102,91.506,40.188,0.066,0.0,3344340.0,57.0,13.668,0
0.102,91.126,33.638000000000005,0.068,0.0,252527.0,22.0,13.334,0.068,91.5,35.4,0.132,0.0,246855.0,143.0,14.366,0.102,95.042,33.232,0.066,0.0,3304330.0,24.0,14.0,0.1,95.712,33.766,0.068,0.0,247814.0,222.0,14.0,0.102,91.506,40.188,0.066,0.0,3344340.0,57.0,13.668,0.2319999999999999,94.9625,29.202,0.066,17203.2,162030.0,10.0,14.0,0
0.068,91.5,35.4,0.132,0.0,246855.0,143.0,14.366,0.102,95.042,33.232,0.066,0.0,3304330.0,24.0,14.0,0.1,95.712,33.766,0.068,0.0,247814.0,222.0,14.0,0.102,91.506,40.188,0.066,0.0,3344340.0,57.0,13.668,0.2319999999999999,94.9625,29.202,0.066,17203.2,162030.0,10.0,14.0,0.1,91.848,33.328,0.134,0.0,231891.0,46.0,13.74,0
0.102,95.042,33.232,0.066,0.0,3304330.0,24.0,14.0,0.1,95.712,33.766,0.068,0.0,247814.0,222.0,14.0,0.102,91.506,40.188,0.066,0.0,3344340.0,57.0,13.668,0.2319999999999999,94.9625,29.202,0.066,17203.2,162030.0,10.0,14.0,0.1,91.848,33.328,0.134,0.0,231891.0,46.0,13.74,0.068,92.416,33.122,0.066,0.0,245066.0,6.0,13.968,0
0.1,95.712,33.766,0.068,0.0,247814.0,222.0,14.0,0.102,91.506,40.188,0.066,0.0,3344340.0,57.0,13.668,0.2319999999999999,94.9625,29.202,0.066,17203.2,162030.0,10.0,14.0,0.1,91.848,33.328,0.134,0.0,231891.0,46.0,13.74,0.068,92.416,33.122,0.066,0.0,245066.0,6.0,13.968,0.1,95.126,37.864,0.068,0.0,215014.0,60.0,13.666,0
0.102,91.506,40.188,0.066,0.0,3344340.0,57.0,13.668,0.2319999999999999,94.9625,29.202,0.066,17203.2,162030.0,10.0,14.0,0.1,91.848,33.328,0.134,0.0,231891.0,46.0,13.74,0.068,92.416,33.122,0.066,0.0,245066.0,6.0,13.968,0.1,95.126,37.864,0.068,0.0,215014.0,60.0,13.666,0.1,93.584,37.77,0.066,0.0,256753.0,30.0,14.0,0
0.2319999999999999,94.9625,29.202,0.066,17203.2,162030.0,10.0,14.0,0.1,91.848,33.328,0.134,0.0,231891.0,46.0,13.74,0.068,92.416,33.122,0.066,0.0,245066.0,6.0,13.968,0.1,95.126,37.864,0.068,0.0,215014.0,60.0,13.666,0.1,93.584,37.77,0.066,0.0,256753.0,30.0,14.0,0.098,93.834,33.276,0.068,0.0,214400.0,17.0,13.33,0
0.1,91.848,33.328,0.134,0.0,231891.0,46.0,13.74,0.068,92.416,33.122,0.066,0.0,245066.0,6.0,13.968,0.1,95.126,37.864,0.068,0.0,215014.0,60.0,13.666,0.1,93.584,37.77,0.066,0.0,256753.0,30.0,14.0,0.098,93.834,33.276,0.068,0.0,214400.0,17.0,13.33,0.102,94.708,32.77,0.066,0.0,252184.0,11.0,14.0,0
0.068,92.416,33.122,0.066,0.0,245066.0,6.0,13.968,0.1,95.126,37.864,0.068,0.0,215014.0,60.0,13.666,0.1,93.584,37.77,0.066,0.0,256753.0,30.0,14.0,0.098,93.834,33.276,0.068,0.0,214400.0,17.0,13.33,0.102,94.708,32.77,0.066,0.0,252184.0,11.0,14.0,0.068,94.5,33.78,0.132,0.0,227100.0,107.0,13.952,0
0.1,95.126,37.864,0.068,0.0,215014.0,60.0,13.666,0.1,93.584,37.77,0.066,0.0,256753.0,30.0,14.0,0.098,93.834,33.276,0.068,0.0,214400.0,17.0,13.33,0.102,94.708,32.77,0.066,0.0,252184.0,11.0,14.0,0.068,94.5,33.78,0.132,0.0,227100.0,107.0,13.952,0.102,93.452,38.0,0.068,0.0,257610.0,120.0,16.0,0
0.1,93.584,37.77,0.066,0.0,256753.0,30.0,14.0,0.098,93.834,33.276,0.068,0.0,214400.0,17.0,13.33,0.102,94.708,32.77,0.066,0.0,252184.0,11.0,14.0,0.068,94.5,33.78,0.132,0.0,227100.0,107.0,13.952,0.102,93.452,38.0,0.068,0.0,257610.0,120.0,16.0,0.1,88.086,31.596,0.066,0.0,3244530.0,4.0,14.0,0
0.098,93.834,33.276,0.068,0.0,214400.0,17.0,13.33,0.102,94.708,32.77,0.066,0.0,252184.0,11.0,14.0,0.068,94.5,33.78,0.132,0.0,227100.0,107.0,13.952,0.102,93.452,38.0,0.068,0.0,257610.0,120.0,16.0,0.1,88.086,31.596,0.066,0.0,3244530.0,4.0,14.0,0.068,91.08,33.78,0.134,0.0,226090.0,150.0,13.344,0
0.102,94.708,32.77,0.066,0.0,252184.0,11.0,14.0,0.068,94.5,33.78,0.132,0.0,227100.0,107.0,13.952,0.102,93.452,38.0,0.068,0.0,257610.0,120.0,16.0,0.1,88.086,31.596,0.066,0.0,3244530.0,4.0,14.0,0.068,91.08,33.78,0.134,0.0,226090.0,150.0,13.344,0.3339999999999999,89.584,36.698,0.066,0.0,3223170.0,90.0,13.668,0
0.068,94.5,33.78,0.132,0.0,227100.0,107.0,13.952,0.102,93.452,38.0,0.068,0.0,257610.0,120.0,16.0,0.1,88.086,31.596,0.066,0.0,3244530.0,4.0,14.0,0.068,91.08,33.78,0.134,0.0,226090.0,150.0,13.344,0.3339999999999999,89.584,36.698,0.066,0.0,3223170.0,90.0,13.668,0.368,91.238,32.85,0.066,0.0,243799.0,52.0,14.0,0
0.102,93.452,38.0,0.068,0.0,257610.0,120.0,16.0,0.1,88.086,31.596,0.066,0.0,3244530.0,4.0,14.0,0.068,91.08,33.78,0.134,0.0,226090.0,150.0,13.344,0.3339999999999999,89.584,36.698,0.066,0.0,3223170.0,90.0,13.668,0.368,91.238,32.85,0.066,0.0,243799.0,52.0,14.0,0.606,91.932,39.136,0.066,267878.0,223899.0,35.0,13.334,0
0.1,88.086,31.596,0.066,0.0,3244530.0,4.0,14.0,0.068,91.08,33.78,0.134,0.0,226090.0,150.0,13.344,0.3339999999999999,89.584,36.698,0.066,0.0,3223170.0,90.0,13.668,0.368,91.238,32.85,0.066,0.0,243799.0,52.0,14.0,0.606,91.932,39.136,0.066,267878.0,223899.0,35.0,13.334,0.3979999999999999,89.458,34.202,0.066,9011.2,242690.0,8.0,14.668,0
0.068,91.08,33.78,0.134,0.0,226090.0,150.0,13.344,0.3339999999999999,89.584,36.698,0.066,0.0,3223170.0,90.0,13.668,0.368,91.238,32.85,0.066,0.0,243799.0,52.0,14.0,0.606,91.932,39.136,0.066,267878.0,223899.0,35.0,13.334,0.3979999999999999,89.458,34.202,0.066,9011.2,242690.0,8.0,14.668,0.102,87.75,34.014,0.066,0.0,243337.0,5.0,14.084,0
0.3339999999999999,89.584,36.698,0.066,0.0,3223170.0,90.0,13.668,0.368,91.238,32.85,0.066,0.0,243799.0,52.0,14.0,0.606,91.932,39.136,0.066,267878.0,223899.0,35.0,13.334,0.3979999999999999,89.458,34.202,0.066,9011.2,242690.0,8.0,14.668,0.102,87.75,34.014,0.066,0.0,243337.0,5.0,14.084,0.5660000000000001,92.666,33.332,0.134,126976.0,237122.0,167.0,13.646,0
0.368,91.238,32.85,0.066,0.0,243799.0,52.0,14.0,0.606,91.932,39.136,0.066,267878.0,223899.0,35.0,13.334,0.3979999999999999,89.458,34.202,0.066,9011.2,242690.0,8.0,14.668,0.102,87.75,34.014,0.066,0.0,243337.0,5.0,14.084,0.5660000000000001,92.666,33.332,0.134,126976.0,237122.0,167.0,13.646,0.3339999999999999,94.5,33.436,0.066,68812.8,244758.0,139.0,13.334,0
0.606,91.932,39.136,0.066,267878.0,223899.0,35.0,13.334,0.3979999999999999,89.458,34.202,0.066,9011.2,242690.0,8.0,14.668,0.102,87.75,34.014,0.066,0.0,243337.0,5.0,14.084,0.5660000000000001,92.666,33.332,0.134,126976.0,237122.0,167.0,13.646,0.3339999999999999,94.5,33.436,0.066,68812.8,244758.0,139.0,13.334,0.4679999999999999,92.162,35.434,0.068,107315.0,234992.0,54.0,14.0,0
0.3979999999999999,89.458,34.202,0.066,9011.2,242690.0,8.0,14.668,0.102,87.75,34.014,0.066,0.0,243337.0,5.0,14.084,0.5660000000000001,92.666,33.332,0.134,126976.0,237122.0,167.0,13.646,0.3339999999999999,94.5,33.436,0.066,68812.8,244758.0,139.0,13.334,0.4679999999999999,92.162,35.434,0.068,107315.0,234992.0,54.0,14.0,8.632,92.648,31.942,0.066,288358.0,245196.0,3.0,13.0,0
0.102,87.75,34.014,0.066,0.0,243337.0,5.0,14.084,0.5660000000000001,92.666,33.332,0.134,126976.0,237122.0,167.0,13.646,0.3339999999999999,94.5,33.436,0.066,68812.8,244758.0,139.0,13.334,0.4679999999999999,92.162,35.434,0.068,107315.0,234992.0,54.0,14.0,8.632,92.648,31.942,0.066,288358.0,245196.0,3.0,13.0,29.808000000000003,94.352,37.936,0.132,1947240.0,235424.0,102.0,13.666,1
0.5660000000000001,92.666,33.332,0.134,126976.0,237122.0,167.0,13.646,0.3339999999999999,94.5,33.436,0.066,68812.8,244758.0,139.0,13.334,0.4679999999999999,92.162,35.434,0.068,107315.0,234992.0,54.0,14.0,8.632,92.648,31.942,0.066,288358.0,245196.0,3.0,13.0,29.808000000000003,94.352,37.936,0.132,1947240.0,235424.0,102.0,13.666,35.532,92.916,33.99,0.068,2140570.0,3235630.0,12.0,14.334,1
0.3339999999999999,94.5,33.436,0.066,68812.8,244758.0,139.0,13.334,0.4679999999999999,92.162,35.434,0.068,107315.0,234992.0,54.0,14.0,8.632,92.648,31.942,0.066,288358.0,245196.0,3.0,13.0,29.808000000000003,94.352,37.936,0.132,1947240.0,235424.0,102.0,13.666,35.532,92.916,33.99,0.068,2140570.0,3235630.0,12.0,14.334,40.48,90.874,36.83,0.066,2173340.0,230811.0,17.0,13.666,1
0.4679999999999999,92.162,35.434,0.068,107315.0,234992.0,54.0,14.0,8.632,92.648,31.942,0.066,288358.0,245196.0,3.0,13.0,29.808000000000003,94.352,37.936,0.132,1947240.0,235424.0,102.0,13.666,35.532,92.916,33.99,0.068,2140570.0,3235630.0,12.0,14.334,40.48,90.874,36.83,0.066,2173340.0,230811.0,17.0,13.666,0.1,92.334,34.422,0.068,0.0,3222420.0,66.0,14.29,1
8.632,92.648,31.942,0.066,288358.0,245196.0,3.0,13.0,29.808000000000003,94.352,37.936,0.132,1947240.0,235424.0,102.0,13.666,35.532,92.916,33.99,0.068,2140570.0,3235630.0,12.0,14.334,40.48,90.874,36.83,0.066,2173340.0,230811.0,17.0,13.666,0.1,92.334,34.422,0.068,0.0,3222420.0,66.0,14.29,0.266,93.75,33.812,0.066,15564.8,248917.0,94.0,14.0,1
29.808000000000003,94.352,37.936,0.132,1947240.0,235424.0,102.0,13.666,35.532,92.916,33.99,0.068,2140570.0,3235630.0,12.0,14.334,40.48,90.874,36.83,0.066,2173340.0,230811.0,17.0,13.666,0.1,92.334,34.422,0.068,0.0,3222420.0,66.0,14.29,0.266,93.75,33.812,0.066,15564.8,248917.0,94.0,14.0,0.302,93.77,35.328,0.066,68812.8,231741.0,6.0,13.386,1
35.532,92.916,33.99,0.068,2140570.0,3235630.0,12.0,14.334,40.48,90.874,36.83,0.066,2173340.0,230811.0,17.0,13.666,0.1,92.334,34.422,0.068,0.0,3222420.0,66.0,14.29,0.266,93.75,33.812,0.066,15564.8,248917.0,94.0,14.0,0.302,93.77,35.328,0.066,68812.8,231741.0,6.0,13.386,38.002,93.48,31.996,0.134,2184810.0,249645.0,102.0,14.0,1
40.48,90.874,36.83,0.066,2173340.0,230811.0,17.0,13.666,0.1,92.334,34.422,0.068,0.0,3222420.0,66.0,14.29,0.266,93.75,33.812,0.066,15564.8,248917.0,94.0,14.0,0.302,93.77,35.328,0.066,68812.8,231741.0,6.0,13.386,38.002,93.48,31.996,0.134,2184810.0,249645.0,102.0,14.0,0.098,94.22,33.802,0.066,0.0,232232.0,82.0,13.658,1
0.1,92.334,34.422,0.068,0.0,3222420.0,66.0,14.29,0.266,93.75,33.812,0.066,15564.8,248917.0,94.0,14.0,0.302,93.77,35.328,0.066,68812.8,231741.0,6.0,13.386,38.002,93.48,31.996,0.134,2184810.0,249645.0,102.0,14.0,0.098,94.22,33.802,0.066,0.0,232232.0,82.0,13.658,0.068,94.014,34.394,0.066,0.0,250527.0,45.0,13.318,1
0.266,93.75,33.812,0.066,15564.8,248917.0,94.0,14.0,0.302,93.77,35.328,0.066,68812.8,231741.0,6.0,13.386,38.002,93.48,31.996,0.134,2184810.0,249645.0,102.0,14.0,0.098,94.22,33.802,0.066,0.0,232232.0,82.0,13.658,0.068,94.014,34.394,0.066,0.0,250527.0,45.0,13.318,0.102,94.666,34.586,0.066,0.0,236964.0,8.0,13.666,1
0.302,93.77,35.328,0.066,68812.8,231741.0,6.0,13.386,38.002,93.48,31.996,0.134,2184810.0,249645.0,102.0,14.0,0.098,94.22,33.802,0.066,0.0,232232.0,82.0,13.658,0.068,94.014,34.394,0.066,0.0,250527.0,45.0,13.318,0.102,94.666,34.586,0.066,0.0,236964.0,8.0,13.666,0.102,94.516,34.402,0.066,0.0,239944.0,3.0,13.34,1
38.002,93.48,31.996,0.134,2184810.0,249645.0,102.0,14.0,0.098,94.22,33.802,0.066,0.0,232232.0,82.0,13.658,0.068,94.014,34.394,0.066,0.0,250527.0,45.0,13.318,0.102,94.666,34.586,0.066,0.0,236964.0,8.0,13.666,0.102,94.516,34.402,0.066,0.0,239944.0,3.0,13.34,0.068,96.75,37.3,0.066,0.0,225171.0,107.0,13.334,1
0.098,94.22,33.802,0.066,0.0,232232.0,82.0,13.658,0.068,94.014,34.394,0.066,0.0,250527.0,45.0,13.318,0.102,94.666,34.586,0.066,0.0,236964.0,8.0,13.666,0.102,94.516,34.402,0.066,0.0,239944.0,3.0,13.34,0.068,96.75,37.3,0.066,0.0,225171.0,107.0,13.334,0.1,93.834,34.474000000000004,0.134,0.0,258593.0,15.0,13.666,1
0.068,94.014,34.394,0.066,0.0,250527.0,45.0,13.318,0.102,94.666,34.586,0.066,0.0,236964.0,8.0,13.666,0.102,94.516,34.402,0.066,0.0,239944.0,3.0,13.34,0.068,96.75,37.3,0.066,0.0,225171.0,107.0,13.334,0.1,93.834,34.474000000000004,0.134,0.0,258593.0,15.0,13.666,0.102,91.666,33.098,0.066,0.0,3208930.0,9.0,12.998,1
0.102,94.666,34.586,0.066,0.0,236964.0,8.0,13.666,0.102,94.516,34.402,0.066,0.0,239944.0,3.0,13.34,0.068,96.75,37.3,0.066,0.0,225171.0,107.0,13.334,0.1,93.834,34.474000000000004,0.134,0.0,258593.0,15.0,13.666,0.102,91.666,33.098,0.066,0.0,3208930.0,9.0,12.998,0.1,90.8,35.47,0.068,0.0,234706.0,1.0,14.332,1
0.102,94.516,34.402,0.066,0.0,239944.0,3.0,13.34,0.068,96.75,37.3,0.066,0.0,225171.0,107.0,13.334,0.1,93.834,34.474000000000004,0.134,0.0,258593.0,15.0,13.666,0.102,91.666,33.098,0.066,0.0,3208930.0,9.0,12.998,0.1,90.8,35.47,0.068,0.0,234706.0,1.0,14.332,0.068,96.042,39.342,0.066,0.0,3233600.0,61.0,13.668,1
0.068,96.75,37.3,0.066,0.0,225171.0,107.0,13.334,0.1,93.834,34.474000000000004,0.134,0.0,258593.0,15.0,13.666,0.102,91.666,33.098,0.066,0.0,3208930.0,9.0,12.998,0.1,90.8,35.47,0.068,0.0,234706.0,1.0,14.332,0.068,96.042,39.342,0.066,0.0,3233600.0,61.0,13.668,0.1,85.42200000000003,34.86,0.134,0.0,240440.0,50.0,13.666,1
0.1,93.834,34.474000000000004,0.134,0.0,258593.0,15.0,13.666,0.102,91.666,33.098,0.066,0.0,3208930.0,9.0,12.998,0.1,90.8,35.47,0.068,0.0,234706.0,1.0,14.332,0.068,96.042,39.342,0.066,0.0,3233600.0,61.0,13.668,0.1,85.42200000000003,34.86,0.134,0.0,240440.0,50.0,13.666,0.1,91.73,34.546,0.068,0.0,248880.0,86.0,13.332,1
0.102,91.666,33.098,0.066,0.0,3208930.0,9.0,12.998,0.1,90.8,35.47,0.068,0.0,234706.0,1.0,14.332,0.068,96.042,39.342,0.066,0.0,3233600.0,61.0,13.668,0.1,85.42200000000003,34.86,0.134,0.0,240440.0,50.0,13.666,0.1,91.73,34.546,0.068,0.0,248880.0,86.0,13.332,0.068,90.61,33.322,0.066,0.0,230407.0,69.0,13.322,1
0.1,90.8,35.47,0.068,0.0,234706.0,1.0,14.332,0.068,96.042,39.342,0.066,0.0,3233600.0,61.0,13.668,0.1,85.42200000000003,34.86,0.134,0.0,240440.0,50.0,13.666,0.1,91.73,34.546,0.068,0.0,248880.0,86.0,13.332,0.068,90.61,33.322,0.066,0.0,230407.0,69.0,13.322,0.1,90.25,33.05,0.066,0.0,251796.0,5.0,13.668,1
0.068,96.042,39.342,0.066,0.0,3233600.0,61.0,13.668,0.1,85.42200000000003,34.86,0.134,0.0,240440.0,50.0,13.666,0.1,91.73,34.546,0.068,0.0,248880.0,86.0,13.332,0.068,90.61,33.322,0.066,0.0,230407.0,69.0,13.322,0.1,90.25,33.05,0.066,0.0,251796.0,5.0,13.668,0.066,90.03399999999998,32.09,0.066,0.0,232703.0,59.0,14.0,1
0.1,85.42200000000003,34.86,0.134,0.0,240440.0,50.0,13.666,0.1,91.73,34.546,0.068,0.0,248880.0,86.0,13.332,0.068,90.61,33.322,0.066,0.0,230407.0,69.0,13.322,0.1,90.25,33.05,0.066,0.0,251796.0,5.0,13.668,0.066,90.03399999999998,32.09,0.066,0.0,232703.0,59.0,14.0,0.2319999999999999,89.33200000000002,33.344,0.204,3276.8,249573.0,34.0,13.332,1
0.1,91.73,34.546,0.068,0.0,248880.0,86.0,13.332,0.068,90.61,33.322,0.066,0.0,230407.0,69.0,13.322,0.1,90.25,33.05,0.066,0.0,251796.0,5.0,13.668,0.066,90.03399999999998,32.09,0.066,0.0,232703.0,59.0,14.0,0.2319999999999999,89.33200000000002,33.344,0.204,3276.8,249573.0,34.0,13.332,27.686,91.766,34.088,0.066,2235600.0,217737.0,95.0,14.0,1
0.068,90.61,33.322,0.066,0.0,230407.0,69.0,13.322,0.1,90.25,33.05,0.066,0.0,251796.0,5.0,13.668,0.066,90.03399999999998,32.09,0.066,0.0,232703.0,59.0,14.0,0.2319999999999999,89.33200000000002,33.344,0.204,3276.8,249573.0,34.0,13.332,27.686,91.766,34.088,0.066,2235600.0,217737.0,95.0,14.0,37.3,94.084,34.062,0.066,2288030.0,239745.0,80.0,13.286,1
0.1,90.25,33.05,0.066,0.0,251796.0,5.0,13.668,0.066,90.03399999999998,32.09,0.066,0.0,232703.0,59.0,14.0,0.2319999999999999,89.33200000000002,33.344,0.204,3276.8,249573.0,34.0,13.332,27.686,91.766,34.088,0.066,2235600.0,217737.0,95.0,14.0,37.3,94.084,34.062,0.066,2288030.0,239745.0,80.0,13.286,16.914,91.6525,38.216,0.066,44236.8,4119680.0,146.0,12.998,1
0.066,90.03399999999998,32.09,0.066,0.0,232703.0,59.0,14.0,0.2319999999999999,89.33200000000002,33.344,0.204,3276.8,249573.0,34.0,13.332,27.686,91.766,34.088,0.066,2235600.0,217737.0,95.0,14.0,37.3,94.084,34.062,0.066,2288030.0,239745.0,80.0,13.286,16.914,91.6525,38.216,0.066,44236.8,4119680.0,146.0,12.998,70.166,93.75,30.54,0.134,93388.8,226480.0,72.0,13.666,1
0.2319999999999999,89.33200000000002,33.344,0.204,3276.8,249573.0,34.0,13.332,27.686,91.766,34.088,0.066,2235600.0,217737.0,95.0,14.0,37.3,94.084,34.062,0.066,2288030.0,239745.0,80.0,13.286,16.914,91.6525,38.216,0.066,44236.8,4119680.0,146.0,12.998,70.166,93.75,30.54,0.134,93388.8,226480.0,72.0,13.666,91.304,93.718,33.356,0.066,10630800.0,251084.0,44.0,13.666,1
27.686,91.766,34.088,0.066,2235600.0,217737.0,95.0,14.0,37.3,94.084,34.062,0.066,2288030.0,239745.0,80.0,13.286,16.914,91.6525,38.216,0.066,44236.8,4119680.0,146.0,12.998,70.166,93.75,30.54,0.134,93388.8,226480.0,72.0,13.666,91.304,93.718,33.356,0.066,10630800.0,251084.0,44.0,13.666,48.076,94.112,39.154,0.066,10720900.0,3206870.0,105.0,13.334,1
37.3,94.084,34.062,0.066,2288030.0,239745.0,80.0,13.286,16.914,91.6525,38.216,0.066,44236.8,4119680.0,146.0,12.998,70.166,93.75,30.54,0.134,93388.8,226480.0,72.0,13.666,91.304,93.718,33.356,0.066,10630800.0,251084.0,44.0,13.666,48.076,94.112,39.154,0.066,10720900.0,3206870.0,105.0,13.334,28.448,93.466,33.356,0.066,1681000.0,240960.0,68.0,13.69,1
16.914,91.6525,38.216,0.066,44236.8,4119680.0,146.0,12.998,70.166,93.75,30.54,0.134,93388.8,226480.0,72.0,13.666,91.304,93.718,33.356,0.066,10630800.0,251084.0,44.0,13.666,48.076,94.112,39.154,0.066,10720900.0,3206870.0,105.0,13.334,28.448,93.466,33.356,0.066,1681000.0,240960.0,68.0,13.69,20.548,95.416,34.158,0.066,1059230.0,238029.0,40.0,13.286,1
70.166,93.75,30.54,0.134,93388.8,226480.0,72.0,13.666,91.304,93.718,33.356,0.066,10630800.0,251084.0,44.0,13.666,48.076,94.112,39.154,0.066,10720900.0,3206870.0,105.0,13.334,28.448,93.466,33.356,0.066,1681000.0,240960.0,68.0,13.69,20.548,95.416,34.158,0.066,1059230.0,238029.0,40.0,13.286,38.018,94.5,34.604,0.066,2193000.0,248519.0,14.0,14.334,1
91.304,93.718,33.356,0.066,10630800.0,251084.0,44.0,13.666,48.076,94.112,39.154,0.066,10720900.0,3206870.0,105.0,13.334,28.448,93.466,33.356,0.066,1681000.0,240960.0,68.0,13.69,20.548,95.416,34.158,0.066,1059230.0,238029.0,40.0,13.286,38.018,94.5,34.604,0.066,2193000.0,248519.0,14.0,14.334,0.266,96.674,33.064,0.134,18022.4,236986.0,6.0,12.99,1
48.076,94.112,39.154,0.066,10720900.0,3206870.0,105.0,13.334,28.448,93.466,33.356,0.066,1681000.0,240960.0,68.0,13.69,20.548,95.416,34.158,0.066,1059230.0,238029.0,40.0,13.286,38.018,94.5,34.604,0.066,2193000.0,248519.0,14.0,14.334,0.266,96.674,33.064,0.134,18022.4,236986.0,6.0,12.99,37.834,91.166,34.226,0.066,2155320.0,235833.0,79.0,13.308,1
28.448,93.466,33.356,0.066,1681000.0,240960.0,68.0,13.69,20.548,95.416,34.158,0.066,1059230.0,238029.0,40.0,13.286,38.018,94.5,34.604,0.066,2193000.0,248519.0,14.0,14.334,0.266,96.674,33.064,0.134,18022.4,236986.0,6.0,12.99,37.834,91.166,34.226,0.066,2155320.0,235833.0,79.0,13.308,38.666,93.678,34.718,0.066,2176610.0,241185.0,183.0,13.332,1
20.548,95.416,34.158,0.066,1059230.0,238029.0,40.0,13.286,38.018,94.5,34.604,0.066,2193000.0,248519.0,14.0,14.334,0.266,96.674,33.064,0.134,18022.4,236986.0,6.0,12.99,37.834,91.166,34.226,0.066,2155320.0,235833.0,79.0,13.308,38.666,93.678,34.718,0.066,2176610.0,241185.0,183.0,13.332,35.904,93.55,28.572,0.066,2174980.0,233637.0,138.0,13.666,1
38.018,94.5,34.604,0.066,2193000.0,248519.0,14.0,14.334,0.266,96.674,33.064,0.134,18022.4,236986.0,6.0,12.99,37.834,91.166,34.226,0.066,2155320.0,235833.0,79.0,13.308,38.666,93.678,34.718,0.066,2176610.0,241185.0,183.0,13.332,35.904,93.55,28.572,0.066,2174980.0,233637.0,138.0,13.666,2.0340000000000003,93.374,37.464,0.068,31948.8,235894.0,119.0,13.022,1
0.266,96.674,33.064,0.134,18022.4,236986.0,6.0,12.99,37.834,91.166,34.226,0.066,2155320.0,235833.0,79.0,13.308,38.666,93.678,34.718,0.066,2176610.0,241185.0,183.0,13.332,35.904,93.55,28.572,0.066,2174980.0,233637.0,138.0,13.666,2.0340000000000003,93.374,37.464,0.068,31948.8,235894.0,119.0,13.022,0.068,95.554,31.822,0.134,0.0,3239200.0,255.0,13.952,1
37.834,91.166,34.226,0.066,2155320.0,235833.0,79.0,13.308,38.666,93.678,34.718,0.066,2176610.0,241185.0,183.0,13.332,35.904,93.55,28.572,0.066,2174980.0,233637.0,138.0,13.666,2.0340000000000003,93.374,37.464,0.068,31948.8,235894.0,119.0,13.022,0.068,95.554,31.822,0.134,0.0,3239200.0,255.0,13.952,0.102,94.292,34.24,0.066,0.0,249254.0,74.0,12.992,1
38.666,93.678,34.718,0.066,2176610.0,241185.0,183.0,13.332,35.904,93.55,28.572,0.066,2174980.0,233637.0,138.0,13.666,2.0340000000000003,93.374,37.464,0.068,31948.8,235894.0,119.0,13.022,0.068,95.554,31.822,0.134,0.0,3239200.0,255.0,13.952,0.102,94.292,34.24,0.066,0.0,249254.0,74.0,12.992,0.1,90.164,37.718,0.066,0.0,3226810.0,35.0,13.704,1
35.904,93.55,28.572,0.066,2174980.0,233637.0,138.0,13.666,2.0340000000000003,93.374,37.464,0.068,31948.8,235894.0,119.0,13.022,0.068,95.554,31.822,0.134,0.0,3239200.0,255.0,13.952,0.102,94.292,34.24,0.066,0.0,249254.0,74.0,12.992,0.1,90.164,37.718,0.066,0.0,3226810.0,35.0,13.704,0.068,88.75,34.6,0.134,0.0,219341.0,12.0,13.666,1
2.0340000000000003,93.374,37.464,0.068,31948.8,235894.0,119.0,13.022,0.068,95.554,31.822,0.134,0.0,3239200.0,255.0,13.952,0.102,94.292,34.24,0.066,0.0,249254.0,74.0,12.992,0.1,90.164,37.718,0.066,0.0,3226810.0,35.0,13.704,0.068,88.75,34.6,0.134,0.0,219341.0,12.0,13.666,0.102,92.458,33.616,0.066,0.0,250379.0,68.0,13.38,1
0.068,95.554,31.822,0.134,0.0,3239200.0,255.0,13.952,0.102,94.292,34.24,0.066,0.0,249254.0,74.0,12.992,0.1,90.164,37.718,0.066,0.0,3226810.0,35.0,13.704,0.068,88.75,34.6,0.134,0.0,219341.0,12.0,13.666,0.102,92.458,33.616,0.066,0.0,250379.0,68.0,13.38,16.634,96.21,33.544000000000004,0.066,1341030.0,243888.0,1.0,14.316,1
0.102,94.292,34.24,0.066,0.0,249254.0,74.0,12.992,0.1,90.164,37.718,0.066,0.0,3226810.0,35.0,13.704,0.068,88.75,34.6,0.134,0.0,219341.0,12.0,13.666,0.102,92.458,33.616,0.066,0.0,250379.0,68.0,13.38,16.634,96.21,33.544000000000004,0.066,1341030.0,243888.0,1.0,14.316,22.5,91.646,35.424,0.066,789709.0,231633.0,98.0,14.0,1
0.1,90.164,37.718,0.066,0.0,3226810.0,35.0,13.704,0.068,88.75,34.6,0.134,0.0,219341.0,12.0,13.666,0.102,92.458,33.616,0.066,0.0,250379.0,68.0,13.38,16.634,96.21,33.544000000000004,0.066,1341030.0,243888.0,1.0,14.316,22.5,91.646,35.424,0.066,789709.0,231633.0,98.0,14.0,38.162,94.792,32.032,0.066,2095510.0,229597.0,21.0,14.0,1
0.068,88.75,34.6,0.134,0.0,219341.0,12.0,13.666,0.102,92.458,33.616,0.066,0.0,250379.0,68.0,13.38,16.634,96.21,33.544000000000004,0.066,1341030.0,243888.0,1.0,14.316,22.5,91.646,35.424,0.066,789709.0,231633.0,98.0,14.0,38.162,94.792,32.032,0.066,2095510.0,229597.0,21.0,14.0,23.044,92.534,33.756,0.134,1780120.0,249854.0,67.0,14.332,1
0.102,92.458,33.616,0.066,0.0,250379.0,68.0,13.38,16.634,96.21,33.544000000000004,0.066,1341030.0,243888.0,1.0,14.316,22.5,91.646,35.424,0.066,789709.0,231633.0,98.0,14.0,38.162,94.792,32.032,0.066,2095510.0,229597.0,21.0,14.0,23.044,92.534,33.756,0.134,1780120.0,249854.0,67.0,14.332,15.468,89.084,33.31,0.066,345702.0,226666.0,176.0,13.332,1
16.634,96.21,33.544000000000004,0.066,1341030.0,243888.0,1.0,14.316,22.5,91.646,35.424,0.066,789709.0,231633.0,98.0,14.0,38.162,94.792,32.032,0.066,2095510.0,229597.0,21.0,14.0,23.044,92.534,33.756,0.134,1780120.0,249854.0,67.0,14.332,15.468,89.084,33.31,0.066,345702.0,226666.0,176.0,13.332,74.414,91.75,33.492,0.066,59528000.0,235965.0,199.0,13.99,1
22.5,91.646,35.424,0.066,789709.0,231633.0,98.0,14.0,38.162,94.792,32.032,0.066,2095510.0,229597.0,21.0,14.0,23.044,92.534,33.756,0.134,1780120.0,249854.0,67.0,14.332,15.468,89.084,33.31,0.066,345702.0,226666.0,176.0,13.332,74.414,91.75,33.492,0.066,59528000.0,235965.0,199.0,13.99,98.8,92.75,36.362,0.066,72369800.0,253658.0,120.0,13.714,1
38.162,94.792,32.032,0.066,2095510.0,229597.0,21.0,14.0,23.044,92.534,33.756,0.134,1780120.0,249854.0,67.0,14.332,15.468,89.084,33.31,0.066,345702.0,226666.0,176.0,13.332,74.414,91.75,33.492,0.066,59528000.0,235965.0,199.0,13.99,98.8,92.75,36.362,0.066,72369800.0,253658.0,120.0,13.714,83.538,89.568,32.206,0.134,209405000.0,3230240.0,63.0,13.962,1
23.044,92.534,33.756,0.134,1780120.0,249854.0,67.0,14.332,15.468,89.084,33.31,0.066,345702.0,226666.0,176.0,13.332,74.414,91.75,33.492,0.066,59528000.0,235965.0,199.0,13.99,98.8,92.75,36.362,0.066,72369800.0,253658.0,120.0,13.714,83.538,89.568,32.206,0.134,209405000.0,3230240.0,63.0,13.962,61.812,90.658,36.62,0.066,323628000.0,254252.0,182.0,13.334,1
15.468,89.084,33.31,0.066,345702.0,226666.0,176.0,13.332,74.414,91.75,33.492,0.066,59528000.0,235965.0,199.0,13.99,98.8,92.75,36.362,0.066,72369800.0,253658.0,120.0,13.714,83.538,89.568,32.206,0.134,209405000.0,3230240.0,63.0,13.962,61.812,90.658,36.62,0.066,323628000.0,254252.0,182.0,13.334,38.432,88.024,32.132,0.068,2179890.0,3208580.0,166.0,14.0,1
74.414,91.75,33.492,0.066,59528000.0,235965.0,199.0,13.99,98.8,92.75,36.362,0.066,72369800.0,253658.0,120.0,13.714,83.538,89.568,32.206,0.134,209405000.0,3230240.0,63.0,13.962,61.812,90.658,36.62,0.066,323628000.0,254252.0,182.0,13.334,38.432,88.024,32.132,0.068,2179890.0,3208580.0,166.0,14.0,16.887999999999998,91.542,34.226,0.066,1457360.0,248958.0,104.0,13.024,1
98.8,92.75,36.362,0.066,72369800.0,253658.0,120.0,13.714,83.538,89.568,32.206,0.134,209405000.0,3230240.0,63.0,13.962,61.812,90.658,36.62,0.066,323628000.0,254252.0,182.0,13.334,38.432,88.024,32.132,0.068,2179890.0,3208580.0,166.0,14.0,16.887999999999998,91.542,34.226,0.066,1457360.0,248958.0,104.0,13.024,57.0,94.25,33.968,0.066,7920030.0,226541.0,141.0,14.306,1
83.538,89.568,32.206,0.134,209405000.0,3230240.0,63.0,13.962,61.812,90.658,36.62,0.066,323628000.0,254252.0,182.0,13.334,38.432,88.024,32.132,0.068,2179890.0,3208580.0,166.0,14.0,16.887999999999998,91.542,34.226,0.066,1457360.0,248958.0,104.0,13.024,57.0,94.25,33.968,0.066,7920030.0,226541.0,141.0,14.306,99.504,94.124,36.62,0.134,104400000.0,240359.0,60.0,13.34,1
61.812,90.658,36.62,0.066,323628000.0,254252.0,182.0,13.334,38.432,88.024,32.132,0.068,2179890.0,3208580.0,166.0,14.0,16.887999999999998,91.542,34.226,0.066,1457360.0,248958.0,104.0,13.024,57.0,94.25,33.968,0.066,7920030.0,226541.0,141.0,14.306,99.504,94.124,36.62,0.134,104400000.0,240359.0,60.0,13.34,96.466,91.708,36.564,0.066,40586400.0,236906.0,9.0,13.974,1
38.432,88.024,32.132,0.068,2179890.0,3208580.0,166.0,14.0,16.887999999999998,91.542,34.226,0.066,1457360.0,248958.0,104.0,13.024,57.0,94.25,33.968,0.066,7920030.0,226541.0,141.0,14.306,99.504,94.124,36.62,0.134,104400000.0,240359.0,60.0,13.34,96.466,91.708,36.564,0.066,40586400.0,236906.0,9.0,13.974,60.3,92.584,35.022,0.066,127318000.0,247200.0,64.0,14.04,1
16.887999999999998,91.542,34.226,0.066,1457360.0,248958.0,104.0,13.024,57.0,94.25,33.968,0.066,7920030.0,226541.0,141.0,14.306,99.504,94.124,36.62,0.134,104400000.0,240359.0,60.0,13.34,96.466,91.708,36.564,0.066,40586400.0,236906.0,9.0,13.974,60.3,92.584,35.022,0.066,127318000.0,247200.0,64.0,14.04,33.702,92.638,32.248000000000005,0.066,415432000.0,244932.0,51.0,14.0,1
57.0,94.25,33.968,0.066,7920030.0,226541.0,141.0,14.306,99.504,94.124,36.62,0.134,104400000.0,240359.0,60.0,13.34,96.466,91.708,36.564,0.066,40586400.0,236906.0,9.0,13.974,60.3,92.584,35.022,0.066,127318000.0,247200.0,64.0,14.04,33.702,92.638,32.248000000000005,0.066,415432000.0,244932.0,51.0,14.0,1.418,93.794,34.148,0.066,0.0,249894.0,84.0,13.962,1
99.504,94.124,36.62,0.134,104400000.0,240359.0,60.0,13.34,96.466,91.708,36.564,0.066,40586400.0,236906.0,9.0,13.974,60.3,92.584,35.022,0.066,127318000.0,247200.0,64.0,14.04,33.702,92.638,32.248000000000005,0.066,415432000.0,244932.0,51.0,14.0,1.418,93.794,34.148,0.066,0.0,249894.0,84.0,13.962,0.3339999999999999,96.514,33.17,0.066,57344.0,226273.0,27.0,14.0,1
96.466,91.708,36.564,0.066,40586400.0,236906.0,9.0,13.974,60.3,92.584,35.022,0.066,127318000.0,247200.0,64.0,14.04,33.702,92.638,32.248000000000005,0.066,415432000.0,244932.0,51.0,14.0,1.418,93.794,34.148,0.066,0.0,249894.0,84.0,13.962,0.3339999999999999,96.514,33.17,0.066,57344.0,226273.0,27.0,14.0,8.298,95.202,35.986,0.134,156388000.0,236794.0,185.0,13.332,1
60.3,92.584,35.022,0.066,127318000.0,247200.0,64.0,14.04,33.702,92.638,32.248000000000005,0.066,415432000.0,244932.0,51.0,14.0,1.418,93.794,34.148,0.066,0.0,249894.0,84.0,13.962,0.3339999999999999,96.514,33.17,0.066,57344.0,226273.0,27.0,14.0,8.298,95.202,35.986,0.134,156388000.0,236794.0,185.0,13.332,74.884,96.188,33.38,0.066,723771000.0,3234110.0,76.0,14.364,1
33.702,92.638,32.248000000000005,0.066,415432000.0,244932.0,51.0,14.0,1.418,93.794,34.148,0.066,0.0,249894.0,84.0,13.962,0.3339999999999999,96.514,33.17,0.066,57344.0,226273.0,27.0,14.0,8.298,95.202,35.986,0.134,156388000.0,236794.0,185.0,13.332,74.884,96.188,33.38,0.066,723771000.0,3234110.0,76.0,14.364,1.298,89.3,35.144,0.066,5173250.0,255988.0,92.0,12.65,1
1.418,93.794,34.148,0.066,0.0,249894.0,84.0,13.962,0.3339999999999999,96.514,33.17,0.066,57344.0,226273.0,27.0,14.0,8.298,95.202,35.986,0.134,156388000.0,236794.0,185.0,13.332,74.884,96.188,33.38,0.066,723771000.0,3234110.0,76.0,14.364,1.298,89.3,35.144,0.066,5173250.0,255988.0,92.0,12.65,0.102,90.746,36.714,0.134,0.0,3226730.0,97.0,13.33,1
0.3339999999999999,96.514,33.17,0.066,57344.0,226273.0,27.0,14.0,8.298,95.202,35.986,0.134,156388000.0,236794.0,185.0,13.332,74.884,96.188,33.38,0.066,723771000.0,3234110.0,76.0,14.364,1.298,89.3,35.144,0.066,5173250.0,255988.0,92.0,12.65,0.102,90.746,36.714,0.134,0.0,3226730.0,97.0,13.33,0.136,88.25,31.784,0.066,0.0,224082.0,26.0,13.35,1
8.298,95.202,35.986,0.134,156388000.0,236794.0,185.0,13.332,74.884,96.188,33.38,0.066,723771000.0,3234110.0,76.0,14.364,1.298,89.3,35.144,0.066,5173250.0,255988.0,92.0,12.65,0.102,90.746,36.714,0.134,0.0,3226730.0,97.0,13.33,0.136,88.25,31.784,0.066,0.0,224082.0,26.0,13.35,0.066,88.834,33.686,0.066,0.0,247132.0,168.0,13.998,1
74.884,96.188,33.38,0.066,723771000.0,3234110.0,76.0,14.364,1.298,89.3,35.144,0.066,5173250.0,255988.0,92.0,12.65,0.102,90.746,36.714,0.134,0.0,3226730.0,97.0,13.33,0.136,88.25,31.784,0.066,0.0,224082.0,26.0,13.35,0.066,88.834,33.686,0.066,0.0,247132.0,168.0,13.998,1.49,89.834,33.122,0.066,823296.0,238059.0,34.0,13.332,1
1.298,89.3,35.144,0.066,5173250.0,255988.0,92.0,12.65,0.102,90.746,36.714,0.134,0.0,3226730.0,97.0,13.33,0.136,88.25,31.784,0.066,0.0,224082.0,26.0,13.35,0.066,88.834,33.686,0.066,0.0,247132.0,168.0,13.998,1.49,89.834,33.122,0.066,823296.0,238059.0,34.0,13.332,97.45,93.5,34.578,0.134,107990000.0,248839.0,10.0,14.666,1
0.102,90.746,36.714,0.134,0.0,3226730.0,97.0,13.33,0.136,88.25,31.784,0.066,0.0,224082.0,26.0,13.35,0.066,88.834,33.686,0.066,0.0,247132.0,168.0,13.998,1.49,89.834,33.122,0.066,823296.0,238059.0,34.0,13.332,97.45,93.5,34.578,0.134,107990000.0,248839.0,10.0,14.666,92.036,95.5,34.894,0.066,43216100.0,224071.0,54.0,14.0,1
0.136,88.25,31.784,0.066,0.0,224082.0,26.0,13.35,0.066,88.834,33.686,0.066,0.0,247132.0,168.0,13.998,1.49,89.834,33.122,0.066,823296.0,238059.0,34.0,13.332,97.45,93.5,34.578,0.134,107990000.0,248839.0,10.0,14.666,92.036,95.5,34.894,0.066,43216100.0,224071.0,54.0,14.0,76.616,89.542,36.218,0.066,863964000.0,236928.0,198.0,14.002,1
0.066,88.834,33.686,0.066,0.0,247132.0,168.0,13.998,1.49,89.834,33.122,0.066,823296.0,238059.0,34.0,13.332,97.45,93.5,34.578,0.134,107990000.0,248839.0,10.0,14.666,92.036,95.5,34.894,0.066,43216100.0,224071.0,54.0,14.0,76.616,89.542,36.218,0.066,863964000.0,236928.0,198.0,14.002,89.958,89.052,36.77,0.066,128310000.0,243858.0,142.0,12.656,1
1.49,89.834,33.122,0.066,823296.0,238059.0,34.0,13.332,97.45,93.5,34.578,0.134,107990000.0,248839.0,10.0,14.666,92.036,95.5,34.894,0.066,43216100.0,224071.0,54.0,14.0,76.616,89.542,36.218,0.066,863964000.0,236928.0,198.0,14.002,89.958,89.052,36.77,0.066,128310000.0,243858.0,142.0,12.656,99.638,87.454,31.22,0.066,0.0,245120.0,232.0,14.336,1
97.45,93.5,34.578,0.134,107990000.0,248839.0,10.0,14.666,92.036,95.5,34.894,0.066,43216100.0,224071.0,54.0,14.0,76.616,89.542,36.218,0.066,863964000.0,236928.0,198.0,14.002,89.958,89.052,36.77,0.066,128310000.0,243858.0,142.0,12.656,99.638,87.454,31.22,0.066,0.0,245120.0,232.0,14.336,86.87,86.876,35.086,0.068,125814000.0,251672.0,7.0,13.06,1
92.036,95.5,34.894,0.066,43216100.0,224071.0,54.0,14.0,76.616,89.542,36.218,0.066,863964000.0,236928.0,198.0,14.002,89.958,89.052,36.77,0.066,128310000.0,243858.0,142.0,12.656,99.638,87.454,31.22,0.066,0.0,245120.0,232.0,14.336,86.87,86.876,35.086,0.068,125814000.0,251672.0,7.0,13.06,72.02,86.958,35.576,0.134,3633150.0,3220620.0,101.0,14.324000000000002,1
76.616,89.542,36.218,0.066,863964000.0,236928.0,198.0,14.002,89.958,89.052,36.77,0.066,128310000.0,243858.0,142.0,12.656,99.638,87.454,31.22,0.066,0.0,245120.0,232.0,14.336,86.87,86.876,35.086,0.068,125814000.0,251672.0,7.0,13.06,72.02,86.958,35.576,0.134,3633150.0,3220620.0,101.0,14.324000000000002,14.632,89.928,33.666,0.066,26214.4,249774.0,52.0,12.984000000000002,1
89.958,89.052,36.77,0.066,128310000.0,243858.0,142.0,12.656,99.638,87.454,31.22,0.066,0.0,245120.0,232.0,14.336,86.87,86.876,35.086,0.068,125814000.0,251672.0,7.0,13.06,72.02,86.958,35.576,0.134,3633150.0,3220620.0,101.0,14.324000000000002,14.632,89.928,33.666,0.066,26214.4,249774.0,52.0,12.984000000000002,0.1,90.5,37.88800000000001,0.068,0.0,3213390.0,168.0,13.336,1
99.638,87.454,31.22,0.066,0.0,245120.0,232.0,14.336,86.87,86.876,35.086,0.068,125814000.0,251672.0,7.0,13.06,72.02,86.958,35.576,0.134,3633150.0,3220620.0,101.0,14.324000000000002,14.632,89.928,33.666,0.066,26214.4,249774.0,52.0,12.984000000000002,0.1,90.5,37.88800000000001,0.068,0.0,3213390.0,168.0,13.336,0.102,90.124,36.398,0.134,0.0,257850.0,63.0,13.332,1
86.87,86.876,35.086,0.068,125814000.0,251672.0,7.0,13.06,72.02,86.958,35.576,0.134,3633150.0,3220620.0,101.0,14.324000000000002,14.632,89.928,33.666,0.066,26214.4,249774.0,52.0,12.984000000000002,0.1,90.5,37.88800000000001,0.068,0.0,3213390.0,168.0,13.336,0.102,90.124,36.398,0.134,0.0,257850.0,63.0,13.332,0.1,90.58,33.0,0.066,0.0,240188.0,35.0,13.988,1
72.02,86.958,35.576,0.134,3633150.0,3220620.0,101.0,14.324000000000002,14.632,89.928,33.666,0.066,26214.4,249774.0,52.0,12.984000000000002,0.1,90.5,37.88800000000001,0.068,0.0,3213390.0,168.0,13.336,0.102,90.124,36.398,0.134,0.0,257850.0,63.0,13.332,0.1,90.58,33.0,0.066,0.0,240188.0,35.0,13.988,0.066,92.0,32.698,0.066,0.0,257911.0,10.0,13.332,1
14.632,89.928,33.666,0.066,26214.4,249774.0,52.0,12.984000000000002,0.1,90.5,37.88800000000001,0.068,0.0,3213390.0,168.0,13.336,0.102,90.124,36.398,0.134,0.0,257850.0,63.0,13.332,0.1,90.58,33.0,0.066,0.0,240188.0,35.0,13.988,0.066,92.0,32.698,0.066,0.0,257911.0,10.0,13.332,0.1,88.708,33.662,0.066,0.0,235086.0,101.0,14.334,1
0.1,90.5,37.88800000000001,0.068,0.0,3213390.0,168.0,13.336,0.102,90.124,36.398,0.134,0.0,257850.0,63.0,13.332,0.1,90.58,33.0,0.066,0.0,240188.0,35.0,13.988,0.066,92.0,32.698,0.066,0.0,257911.0,10.0,13.332,0.1,88.708,33.662,0.066,0.0,235086.0,101.0,14.334,0.102,89.962,34.108000000000004,0.066,0.0,243701.0,94.0,13.31,1
0.102,90.124,36.398,0.134,0.0,257850.0,63.0,13.332,0.1,90.58,33.0,0.066,0.0,240188.0,35.0,13.988,0.066,92.0,32.698,0.066,0.0,257911.0,10.0,13.332,0.1,88.708,33.662,0.066,0.0,235086.0,101.0,14.334,0.102,89.962,34.108000000000004,0.066,0.0,243701.0,94.0,13.31,0.102,92.502,37.522,0.134,0.0,244044.0,29.0,14.332,1
0.1,90.58,33.0,0.066,0.0,240188.0,35.0,13.988,0.066,92.0,32.698,0.066,0.0,257911.0,10.0,13.332,0.1,88.708,33.662,0.066,0.0,235086.0,101.0,14.334,0.102,89.962,34.108000000000004,0.066,0.0,243701.0,94.0,13.31,0.102,92.502,37.522,0.134,0.0,244044.0,29.0,14.332,0.1,94.0,33.802,0.068,0.0,231573.0,65.0,13.998,1
0.066,92.0,32.698,0.066,0.0,257911.0,10.0,13.332,0.1,88.708,33.662,0.066,0.0,235086.0,101.0,14.334,0.102,89.962,34.108000000000004,0.066,0.0,243701.0,94.0,13.31,0.102,92.502,37.522,0.134,0.0,244044.0,29.0,14.332,0.1,94.0,33.802,0.068,0.0,231573.0,65.0,13.998,0.1,94.804,32.018,0.066,0.0,243532.0,83.0,13.668,1
0.1,88.708,33.662,0.066,0.0,235086.0,101.0,14.334,0.102,89.962,34.108000000000004,0.066,0.0,243701.0,94.0,13.31,0.102,92.502,37.522,0.134,0.0,244044.0,29.0,14.332,0.1,94.0,33.802,0.068,0.0,231573.0,65.0,13.998,0.1,94.804,32.018,0.066,0.0,243532.0,83.0,13.668,0.1,89.542,36.056,0.066,0.0,240454.0,186.0,13.332,1
0.102,89.962,34.108000000000004,0.066,0.0,243701.0,94.0,13.31,0.102,92.502,37.522,0.134,0.0,244044.0,29.0,14.332,0.1,94.0,33.802,0.068,0.0,231573.0,65.0,13.998,0.1,94.804,32.018,0.066,0.0,243532.0,83.0,13.668,0.1,89.542,36.056,0.066,0.0,240454.0,186.0,13.332,0.268,94.0,33.286,0.134,23756.8,3251260.0,195.0,14.368,1
0.102,92.502,37.522,0.134,0.0,244044.0,29.0,14.332,0.1,94.0,33.802,0.068,0.0,231573.0,65.0,13.998,0.1,94.804,32.018,0.066,0.0,243532.0,83.0,13.668,0.1,89.542,36.056,0.066,0.0,240454.0,186.0,13.332,0.268,94.0,33.286,0.134,23756.8,3251260.0,195.0,14.368,0.068,94.292,36.04,0.066,0.0,238736.0,27.0,13.332,1
0.1,94.0,33.802,0.068,0.0,231573.0,65.0,13.998,0.1,94.804,32.018,0.066,0.0,243532.0,83.0,13.668,0.1,89.542,36.056,0.066,0.0,240454.0,186.0,13.332,0.268,94.0,33.286,0.134,23756.8,3251260.0,195.0,14.368,0.068,94.292,36.04,0.066,0.0,238736.0,27.0,13.332,0.1,93.916,38.342,0.066,0.0,3239740.0,48.0,15.33,1
0.1,94.804,32.018,0.066,0.0,243532.0,83.0,13.668,0.1,89.542,36.056,0.066,0.0,240454.0,186.0,13.332,0.268,94.0,33.286,0.134,23756.8,3251260.0,195.0,14.368,0.068,94.292,36.04,0.066,0.0,238736.0,27.0,13.332,0.1,93.916,38.342,0.066,0.0,3239740.0,48.0,15.33,0.1,91.458,36.572,0.066,0.0,235562.0,335.0,13.332,1
0.1,89.542,36.056,0.066,0.0,240454.0,186.0,13.332,0.268,94.0,33.286,0.134,23756.8,3251260.0,195.0,14.368,0.068,94.292,36.04,0.066,0.0,238736.0,27.0,13.332,0.1,93.916,38.342,0.066,0.0,3239740.0,48.0,15.33,0.1,91.458,36.572,0.066,0.0,235562.0,335.0,13.332,0.098,92.14,32.518,0.068,0.0,240626.0,93.0,13.668,1
0.268,94.0,33.286,0.134,23756.8,3251260.0,195.0,14.368,0.068,94.292,36.04,0.066,0.0,238736.0,27.0,13.332,0.1,93.916,38.342,0.066,0.0,3239740.0,48.0,15.33,0.1,91.458,36.572,0.066,0.0,235562.0,335.0,13.332,0.098,92.14,32.518,0.068,0.0,240626.0,93.0,13.668,0.102,93.208,34.32,0.068,0.0,247963.0,7.0,14.0,1
0.068,94.292,36.04,0.066,0.0,238736.0,27.0,13.332,0.1,93.916,38.342,0.066,0.0,3239740.0,48.0,15.33,0.1,91.458,36.572,0.066,0.0,235562.0,335.0,13.332,0.098,92.14,32.518,0.068,0.0,240626.0,93.0,13.668,0.102,93.208,34.32,0.068,0.0,247963.0,7.0,14.0,0.1,96.292,36.808,0.134,0.0,226795.0,60.0,14.63,1
0.1,93.916,38.342,0.066,0.0,3239740.0,48.0,15.33,0.1,91.458,36.572,0.066,0.0,235562.0,335.0,13.332,0.098,92.14,32.518,0.068,0.0,240626.0,93.0,13.668,0.102,93.208,34.32,0.068,0.0,247963.0,7.0,14.0,0.1,96.292,36.808,0.134,0.0,226795.0,60.0,14.63,34.174,90.666,31.808000000000003,0.068,7218790.0,251630.0,264.0,13.706,1
0.1,91.458,36.572,0.066,0.0,235562.0,335.0,13.332,0.098,92.14,32.518,0.068,0.0,240626.0,93.0,13.668,0.102,93.208,34.32,0.068,0.0,247963.0,7.0,14.0,0.1,96.292,36.808,0.134,0.0,226795.0,60.0,14.63,34.174,90.666,31.808000000000003,0.068,7218790.0,251630.0,264.0,13.706,97.328,89.458,37.16,0.068,107039000.0,224232.0,39.0,13.0,1
0.098,92.14,32.518,0.068,0.0,240626.0,93.0,13.668,0.102,93.208,34.32,0.068,0.0,247963.0,7.0,14.0,0.1,96.292,36.808,0.134,0.0,226795.0,60.0,14.63,34.174,90.666,31.808000000000003,0.068,7218790.0,251630.0,264.0,13.706,97.328,89.458,37.16,0.068,107039000.0,224232.0,39.0,13.0,74.5,95.292,37.136,0.066,44109000.0,256887.0,116.0,14.0,1
0.102,93.208,34.32,0.068,0.0,247963.0,7.0,14.0,0.1,96.292,36.808,0.134,0.0,226795.0,60.0,14.63,34.174,90.666,31.808000000000003,0.068,7218790.0,251630.0,264.0,13.706,97.328,89.458,37.16,0.068,107039000.0,224232.0,39.0,13.0,74.5,95.292,37.136,0.066,44109000.0,256887.0,116.0,14.0,0.102,95.626,33.99,0.068,31948.8,237801.0,11.0,13.334,1
0.1,96.292,36.808,0.134,0.0,226795.0,60.0,14.63,34.174,90.666,31.808000000000003,0.068,7218790.0,251630.0,264.0,13.706,97.328,89.458,37.16,0.068,107039000.0,224232.0,39.0,13.0,74.5,95.292,37.136,0.066,44109000.0,256887.0,116.0,14.0,0.102,95.626,33.99,0.068,31948.8,237801.0,11.0,13.334,0.1,93.0,38.052,0.132,0.0,362671.0,119.0,13.33,1
34.174,90.666,31.808000000000003,0.068,7218790.0,251630.0,264.0,13.706,97.328,89.458,37.16,0.068,107039000.0,224232.0,39.0,13.0,74.5,95.292,37.136,0.066,44109000.0,256887.0,116.0,14.0,0.102,95.626,33.99,0.068,31948.8,237801.0,11.0,13.334,0.1,93.0,38.052,0.132,0.0,362671.0,119.0,13.33,12.04,93.75,34.46,0.068,933888.0,3222900.0,129.0,13.332,1
97.328,89.458,37.16,0.068,107039000.0,224232.0,39.0,13.0,74.5,95.292,37.136,0.066,44109000.0,256887.0,116.0,14.0,0.102,95.626,33.99,0.068,31948.8,237801.0,11.0,13.334,0.1,93.0,38.052,0.132,0.0,362671.0,119.0,13.33,12.04,93.75,34.46,0.068,933888.0,3222900.0,129.0,13.332,99.004,95.292,34.53,0.066,108395000.0,258759.0,50.0,13.666,1
74.5,95.292,37.136,0.066,44109000.0,256887.0,116.0,14.0,0.102,95.626,33.99,0.068,31948.8,237801.0,11.0,13.334,0.1,93.0,38.052,0.132,0.0,362671.0,119.0,13.33,12.04,93.75,34.46,0.068,933888.0,3222900.0,129.0,13.332,99.004,95.292,34.53,0.066,108395000.0,258759.0,50.0,13.666,93.654,95.208,35.962,0.066,47711800.0,3224910.0,101.0,13.666,1
0.102,95.626,33.99,0.068,31948.8,237801.0,11.0,13.334,0.1,93.0,38.052,0.132,0.0,362671.0,119.0,13.33,12.04,93.75,34.46,0.068,933888.0,3222900.0,129.0,13.332,99.004,95.292,34.53,0.066,108395000.0,258759.0,50.0,13.666,93.654,95.208,35.962,0.066,47711800.0,3224910.0,101.0,13.666,73.148,95.542,41.01,0.134,556941000.0,246360.0,187.0,13.332,1
0.1,93.0,38.052,0.132,0.0,362671.0,119.0,13.33,12.04,93.75,34.46,0.068,933888.0,3222900.0,129.0,13.332,99.004,95.292,34.53,0.066,108395000.0,258759.0,50.0,13.666,93.654,95.208,35.962,0.066,47711800.0,3224910.0,101.0,13.666,73.148,95.542,41.01,0.134,556941000.0,246360.0,187.0,13.332,92.262,93.0,28.794,0.068,103476000.0,240932.0,25.0,12.962,1
12.04,93.75,34.46,0.068,933888.0,3222900.0,129.0,13.332,99.004,95.292,34.53,0.066,108395000.0,258759.0,50.0,13.666,93.654,95.208,35.962,0.066,47711800.0,3224910.0,101.0,13.666,73.148,95.542,41.01,0.134,556941000.0,246360.0,187.0,13.332,92.262,93.0,28.794,0.068,103476000.0,240932.0,25.0,12.962,99.704,92.236,34.624,0.066,0.0,243533.0,53.0,14.674,1
99.004,95.292,34.53,0.066,108395000.0,258759.0,50.0,13.666,93.654,95.208,35.962,0.066,47711800.0,3224910.0,101.0,13.666,73.148,95.542,41.01,0.134,556941000.0,246360.0,187.0,13.332,92.262,93.0,28.794,0.068,103476000.0,240932.0,25.0,12.962,99.704,92.236,34.624,0.066,0.0,243533.0,53.0,14.674,88.8,94.25,35.622,0.066,121145000.0,261247.0,129.0,14.0,1
93.654,95.208,35.962,0.066,47711800.0,3224910.0,101.0,13.666,73.148,95.542,41.01,0.134,556941000.0,246360.0,187.0,13.332,92.262,93.0,28.794,0.068,103476000.0,240932.0,25.0,12.962,99.704,92.236,34.624,0.066,0.0,243533.0,53.0,14.674,88.8,94.25,35.622,0.066,121145000.0,261247.0,129.0,14.0,66.24,92.282,37.824,0.068,3104770.0,230275.0,170.0,14.0,1
73.148,95.542,41.01,0.134,556941000.0,246360.0,187.0,13.332,92.262,93.0,28.794,0.068,103476000.0,240932.0,25.0,12.962,99.704,92.236,34.624,0.066,0.0,243533.0,53.0,14.674,88.8,94.25,35.622,0.066,121145000.0,261247.0,129.0,14.0,66.24,92.282,37.824,0.068,3104770.0,230275.0,170.0,14.0,10.238,94.714,37.42,0.066,26214.4,339881.0,86.0,14.002,1
92.262,93.0,28.794,0.068,103476000.0,240932.0,25.0,12.962,99.704,92.236,34.624,0.066,0.0,243533.0,53.0,14.674,88.8,94.25,35.622,0.066,121145000.0,261247.0,129.0,14.0,66.24,92.282,37.824,0.068,3104770.0,230275.0,170.0,14.0,10.238,94.714,37.42,0.066,26214.4,339881.0,86.0,14.002,0.136,94.126,34.226,0.134,4915.2,227804.0,99.0,14.0,1
99.704,92.236,34.624,0.066,0.0,243533.0,53.0,14.674,88.8,94.25,35.622,0.066,121145000.0,261247.0,129.0,14.0,66.24,92.282,37.824,0.068,3104770.0,230275.0,170.0,14.0,10.238,94.714,37.42,0.066,26214.4,339881.0,86.0,14.002,0.136,94.126,34.226,0.134,4915.2,227804.0,99.0,14.0,0.102,96.25,36.572,0.066,0.0,242555.0,14.0,13.046,1
88.8,94.25,35.622,0.066,121145000.0,261247.0,129.0,14.0,66.24,92.282,37.824,0.068,3104770.0,230275.0,170.0,14.0,10.238,94.714,37.42,0.066,26214.4,339881.0,86.0,14.002,0.136,94.126,34.226,0.134,4915.2,227804.0,99.0,14.0,0.102,96.25,36.572,0.066,0.0,242555.0,14.0,13.046,0.1,93.834,38.92,0.066,0.0,244851.0,64.0,13.672,1
66.24,92.282,37.824,0.068,3104770.0,230275.0,170.0,14.0,10.238,94.714,37.42,0.066,26214.4,339881.0,86.0,14.002,0.136,94.126,34.226,0.134,4915.2,227804.0,99.0,14.0,0.102,96.25,36.572,0.066,0.0,242555.0,14.0,13.046,0.1,93.834,38.92,0.066,0.0,244851.0,64.0,13.672,0.098,94.46,32.076,0.134,0.0,3250750.0,46.0,14.0,1
10.238,94.714,37.42,0.066,26214.4,339881.0,86.0,14.002,0.136,94.126,34.226,0.134,4915.2,227804.0,99.0,14.0,0.102,96.25,36.572,0.066,0.0,242555.0,14.0,13.046,0.1,93.834,38.92,0.066,0.0,244851.0,64.0,13.672,0.098,94.46,32.076,0.134,0.0,3250750.0,46.0,14.0,0.1,95.542,36.902,0.066,0.0,249325.0,82.0,13.322,1
0.136,94.126,34.226,0.134,4915.2,227804.0,99.0,14.0,0.102,96.25,36.572,0.066,0.0,242555.0,14.0,13.046,0.1,93.834,38.92,0.066,0.0,244851.0,64.0,13.672,0.098,94.46,32.076,0.134,0.0,3250750.0,46.0,14.0,0.1,95.542,36.902,0.066,0.0,249325.0,82.0,13.322,0.066,98.042,34.202,0.066,0.0,3274500.0,17.0,13.332,1
0.102,96.25,36.572,0.066,0.0,242555.0,14.0,13.046,0.1,93.834,38.92,0.066,0.0,244851.0,64.0,13.672,0.098,94.46,32.076,0.134,0.0,3250750.0,46.0,14.0,0.1,95.542,36.902,0.066,0.0,249325.0,82.0,13.322,0.066,98.042,34.202,0.066,0.0,3274500.0,17.0,13.332,0.102,95.766,34.681999999999995,0.066,0.0,283687.0,41.0,13.332,1
0.1,93.834,38.92,0.066,0.0,244851.0,64.0,13.672,0.098,94.46,32.076,0.134,0.0,3250750.0,46.0,14.0,0.1,95.542,36.902,0.066,0.0,249325.0,82.0,13.322,0.066,98.042,34.202,0.066,0.0,3274500.0,17.0,13.332,0.102,95.766,34.681999999999995,0.066,0.0,283687.0,41.0,13.332,0.1,93.458,36.036,0.066,0.0,258379.0,14.0,13.334,1
0.098,94.46,32.076,0.134,0.0,3250750.0,46.0,14.0,0.1,95.542,36.902,0.066,0.0,249325.0,82.0,13.322,0.066,98.042,34.202,0.066,0.0,3274500.0,17.0,13.332,0.102,95.766,34.681999999999995,0.066,0.0,283687.0,41.0,13.332,0.1,93.458,36.036,0.066,0.0,258379.0,14.0,13.334,37.136,92.858,33.192,0.068,7889720.0,246106.0,303.0,14.0,1
0.1,95.542,36.902,0.066,0.0,249325.0,82.0,13.322,0.066,98.042,34.202,0.066,0.0,3274500.0,17.0,13.332,0.102,95.766,34.681999999999995,0.066,0.0,283687.0,41.0,13.332,0.1,93.458,36.036,0.066,0.0,258379.0,14.0,13.334,37.136,92.858,33.192,0.068,7889720.0,246106.0,303.0,14.0,97.562,95.584,34.976,0.132,106255000.0,280576.0,80.0,14.034,1
0.066,98.042,34.202,0.066,0.0,3274500.0,17.0,13.332,0.102,95.766,34.681999999999995,0.066,0.0,283687.0,41.0,13.332,0.1,93.458,36.036,0.066,0.0,258379.0,14.0,13.334,37.136,92.858,33.192,0.068,7889720.0,246106.0,303.0,14.0,97.562,95.584,34.976,0.132,106255000.0,280576.0,80.0,14.034,84.334,93.128,35.798,0.066,44371100.0,252687.0,15.0,13.666,1
0.102,95.766,34.681999999999995,0.066,0.0,283687.0,41.0,13.332,0.1,93.458,36.036,0.066,0.0,258379.0,14.0,13.334,37.136,92.858,33.192,0.068,7889720.0,246106.0,303.0,14.0,97.562,95.584,34.976,0.132,106255000.0,280576.0,80.0,14.034,84.334,93.128,35.798,0.066,44371100.0,252687.0,15.0,13.666,74.206,91.888,37.214,0.066,617735000.0,231879.0,71.0,13.964,1
0.1,93.458,36.036,0.066,0.0,258379.0,14.0,13.334,37.136,92.858,33.192,0.068,7889720.0,246106.0,303.0,14.0,97.562,95.584,34.976,0.132,106255000.0,280576.0,80.0,14.034,84.334,93.128,35.798,0.066,44371100.0,252687.0,15.0,13.666,74.206,91.888,37.214,0.066,617735000.0,231879.0,71.0,13.964,99.31,92.984,38.512,0.066,41200800.0,262455.0,78.0,13.332,1
37.136,92.858,33.192,0.068,7889720.0,246106.0,303.0,14.0,97.562,95.584,34.976,0.132,106255000.0,280576.0,80.0,14.034,84.334,93.128,35.798,0.066,44371100.0,252687.0,15.0,13.666,74.206,91.888,37.214,0.066,617735000.0,231879.0,71.0,13.964,99.31,92.984,38.512,0.066,41200800.0,262455.0,78.0,13.332,99.77,94.326,32.614000000000004,0.068,0.0,252149.0,43.0,13.334,1
97.562,95.584,34.976,0.132,106255000.0,280576.0,80.0,14.034,84.334,93.128,35.798,0.066,44371100.0,252687.0,15.0,13.666,74.206,91.888,37.214,0.066,617735000.0,231879.0,71.0,13.964,99.31,92.984,38.512,0.066,41200800.0,262455.0,78.0,13.332,99.77,94.326,32.614000000000004,0.068,0.0,252149.0,43.0,13.334,84.412,95.876,39.63800000000001,0.066,121070000.0,279481.0,44.0,13.332,1
84.334,93.128,35.798,0.066,44371100.0,252687.0,15.0,13.666,74.206,91.888,37.214,0.066,617735000.0,231879.0,71.0,13.964,99.31,92.984,38.512,0.066,41200800.0,262455.0,78.0,13.332,99.77,94.326,32.614000000000004,0.068,0.0,252149.0,43.0,13.334,84.412,95.876,39.63800000000001,0.066,121070000.0,279481.0,44.0,13.332,55.492,93.584,34.122,0.132,3109680.0,3233780.0,93.0,13.656,1
74.206,91.888,37.214,0.066,617735000.0,231879.0,71.0,13.964,99.31,92.984,38.512,0.066,41200800.0,262455.0,78.0,13.332,99.77,94.326,32.614000000000004,0.068,0.0,252149.0,43.0,13.334,84.412,95.876,39.63800000000001,0.066,121070000.0,279481.0,44.0,13.332,55.492,93.584,34.122,0.132,3109680.0,3233780.0,93.0,13.656,8.736,95.158,33.452,0.066,1178830.0,271502.0,56.0,13.666,1
99.31,92.984,38.512,0.066,41200800.0,262455.0,78.0,13.332,99.77,94.326,32.614000000000004,0.068,0.0,252149.0,43.0,13.334,84.412,95.876,39.63800000000001,0.066,121070000.0,279481.0,44.0,13.332,55.492,93.584,34.122,0.132,3109680.0,3233780.0,93.0,13.656,8.736,95.158,33.452,0.066,1178830.0,271502.0,56.0,13.666,0.132,95.416,36.572,0.068,0.0,3220700.0,153.0,13.0,1
99.77,94.326,32.614000000000004,0.068,0.0,252149.0,43.0,13.334,84.412,95.876,39.63800000000001,0.066,121070000.0,279481.0,44.0,13.332,55.492,93.584,34.122,0.132,3109680.0,3233780.0,93.0,13.656,8.736,95.158,33.452,0.066,1178830.0,271502.0,56.0,13.666,0.132,95.416,36.572,0.068,0.0,3220700.0,153.0,13.0,0.1,93.166,39.32,0.066,0.0,240858.0,64.0,14.345999999999998,1
84.412,95.876,39.63800000000001,0.066,121070000.0,279481.0,44.0,13.332,55.492,93.584,34.122,0.132,3109680.0,3233780.0,93.0,13.656,8.736,95.158,33.452,0.066,1178830.0,271502.0,56.0,13.666,0.132,95.416,36.572,0.068,0.0,3220700.0,153.0,13.0,0.1,93.166,39.32,0.066,0.0,240858.0,64.0,14.345999999999998,0.102,96.25,32.046,0.134,0.0,261069.0,156.0,12.668,1
55.492,93.584,34.122,0.132,3109680.0,3233780.0,93.0,13.656,8.736,95.158,33.452,0.066,1178830.0,271502.0,56.0,13.666,0.132,95.416,36.572,0.068,0.0,3220700.0,153.0,13.0,0.1,93.166,39.32,0.066,0.0,240858.0,64.0,14.345999999999998,0.102,96.25,32.046,0.134,0.0,261069.0,156.0,12.668,0.1,93.376,34.436,0.066,0.0,244989.0,81.0,13.666,1
8.736,95.158,33.452,0.066,1178830.0,271502.0,56.0,13.666,0.132,95.416,36.572,0.068,0.0,3220700.0,153.0,13.0,0.1,93.166,39.32,0.066,0.0,240858.0,64.0,14.345999999999998,0.102,96.25,32.046,0.134,0.0,261069.0,156.0,12.668,0.1,93.376,34.436,0.066,0.0,244989.0,81.0,13.666,0.1,93.084,34.718,0.068,0.0,481000.0,94.0,13.326,1
0.132,95.416,36.572,0.068,0.0,3220700.0,153.0,13.0,0.1,93.166,39.32,0.066,0.0,240858.0,64.0,14.345999999999998,0.102,96.25,32.046,0.134,0.0,261069.0,156.0,12.668,0.1,93.376,34.436,0.066,0.0,244989.0,81.0,13.666,0.1,93.084,34.718,0.068,0.0,481000.0,94.0,13.326,0.068,93.146,34.636,0.066,0.0,235286.0,9.0,13.978,1
0.1,93.166,39.32,0.066,0.0,240858.0,64.0,14.345999999999998,0.102,96.25,32.046,0.134,0.0,261069.0,156.0,12.668,0.1,93.376,34.436,0.066,0.0,244989.0,81.0,13.666,0.1,93.084,34.718,0.068,0.0,481000.0,94.0,13.326,0.068,93.146,34.636,0.066,0.0,235286.0,9.0,13.978,0.3379999999999999,95.596,36.456,0.132,0.0,254224.0,64.0,13.668,1
0.102,96.25,32.046,0.134,0.0,261069.0,156.0,12.668,0.1,93.376,34.436,0.066,0.0,244989.0,81.0,13.666,0.1,93.084,34.718,0.068,0.0,481000.0,94.0,13.326,0.068,93.146,34.636,0.066,0.0,235286.0,9.0,13.978,0.3379999999999999,95.596,36.456,0.132,0.0,254224.0,64.0,13.668,9.968,94.336,38.45,0.066,1413120.0,250720.0,130.0,14.334,1
0.1,93.376,34.436,0.066,0.0,244989.0,81.0,13.666,0.1,93.084,34.718,0.068,0.0,481000.0,94.0,13.326,0.068,93.146,34.636,0.066,0.0,235286.0,9.0,13.978,0.3379999999999999,95.596,36.456,0.132,0.0,254224.0,64.0,13.668,9.968,94.336,38.45,0.066,1413120.0,250720.0,130.0,14.334,0.102,91.458,29.962,0.068,0.0,257494.0,35.0,13.964,1
0.1,93.084,34.718,0.068,0.0,481000.0,94.0,13.326,0.068,93.146,34.636,0.066,0.0,235286.0,9.0,13.978,0.3379999999999999,95.596,36.456,0.132,0.0,254224.0,64.0,13.668,9.968,94.336,38.45,0.066,1413120.0,250720.0,130.0,14.334,0.102,91.458,29.962,0.068,0.0,257494.0,35.0,13.964,0.1,93.292,37.522,0.066,0.0,233894.0,34.0,13.704,1
0.068,93.146,34.636,0.066,0.0,235286.0,9.0,13.978,0.3379999999999999,95.596,36.456,0.132,0.0,254224.0,64.0,13.668,9.968,94.336,38.45,0.066,1413120.0,250720.0,130.0,14.334,0.102,91.458,29.962,0.068,0.0,257494.0,35.0,13.964,0.1,93.292,37.522,0.066,0.0,233894.0,34.0,13.704,24.24,95.126,35.234,0.134,3870720.0,3246910.0,84.0,14.0,1
0.3379999999999999,95.596,36.456,0.132,0.0,254224.0,64.0,13.668,9.968,94.336,38.45,0.066,1413120.0,250720.0,130.0,14.334,0.102,91.458,29.962,0.068,0.0,257494.0,35.0,13.964,0.1,93.292,37.522,0.066,0.0,233894.0,34.0,13.704,24.24,95.126,35.234,0.134,3870720.0,3246910.0,84.0,14.0,97.478,92.976,34.882,0.068,110296000.0,278634.0,47.0,13.666,1
9.968,94.336,38.45,0.066,1413120.0,250720.0,130.0,14.334,0.102,91.458,29.962,0.068,0.0,257494.0,35.0,13.964,0.1,93.292,37.522,0.066,0.0,233894.0,34.0,13.704,24.24,95.126,35.234,0.134,3870720.0,3246910.0,84.0,14.0,97.478,92.976,34.882,0.068,110296000.0,278634.0,47.0,13.666,90.296,94.326,36.526,0.066,43462700.0,3918490.0,102.0,13.345999999999998,1
0.102,91.458,29.962,0.068,0.0,257494.0,35.0,13.964,0.1,93.292,37.522,0.066,0.0,233894.0,34.0,13.704,24.24,95.126,35.234,0.134,3870720.0,3246910.0,84.0,14.0,97.478,92.976,34.882,0.068,110296000.0,278634.0,47.0,13.666,90.296,94.326,36.526,0.066,43462700.0,3918490.0,102.0,13.345999999999998,75.726,89.538,36.596,0.066,590533000.0,263208.0,39.0,13.69,0
0.1,93.292,37.522,0.066,0.0,233894.0,34.0,13.704,24.24,95.126,35.234,0.134,3870720.0,3246910.0,84.0,14.0,97.478,92.976,34.882,0.068,110296000.0,278634.0,47.0,13.666,90.296,94.326,36.526,0.066,43462700.0,3918490.0,102.0,13.345999999999998,75.726,89.538,36.596,0.066,590533000.0,263208.0,39.0,13.69,96.62,92.128,40.436,0.066,69518100.0,200207.0,67.0,12.646,0
24.24,95.126,35.234,0.134,3870720.0,3246910.0,84.0,14.0,97.478,92.976,34.882,0.068,110296000.0,278634.0,47.0,13.666,90.296,94.326,36.526,0.066,43462700.0,3918490.0,102.0,13.345999999999998,75.726,89.538,36.596,0.066,590533000.0,263208.0,39.0,13.69,96.62,92.128,40.436,0.066,69518100.0,200207.0,67.0,12.646,99.408,94.144,31.118,0.134,0.0,257217.0,45.0,13.668,0
97.478,92.976,34.882,0.068,110296000.0,278634.0,47.0,13.666,90.296,94.326,36.526,0.066,43462700.0,3918490.0,102.0,13.345999999999998,75.726,89.538,36.596,0.066,590533000.0,263208.0,39.0,13.69,96.62,92.128,40.436,0.066,69518100.0,200207.0,67.0,12.646,99.408,94.144,31.118,0.134,0.0,257217.0,45.0,13.668,85.116,89.488,34.178000000000004,0.068,121093000.0,519379.0,30.0,13.0,0
90.296,94.326,36.526,0.066,43462700.0,3918490.0,102.0,13.345999999999998,75.726,89.538,36.596,0.066,590533000.0,263208.0,39.0,13.69,96.62,92.128,40.436,0.066,69518100.0,200207.0,67.0,12.646,99.408,94.144,31.118,0.134,0.0,257217.0,45.0,13.668,85.116,89.488,34.178000000000004,0.068,121093000.0,519379.0,30.0,13.0,64.152,90.314,36.49,0.066,3099850.0,240185.0,10.0,13.332,0
75.726,89.538,36.596,0.066,590533000.0,263208.0,39.0,13.69,96.62,92.128,40.436,0.066,69518100.0,200207.0,67.0,12.646,99.408,94.144,31.118,0.134,0.0,257217.0,45.0,13.668,85.116,89.488,34.178000000000004,0.068,121093000.0,519379.0,30.0,13.0,64.152,90.314,36.49,0.066,3099850.0,240185.0,10.0,13.332,0.1,95.0,32.442,0.066,18841.6,242636.0,36.0,13.964,0
96.62,92.128,40.436,0.066,69518100.0,200207.0,67.0,12.646,99.408,94.144,31.118,0.134,0.0,257217.0,45.0,13.668,85.116,89.488,34.178000000000004,0.068,121093000.0,519379.0,30.0,13.0,64.152,90.314,36.49,0.066,3099850.0,240185.0,10.0,13.332,0.1,95.0,32.442,0.066,18841.6,242636.0,36.0,13.964,0.1,93.208,34.508,0.066,0.0,258694.0,37.0,14.334,0
99.408,94.144,31.118,0.134,0.0,257217.0,45.0,13.668,85.116,89.488,34.178000000000004,0.068,121093000.0,519379.0,30.0,13.0,64.152,90.314,36.49,0.066,3099850.0,240185.0,10.0,13.332,0.1,95.0,32.442,0.066,18841.6,242636.0,36.0,13.964,0.1,93.208,34.508,0.066,0.0,258694.0,37.0,14.334,42.2,94.042,36.286,0.134,8957950.0,235679.0,12.0,13.29,0
85.116,89.488,34.178000000000004,0.068,121093000.0,519379.0,30.0,13.0,64.152,90.314,36.49,0.066,3099850.0,240185.0,10.0,13.332,0.1,95.0,32.442,0.066,18841.6,242636.0,36.0,13.964,0.1,93.208,34.508,0.066,0.0,258694.0,37.0,14.334,42.2,94.042,36.286,0.134,8957950.0,235679.0,12.0,13.29,97.412,92.626,35.916,0.066,105669000.0,286345.0,119.0,13.332,0
64.152,90.314,36.49,0.066,3099850.0,240185.0,10.0,13.332,0.1,95.0,32.442,0.066,18841.6,242636.0,36.0,13.964,0.1,93.208,34.508,0.066,0.0,258694.0,37.0,14.334,42.2,94.042,36.286,0.134,8957950.0,235679.0,12.0,13.29,97.412,92.626,35.916,0.066,105669000.0,286345.0,119.0,13.332,82.53,95.398,33.63,0.066,46432300.0,3261670.0,106.0,14.334,0
0.1,95.0,32.442,0.066,18841.6,242636.0,36.0,13.964,0.1,93.208,34.508,0.066,0.0,258694.0,37.0,14.334,42.2,94.042,36.286,0.134,8957950.0,235679.0,12.0,13.29,97.412,92.626,35.916,0.066,105669000.0,286345.0,119.0,13.332,82.53,95.398,33.63,0.066,46432300.0,3261670.0,106.0,14.334,76.998,93.528,34.47,0.066,657372000.0,265977.0,21.0,12.998,0
0.1,93.208,34.508,0.066,0.0,258694.0,37.0,14.334,42.2,94.042,36.286,0.134,8957950.0,235679.0,12.0,13.29,97.412,92.626,35.916,0.066,105669000.0,286345.0,119.0,13.332,82.53,95.398,33.63,0.066,46432300.0,3261670.0,106.0,14.334,76.998,93.528,34.47,0.066,657372000.0,265977.0,21.0,12.998,99.208,93.5,35.986,0.134,1639220.0,3244310.0,56.0,13.334,0
42.2,94.042,36.286,0.134,8957950.0,235679.0,12.0,13.29,97.412,92.626,35.916,0.066,105669000.0,286345.0,119.0,13.332,82.53,95.398,33.63,0.066,46432300.0,3261670.0,106.0,14.334,76.998,93.528,34.47,0.066,657372000.0,265977.0,21.0,12.998,99.208,93.5,35.986,0.134,1639220.0,3244310.0,56.0,13.334,99.738,95.63,34.474000000000004,0.066,1037930.0,287114.0,104.0,14.334,0
97.412,92.626,35.916,0.066,105669000.0,286345.0,119.0,13.332,82.53,95.398,33.63,0.066,46432300.0,3261670.0,106.0,14.334,76.998,93.528,34.47,0.066,657372000.0,265977.0,21.0,12.998,99.208,93.5,35.986,0.134,1639220.0,3244310.0,56.0,13.334,99.738,95.63,34.474000000000004,0.066,1037930.0,287114.0,104.0,14.334,89.65799999999999,93.292,35.982,0.066,122696000.0,249791.0,18.0,14.102,0
82.53,95.398,33.63,0.066,46432300.0,3261670.0,106.0,14.334,76.998,93.528,34.47,0.066,657372000.0,265977.0,21.0,12.998,99.208,93.5,35.986,0.134,1639220.0,3244310.0,56.0,13.334,99.738,95.63,34.474000000000004,0.066,1037930.0,287114.0,104.0,14.334,89.65799999999999,93.292,35.982,0.066,122696000.0,249791.0,18.0,14.102,63.756,95.292,37.978,0.066,3328410.0,258317.0,11.0,14.018,0
76.998,93.528,34.47,0.066,657372000.0,265977.0,21.0,12.998,99.208,93.5,35.986,0.134,1639220.0,3244310.0,56.0,13.334,99.738,95.63,34.474000000000004,0.066,1037930.0,287114.0,104.0,14.334,89.65799999999999,93.292,35.982,0.066,122696000.0,249791.0,18.0,14.102,63.756,95.292,37.978,0.066,3328410.0,258317.0,11.0,14.018,11.836,95.01,28.968000000000004,0.066,789709.0,264376.0,10.0,14.28,0
99.208,93.5,35.986,0.134,1639220.0,3244310.0,56.0,13.334,99.738,95.63,34.474000000000004,0.066,1037930.0,287114.0,104.0,14.334,89.65799999999999,93.292,35.982,0.066,122696000.0,249791.0,18.0,14.102,63.756,95.292,37.978,0.066,3328410.0,258317.0,11.0,14.018,11.836,95.01,28.968000000000004,0.066,789709.0,264376.0,10.0,14.28,0.098,92.384,35.188,0.134,365363.0,247026.0,70.0,13.95,0
99.738,95.63,34.474000000000004,0.066,1037930.0,287114.0,104.0,14.334,89.65799999999999,93.292,35.982,0.066,122696000.0,249791.0,18.0,14.102,63.756,95.292,37.978,0.066,3328410.0,258317.0,11.0,14.018,11.836,95.01,28.968000000000004,0.066,789709.0,264376.0,10.0,14.28,0.098,92.384,35.188,0.134,365363.0,247026.0,70.0,13.95,0.1,93.75,32.53,0.066,0.0,259991.0,116.0,13.67,0
89.65799999999999,93.292,35.982,0.066,122696000.0,249791.0,18.0,14.102,63.756,95.292,37.978,0.066,3328410.0,258317.0,11.0,14.018,11.836,95.01,28.968000000000004,0.066,789709.0,264376.0,10.0,14.28,0.098,92.384,35.188,0.134,365363.0,247026.0,70.0,13.95,0.1,93.75,32.53,0.066,0.0,259991.0,116.0,13.67,0.1,96.124,33.498000000000005,0.068,0.0,292481.0,19.0,14.0,0
63.756,95.292,37.978,0.066,3328410.0,258317.0,11.0,14.018,11.836,95.01,28.968000000000004,0.066,789709.0,264376.0,10.0,14.28,0.098,92.384,35.188,0.134,365363.0,247026.0,70.0,13.95,0.1,93.75,32.53,0.066,0.0,259991.0,116.0,13.67,0.1,96.124,33.498000000000005,0.068,0.0,292481.0,19.0,14.0,0.102,93.42,35.326,0.066,0.0,1002760.0,61.0,12.666,0
11.836,95.01,28.968000000000004,0.066,789709.0,264376.0,10.0,14.28,0.098,92.384,35.188,0.134,365363.0,247026.0,70.0,13.95,0.1,93.75,32.53,0.066,0.0,259991.0,116.0,13.67,0.1,96.124,33.498000000000005,0.068,0.0,292481.0,19.0,14.0,0.102,93.42,35.326,0.066,0.0,1002760.0,61.0,12.666,0.134,91.854,32.7,0.134,0.0,236195.0,64.0,14.0,0
0.098,92.384,35.188,0.134,365363.0,247026.0,70.0,13.95,0.1,93.75,32.53,0.066,0.0,259991.0,116.0,13.67,0.1,96.124,33.498000000000005,0.068,0.0,292481.0,19.0,14.0,0.102,93.42,35.326,0.066,0.0,1002760.0,61.0,12.666,0.134,91.854,32.7,0.134,0.0,236195.0,64.0,14.0,0.1,90.5,33.262,0.132,0.0,3279040.0,55.0,13.666,0
0.1,93.75,32.53,0.066,0.0,259991.0,116.0,13.67,0.1,96.124,33.498000000000005,0.068,0.0,292481.0,19.0,14.0,0.102,93.42,35.326,0.066,0.0,1002760.0,61.0,12.666,0.134,91.854,32.7,0.134,0.0,236195.0,64.0,14.0,0.1,90.5,33.262,0.132,0.0,3279040.0,55.0,13.666,0.068,92.666,36.502,0.066,0.0,272351.0,4.0,13.332,0
0.1,96.124,33.498000000000005,0.068,0.0,292481.0,19.0,14.0,0.102,93.42,35.326,0.066,0.0,1002760.0,61.0,12.666,0.134,91.854,32.7,0.134,0.0,236195.0,64.0,14.0,0.1,90.5,33.262,0.132,0.0,3279040.0,55.0,13.666,0.068,92.666,36.502,0.066,0.0,272351.0,4.0,13.332,0.1,93.956,35.234,0.066,0.0,3211510.0,124.0,13.666,0
0.102,93.42,35.326,0.066,0.0,1002760.0,61.0,12.666,0.134,91.854,32.7,0.134,0.0,236195.0,64.0,14.0,0.1,90.5,33.262,0.132,0.0,3279040.0,55.0,13.666,0.068,92.666,36.502,0.066,0.0,272351.0,4.0,13.332,0.1,93.956,35.234,0.066,0.0,3211510.0,124.0,13.666,0.102,91.792,38.24,0.066,0.0,260472.0,2.0,13.044,0
0.134,91.854,32.7,0.134,0.0,236195.0,64.0,14.0,0.1,90.5,33.262,0.132,0.0,3279040.0,55.0,13.666,0.068,92.666,36.502,0.066,0.0,272351.0,4.0,13.332,0.1,93.956,35.234,0.066,0.0,3211510.0,124.0,13.666,0.102,91.792,38.24,0.066,0.0,260472.0,2.0,13.044,0.136,95.0,31.126,0.132,3276.8,222967.0,32.0,13.308,0
0.1,90.5,33.262,0.132,0.0,3279040.0,55.0,13.666,0.068,92.666,36.502,0.066,0.0,272351.0,4.0,13.332,0.1,93.956,35.234,0.066,0.0,3211510.0,124.0,13.666,0.102,91.792,38.24,0.066,0.0,260472.0,2.0,13.044,0.136,95.0,31.126,0.132,3276.8,222967.0,32.0,13.308,0.1,95.626,36.178,0.066,0.0,265742.0,76.0,13.666,0
0.068,92.666,36.502,0.066,0.0,272351.0,4.0,13.332,0.1,93.956,35.234,0.066,0.0,3211510.0,124.0,13.666,0.102,91.792,38.24,0.066,0.0,260472.0,2.0,13.044,0.136,95.0,31.126,0.132,3276.8,222967.0,32.0,13.308,0.1,95.626,36.178,0.066,0.0,265742.0,76.0,13.666,0.102,95.084,32.042,0.066,0.0,233810.0,8.0,14.0,0
0.1,93.956,35.234,0.066,0.0,3211510.0,124.0,13.666,0.102,91.792,38.24,0.066,0.0,260472.0,2.0,13.044,0.136,95.0,31.126,0.132,3276.8,222967.0,32.0,13.308,0.1,95.626,36.178,0.066,0.0,265742.0,76.0,13.666,0.102,95.084,32.042,0.066,0.0,233810.0,8.0,14.0,0.1,94.834,33.732,0.066,0.0,251803.0,76.0,13.666,0
0.102,91.792,38.24,0.066,0.0,260472.0,2.0,13.044,0.136,95.0,31.126,0.132,3276.8,222967.0,32.0,13.308,0.1,95.626,36.178,0.066,0.0,265742.0,76.0,13.666,0.102,95.084,32.042,0.066,0.0,233810.0,8.0,14.0,0.1,94.834,33.732,0.066,0.0,251803.0,76.0,13.666,5.568,95.566,33.17,0.068,942080.0,949974.0,209.0,14.014,0
0.136,95.0,31.126,0.132,3276.8,222967.0,32.0,13.308,0.1,95.626,36.178,0.066,0.0,265742.0,76.0,13.666,0.102,95.084,32.042,0.066,0.0,233810.0,8.0,14.0,0.1,94.834,33.732,0.066,0.0,251803.0,76.0,13.666,5.568,95.566,33.17,0.068,942080.0,949974.0,209.0,14.014,97.326,94.454,33.826,0.134,108443000.0,244745.0,20.0,14.668,0
0.1,95.626,36.178,0.066,0.0,265742.0,76.0,13.666,0.102,95.084,32.042,0.066,0.0,233810.0,8.0,14.0,0.1,94.834,33.732,0.066,0.0,251803.0,76.0,13.666,5.568,95.566,33.17,0.068,942080.0,949974.0,209.0,14.014,97.326,94.454,33.826,0.134,108443000.0,244745.0,20.0,14.668,91.864,95.0,33.498000000000005,0.068,43176800.0,225958.0,123.0,13.666,0
0.102,95.084,32.042,0.066,0.0,233810.0,8.0,14.0,0.1,94.834,33.732,0.066,0.0,251803.0,76.0,13.666,5.568,95.566,33.17,0.068,942080.0,949974.0,209.0,14.014,97.326,94.454,33.826,0.134,108443000.0,244745.0,20.0,14.668,91.864,95.0,33.498000000000005,0.068,43176800.0,225958.0,123.0,13.666,75.73,93.334,35.212,0.068,545034000.0,248437.0,32.0,13.332,0
0.1,94.834,33.732,0.066,0.0,251803.0,76.0,13.666,5.568,95.566,33.17,0.068,942080.0,949974.0,209.0,14.014,97.326,94.454,33.826,0.134,108443000.0,244745.0,20.0,14.668,91.864,95.0,33.498000000000005,0.068,43176800.0,225958.0,123.0,13.666,75.73,93.334,35.212,0.068,545034000.0,248437.0,32.0,13.332,91.062,94.108,40.492,0.132,120485000.0,3243150.0,32.0,15.334,0
5.568,95.566,33.17,0.068,942080.0,949974.0,209.0,14.014,97.326,94.454,33.826,0.134,108443000.0,244745.0,20.0,14.668,91.864,95.0,33.498000000000005,0.068,43176800.0,225958.0,123.0,13.666,75.73,93.334,35.212,0.068,545034000.0,248437.0,32.0,13.332,91.062,94.108,40.492,0.132,120485000.0,3243150.0,32.0,15.334,99.738,93.596,30.47,0.066,0.0,327555.0,31.0,13.332,0
97.326,94.454,33.826,0.134,108443000.0,244745.0,20.0,14.668,91.864,95.0,33.498000000000005,0.068,43176800.0,225958.0,123.0,13.666,75.73,93.334,35.212,0.068,545034000.0,248437.0,32.0,13.332,91.062,94.108,40.492,0.132,120485000.0,3243150.0,32.0,15.334,99.738,93.596,30.47,0.066,0.0,327555.0,31.0,13.332,89.03399999999998,92.922,37.324,0.066,120776000.0,3230800.0,92.0,14.334,0
91.864,95.0,33.498000000000005,0.068,43176800.0,225958.0,123.0,13.666,75.73,93.334,35.212,0.068,545034000.0,248437.0,32.0,13.332,91.062,94.108,40.492,0.132,120485000.0,3243150.0,32.0,15.334,99.738,93.596,30.47,0.066,0.0,327555.0,31.0,13.332,89.03399999999998,92.922,37.324,0.066,120776000.0,3230800.0,92.0,14.334,71.182,92.414,33.052,0.068,3524200.0,243546.0,121.0,14.0,0
75.73,93.334,35.212,0.068,545034000.0,248437.0,32.0,13.332,91.062,94.108,40.492,0.132,120485000.0,3243150.0,32.0,15.334,99.738,93.596,30.47,0.066,0.0,327555.0,31.0,13.332,89.03399999999998,92.922,37.324,0.066,120776000.0,3230800.0,92.0,14.334,71.182,92.414,33.052,0.068,3524200.0,243546.0,121.0,14.0,14.482,92.478,33.262,0.066,26214.4,249660.0,6.0,13.668,0
91.062,94.108,40.492,0.132,120485000.0,3243150.0,32.0,15.334,99.738,93.596,30.47,0.066,0.0,327555.0,31.0,13.332,89.03399999999998,92.922,37.324,0.066,120776000.0,3230800.0,92.0,14.334,71.182,92.414,33.052,0.068,3524200.0,243546.0,121.0,14.0,14.482,92.478,33.262,0.066,26214.4,249660.0,6.0,13.668,8.946,92.22,33.376,0.066,1191120.0,248546.0,59.0,14.0,0
99.738,93.596,30.47,0.066,0.0,327555.0,31.0,13.332,89.03399999999998,92.922,37.324,0.066,120776000.0,3230800.0,92.0,14.334,71.182,92.414,33.052,0.068,3524200.0,243546.0,121.0,14.0,14.482,92.478,33.262,0.066,26214.4,249660.0,6.0,13.668,8.946,92.22,33.376,0.066,1191120.0,248546.0,59.0,14.0,0.2019999999999999,93.876,36.338,0.134,3276.8,249705.0,9.0,14.0,0
89.03399999999998,92.922,37.324,0.066,120776000.0,3230800.0,92.0,14.334,71.182,92.414,33.052,0.068,3524200.0,243546.0,121.0,14.0,14.482,92.478,33.262,0.066,26214.4,249660.0,6.0,13.668,8.946,92.22,33.376,0.066,1191120.0,248546.0,59.0,14.0,0.2019999999999999,93.876,36.338,0.134,3276.8,249705.0,9.0,14.0,0.1,95.58,34.132,0.066,0.0,246404.0,25.0,12.998,0
71.182,92.414,33.052,0.068,3524200.0,243546.0,121.0,14.0,14.482,92.478,33.262,0.066,26214.4,249660.0,6.0,13.668,8.946,92.22,33.376,0.066,1191120.0,248546.0,59.0,14.0,0.2019999999999999,93.876,36.338,0.134,3276.8,249705.0,9.0,14.0,0.1,95.58,34.132,0.066,0.0,246404.0,25.0,12.998,0.102,95.166,32.864000000000004,0.066,0.0,256637.0,54.0,14.0,0
14.482,92.478,33.262,0.066,26214.4,249660.0,6.0,13.668,8.946,92.22,33.376,0.066,1191120.0,248546.0,59.0,14.0,0.2019999999999999,93.876,36.338,0.134,3276.8,249705.0,9.0,14.0,0.1,95.58,34.132,0.066,0.0,246404.0,25.0,12.998,0.102,95.166,32.864000000000004,0.066,0.0,256637.0,54.0,14.0,0.068,94.5,34.202,0.068,0.0,239185.0,113.0,12.998,0
8.946,92.22,33.376,0.066,1191120.0,248546.0,59.0,14.0,0.2019999999999999,93.876,36.338,0.134,3276.8,249705.0,9.0,14.0,0.1,95.58,34.132,0.066,0.0,246404.0,25.0,12.998,0.102,95.166,32.864000000000004,0.066,0.0,256637.0,54.0,14.0,0.068,94.5,34.202,0.068,0.0,239185.0,113.0,12.998,0.102,95.048,34.39,0.134,0.0,232288.0,39.0,14.018,0
0.2019999999999999,93.876,36.338,0.134,3276.8,249705.0,9.0,14.0,0.1,95.58,34.132,0.066,0.0,246404.0,25.0,12.998,0.102,95.166,32.864000000000004,0.066,0.0,256637.0,54.0,14.0,0.068,94.5,34.202,0.068,0.0,239185.0,113.0,12.998,0.102,95.048,34.39,0.134,0.0,232288.0,39.0,14.018,0.102,93.424,36.238,0.072,0.0,252184.0,5.0,12.998,0
0.1,95.58,34.132,0.066,0.0,246404.0,25.0,12.998,0.102,95.166,32.864000000000004,0.066,0.0,256637.0,54.0,14.0,0.068,94.5,34.202,0.068,0.0,239185.0,113.0,12.998,0.102,95.048,34.39,0.134,0.0,232288.0,39.0,14.018,0.102,93.424,36.238,0.072,0.0,252184.0,5.0,12.998,0.068,93.01,38.63800000000001,0.068,0.0,3232280.0,9.0,14.166,0
0.102,95.166,32.864000000000004,0.066,0.0,256637.0,54.0,14.0,0.068,94.5,34.202,0.068,0.0,239185.0,113.0,12.998,0.102,95.048,34.39,0.134,0.0,232288.0,39.0,14.018,0.102,93.424,36.238,0.072,0.0,252184.0,5.0,12.998,0.068,93.01,38.63800000000001,0.068,0.0,3232280.0,9.0,14.166,0.102,93.774,30.44,0.132,0.0,266277.0,95.0,13.0,0
0.068,94.5,34.202,0.068,0.0,239185.0,113.0,12.998,0.102,95.048,34.39,0.134,0.0,232288.0,39.0,14.018,0.102,93.424,36.238,0.072,0.0,252184.0,5.0,12.998,0.068,93.01,38.63800000000001,0.068,0.0,3232280.0,9.0,14.166,0.102,93.774,30.44,0.132,0.0,266277.0,95.0,13.0,0.102,95.704,39.718,0.066,0.0,3256130.0,38.0,14.336,0
0.102,95.048,34.39,0.134,0.0,232288.0,39.0,14.018,0.102,93.424,36.238,0.072,0.0,252184.0,5.0,12.998,0.068,93.01,38.63800000000001,0.068,0.0,3232280.0,9.0,14.166,0.102,93.774,30.44,0.132,0.0,266277.0,95.0,13.0,0.102,95.704,39.718,0.066,0.0,3256130.0,38.0,14.336,81.468,95.216,34.0,0.068,63275800.0,246209.0,7.0,13.666,0
0.102,93.424,36.238,0.072,0.0,252184.0,5.0,12.998,0.068,93.01,38.63800000000001,0.068,0.0,3232280.0,9.0,14.166,0.102,93.774,30.44,0.132,0.0,266277.0,95.0,13.0,0.102,95.704,39.718,0.066,0.0,3256130.0,38.0,14.336,81.468,95.216,34.0,0.068,63275800.0,246209.0,7.0,13.666,98.67,93.572,33.34,0.066,69726200.0,235662.0,105.0,13.668,0
0.068,93.01,38.63800000000001,0.068,0.0,3232280.0,9.0,14.166,0.102,93.774,30.44,0.132,0.0,266277.0,95.0,13.0,0.102,95.704,39.718,0.066,0.0,3256130.0,38.0,14.336,81.468,95.216,34.0,0.068,63275800.0,246209.0,7.0,13.666,98.67,93.572,33.34,0.066,69726200.0,235662.0,105.0,13.668,60.688,92.056,35.658,0.066,156096000.0,277695.0,63.0,13.998,0
0.102,93.774,30.44,0.132,0.0,266277.0,95.0,13.0,0.102,95.704,39.718,0.066,0.0,3256130.0,38.0,14.336,81.468,95.216,34.0,0.068,63275800.0,246209.0,7.0,13.666,98.67,93.572,33.34,0.066,69726200.0,235662.0,105.0,13.668,60.688,92.056,35.658,0.066,156096000.0,277695.0,63.0,13.998,87.11200000000002,93.904,31.8,0.134,528632000.0,249218.0,25.0,14.332,0
0.102,95.704,39.718,0.066,0.0,3256130.0,38.0,14.336,81.468,95.216,34.0,0.068,63275800.0,246209.0,7.0,13.666,98.67,93.572,33.34,0.066,69726200.0,235662.0,105.0,13.668,60.688,92.056,35.658,0.066,156096000.0,277695.0,63.0,13.998,87.11200000000002,93.904,31.8,0.134,528632000.0,249218.0,25.0,14.332,99.606,95.792,33.876,0.068,0.0,305164.0,28.0,12.998,0
81.468,95.216,34.0,0.068,63275800.0,246209.0,7.0,13.666,98.67,93.572,33.34,0.066,69726200.0,235662.0,105.0,13.668,60.688,92.056,35.658,0.066,156096000.0,277695.0,63.0,13.998,87.11200000000002,93.904,31.8,0.134,528632000.0,249218.0,25.0,14.332,99.606,95.792,33.876,0.068,0.0,305164.0,28.0,12.998,93.1,93.374,37.488,0.066,115800000.0,246120.0,50.0,13.334,0
98.67,93.572,33.34,0.066,69726200.0,235662.0,105.0,13.668,60.688,92.056,35.658,0.066,156096000.0,277695.0,63.0,13.998,87.11200000000002,93.904,31.8,0.134,528632000.0,249218.0,25.0,14.332,99.606,95.792,33.876,0.068,0.0,305164.0,28.0,12.998,93.1,93.374,37.488,0.066,115800000.0,246120.0,50.0,13.334,86.896,91.666,29.94,0.066,5535330.0,237437.0,49.0,13.666,0
60.688,92.056,35.658,0.066,156096000.0,277695.0,63.0,13.998,87.11200000000002,93.904,31.8,0.134,528632000.0,249218.0,25.0,14.332,99.606,95.792,33.876,0.068,0.0,305164.0,28.0,12.998,93.1,93.374,37.488,0.066,115800000.0,246120.0,50.0,13.334,86.896,91.666,29.94,0.066,5535330.0,237437.0,49.0,13.666,29.088,95.708,35.962,0.066,2986800.0,265308.0,41.0,13.336,0
87.11200000000002,93.904,31.8,0.134,528632000.0,249218.0,25.0,14.332,99.606,95.792,33.876,0.068,0.0,305164.0,28.0,12.998,93.1,93.374,37.488,0.066,115800000.0,246120.0,50.0,13.334,86.896,91.666,29.94,0.066,5535330.0,237437.0,49.0,13.666,29.088,95.708,35.962,0.066,2986800.0,265308.0,41.0,13.336,0.102,93.042,33.336,0.068,0.0,248585.0,30.0,13.666,0
99.606,95.792,33.876,0.068,0.0,305164.0,28.0,12.998,93.1,93.374,37.488,0.066,115800000.0,246120.0,50.0,13.334,86.896,91.666,29.94,0.066,5535330.0,237437.0,49.0,13.666,29.088,95.708,35.962,0.066,2986800.0,265308.0,41.0,13.336,0.102,93.042,33.336,0.068,0.0,248585.0,30.0,13.666,0.1,96.0,33.802,0.132,0.0,3245180.0,106.0,14.302,0
93.1,93.374,37.488,0.066,115800000.0,246120.0,50.0,13.334,86.896,91.666,29.94,0.066,5535330.0,237437.0,49.0,13.666,29.088,95.708,35.962,0.066,2986800.0,265308.0,41.0,13.336,0.102,93.042,33.336,0.068,0.0,248585.0,30.0,13.666,0.1,96.0,33.802,0.132,0.0,3245180.0,106.0,14.302,0.102,95.108,35.938,0.066,0.0,241909.0,141.0,12.998,0
86.896,91.666,29.94,0.066,5535330.0,237437.0,49.0,13.666,29.088,95.708,35.962,0.066,2986800.0,265308.0,41.0,13.336,0.102,93.042,33.336,0.068,0.0,248585.0,30.0,13.666,0.1,96.0,33.802,0.132,0.0,3245180.0,106.0,14.302,0.102,95.108,35.938,0.066,0.0,241909.0,141.0,12.998,0.068,93.778,34.836,0.066,0.0,3253080.0,57.0,14.332,0
29.088,95.708,35.962,0.066,2986800.0,265308.0,41.0,13.336,0.102,93.042,33.336,0.068,0.0,248585.0,30.0,13.666,0.1,96.0,33.802,0.132,0.0,3245180.0,106.0,14.302,0.102,95.108,35.938,0.066,0.0,241909.0,141.0,12.998,0.068,93.778,34.836,0.066,0.0,3253080.0,57.0,14.332,0.102,91.716,35.564,0.134,0.0,262847.0,44.0,13.666,0
0.102,93.042,33.336,0.068,0.0,248585.0,30.0,13.666,0.1,96.0,33.802,0.132,0.0,3245180.0,106.0,14.302,0.102,95.108,35.938,0.066,0.0,241909.0,141.0,12.998,0.068,93.778,34.836,0.066,0.0,3253080.0,57.0,14.332,0.102,91.716,35.564,0.134,0.0,262847.0,44.0,13.666,0.102,91.666,39.904,0.066,0.0,261045.0,95.0,13.336,0
0.1,96.0,33.802,0.132,0.0,3245180.0,106.0,14.302,0.102,95.108,35.938,0.066,0.0,241909.0,141.0,12.998,0.068,93.778,34.836,0.066,0.0,3253080.0,57.0,14.332,0.102,91.716,35.564,0.134,0.0,262847.0,44.0,13.666,0.102,91.666,39.904,0.066,0.0,261045.0,95.0,13.336,0.066,95.75,29.372,0.066,0.0,267438.0,52.0,13.332,0
0.102,95.108,35.938,0.066,0.0,241909.0,141.0,12.998,0.068,93.778,34.836,0.066,0.0,3253080.0,57.0,14.332,0.102,91.716,35.564,0.134,0.0,262847.0,44.0,13.666,0.102,91.666,39.904,0.066,0.0,261045.0,95.0,13.336,0.066,95.75,29.372,0.066,0.0,267438.0,52.0,13.332,0.1,97.042,33.92,0.066,0.0,266667.0,237.0,13.642,0
0.068,93.778,34.836,0.066,0.0,3253080.0,57.0,14.332,0.102,91.716,35.564,0.134,0.0,262847.0,44.0,13.666,0.102,91.666,39.904,0.066,0.0,261045.0,95.0,13.336,0.066,95.75,29.372,0.066,0.0,267438.0,52.0,13.332,0.1,97.042,33.92,0.066,0.0,266667.0,237.0,13.642,0.102,93.624,33.99,0.068,0.0,235504.0,95.0,13.666,0
0.102,91.716,35.564,0.134,0.0,262847.0,44.0,13.666,0.102,91.666,39.904,0.066,0.0,261045.0,95.0,13.336,0.066,95.75,29.372,0.066,0.0,267438.0,52.0,13.332,0.1,97.042,33.92,0.066,0.0,266667.0,237.0,13.642,0.102,93.624,33.99,0.068,0.0,235504.0,95.0,13.666,0.068,93.4,36.808,0.134,0.0,306849.0,38.0,13.612,0
0.102,91.666,39.904,0.066,0.0,261045.0,95.0,13.336,0.066,95.75,29.372,0.066,0.0,267438.0,52.0,13.332,0.1,97.042,33.92,0.066,0.0,266667.0,237.0,13.642,0.102,93.624,33.99,0.068,0.0,235504.0,95.0,13.666,0.068,93.4,36.808,0.134,0.0,306849.0,38.0,13.612,0.102,89.75399999999998,33.908,0.068,0.0,243843.0,92.0,13.966,0
0.066,95.75,29.372,0.066,0.0,267438.0,52.0,13.332,0.1,97.042,33.92,0.066,0.0,266667.0,237.0,13.642,0.102,93.624,33.99,0.068,0.0,235504.0,95.0,13.666,0.068,93.4,36.808,0.134,0.0,306849.0,38.0,13.612,0.102,89.75399999999998,33.908,0.068,0.0,243843.0,92.0,13.966,87.63799999999998,94.334,33.514,0.066,107201000.0,238067.0,3.0,13.664,0
0.1,97.042,33.92,0.066,0.0,266667.0,237.0,13.642,0.102,93.624,33.99,0.068,0.0,235504.0,95.0,13.666,0.068,93.4,36.808,0.134,0.0,306849.0,38.0,13.612,0.102,89.75399999999998,33.908,0.068,0.0,243843.0,92.0,13.966,87.63799999999998,94.334,33.514,0.066,107201000.0,238067.0,3.0,13.664,95.164,96.522,35.296,0.066,29941800.0,251585.0,62.0,14.334,0
0.102,93.624,33.99,0.068,0.0,235504.0,95.0,13.666,0.068,93.4,36.808,0.134,0.0,306849.0,38.0,13.612,0.102,89.75399999999998,33.908,0.068,0.0,243843.0,92.0,13.966,87.63799999999998,94.334,33.514,0.066,107201000.0,238067.0,3.0,13.664,95.164,96.522,35.296,0.066,29941800.0,251585.0,62.0,14.334,66.328,93.516,40.54,0.132,340659000.0,3218610.0,5.0,14.668,0
0.068,93.4,36.808,0.134,0.0,306849.0,38.0,13.612,0.102,89.75399999999998,33.908,0.068,0.0,243843.0,92.0,13.966,87.63799999999998,94.334,33.514,0.066,107201000.0,238067.0,3.0,13.664,95.164,96.522,35.296,0.066,29941800.0,251585.0,62.0,14.334,66.328,93.516,40.54,0.132,340659000.0,3218610.0,5.0,14.668,91.144,95.25,33.298,0.066,339663000.0,249952.0,46.0,14.012,0
0.102,89.75399999999998,33.908,0.068,0.0,243843.0,92.0,13.966,87.63799999999998,94.334,33.514,0.066,107201000.0,238067.0,3.0,13.664,95.164,96.522,35.296,0.066,29941800.0,251585.0,62.0,14.334,66.328,93.516,40.54,0.132,340659000.0,3218610.0,5.0,14.668,91.144,95.25,33.298,0.066,339663000.0,249952.0,46.0,14.012,99.606,95.914,35.516,0.068,0.0,3214260.0,9.0,13.666,0
87.63799999999998,94.334,33.514,0.066,107201000.0,238067.0,3.0,13.664,95.164,96.522,35.296,0.066,29941800.0,251585.0,62.0,14.334,66.328,93.516,40.54,0.132,340659000.0,3218610.0,5.0,14.668,91.144,95.25,33.298,0.066,339663000.0,249952.0,46.0,14.012,99.606,95.914,35.516,0.068,0.0,3214260.0,9.0,13.666,89.866,97.084,36.282,0.066,117510000.0,244738.0,70.0,14.312,0
95.164,96.522,35.296,0.066,29941800.0,251585.0,62.0,14.334,66.328,93.516,40.54,0.132,340659000.0,3218610.0,5.0,14.668,91.144,95.25,33.298,0.066,339663000.0,249952.0,46.0,14.012,99.606,95.914,35.516,0.068,0.0,3214260.0,9.0,13.666,89.866,97.084,36.282,0.066,117510000.0,244738.0,70.0,14.312,82.6,94.918,31.362,0.066,6813290.0,236009.0,107.0,13.334,0
66.328,93.516,40.54,0.132,340659000.0,3218610.0,5.0,14.668,91.144,95.25,33.298,0.066,339663000.0,249952.0,46.0,14.012,99.606,95.914,35.516,0.068,0.0,3214260.0,9.0,13.666,89.866,97.084,36.282,0.066,117510000.0,244738.0,70.0,14.312,82.6,94.918,31.362,0.066,6813290.0,236009.0,107.0,13.334,25.408,93.766,33.946,0.134,36864.0,243525.0,9.0,14.0,0
91.144,95.25,33.298,0.066,339663000.0,249952.0,46.0,14.012,99.606,95.914,35.516,0.068,0.0,3214260.0,9.0,13.666,89.866,97.084,36.282,0.066,117510000.0,244738.0,70.0,14.312,82.6,94.918,31.362,0.066,6813290.0,236009.0,107.0,13.334,25.408,93.766,33.946,0.134,36864.0,243525.0,9.0,14.0,0.098,96.056,33.78,0.068,0.0,251869.0,28.0,13.634,0
99.606,95.914,35.516,0.068,0.0,3214260.0,9.0,13.666,89.866,97.084,36.282,0.066,117510000.0,244738.0,70.0,14.312,82.6,94.918,31.362,0.066,6813290.0,236009.0,107.0,13.334,25.408,93.766,33.946,0.134,36864.0,243525.0,9.0,14.0,0.098,96.056,33.78,0.068,0.0,251869.0,28.0,13.634,0.102,96.376,35.634,0.068,0.0,247750.0,61.0,13.666,0
89.866,97.084,36.282,0.066,117510000.0,244738.0,70.0,14.312,82.6,94.918,31.362,0.066,6813290.0,236009.0,107.0,13.334,25.408,93.766,33.946,0.134,36864.0,243525.0,9.0,14.0,0.098,96.056,33.78,0.068,0.0,251869.0,28.0,13.634,0.102,96.376,35.634,0.068,0.0,247750.0,61.0,13.666,0.068,96.166,32.694,0.066,0.0,237585.0,25.0,14.348,0
82.6,94.918,31.362,0.066,6813290.0,236009.0,107.0,13.334,25.408,93.766,33.946,0.134,36864.0,243525.0,9.0,14.0,0.098,96.056,33.78,0.068,0.0,251869.0,28.0,13.634,0.102,96.376,35.634,0.068,0.0,247750.0,61.0,13.666,0.068,96.166,32.694,0.066,0.0,237585.0,25.0,14.348,0.102,94.166,32.954,0.068,0.0,232251.0,15.0,14.318,0
25.408,93.766,33.946,0.134,36864.0,243525.0,9.0,14.0,0.098,96.056,33.78,0.068,0.0,251869.0,28.0,13.634,0.102,96.376,35.634,0.068,0.0,247750.0,61.0,13.666,0.068,96.166,32.694,0.066,0.0,237585.0,25.0,14.348,0.102,94.166,32.954,0.068,0.0,232251.0,15.0,14.318,0.066,96.496,33.85,0.066,0.0,244425.0,13.0,13.708,0
0.098,96.056,33.78,0.068,0.0,251869.0,28.0,13.634,0.102,96.376,35.634,0.068,0.0,247750.0,61.0,13.666,0.068,96.166,32.694,0.066,0.0,237585.0,25.0,14.348,0.102,94.166,32.954,0.068,0.0,232251.0,15.0,14.318,0.066,96.496,33.85,0.066,0.0,244425.0,13.0,13.708,0.1,95.042,36.198,0.134,0.0,246994.0,21.0,14.334,0
0.102,96.376,35.634,0.068,0.0,247750.0,61.0,13.666,0.068,96.166,32.694,0.066,0.0,237585.0,25.0,14.348,0.102,94.166,32.954,0.068,0.0,232251.0,15.0,14.318,0.066,96.496,33.85,0.066,0.0,244425.0,13.0,13.708,0.1,95.042,36.198,0.134,0.0,246994.0,21.0,14.334,0.102,95.584,38.63800000000001,0.066,0.0,3224600.0,121.0,13.652,0
0.068,96.166,32.694,0.066,0.0,237585.0,25.0,14.348,0.102,94.166,32.954,0.068,0.0,232251.0,15.0,14.318,0.066,96.496,33.85,0.066,0.0,244425.0,13.0,13.708,0.1,95.042,36.198,0.134,0.0,246994.0,21.0,14.334,0.102,95.584,38.63800000000001,0.066,0.0,3224600.0,121.0,13.652,0.1,96.726,31.746,0.068,0.0,3231950.0,114.0,14.0,0
0.102,94.166,32.954,0.068,0.0,232251.0,15.0,14.318,0.066,96.496,33.85,0.066,0.0,244425.0,13.0,13.708,0.1,95.042,36.198,0.134,0.0,246994.0,21.0,14.334,0.102,95.584,38.63800000000001,0.066,0.0,3224600.0,121.0,13.652,0.1,96.726,31.746,0.068,0.0,3231950.0,114.0,14.0,0.066,96.056,37.136,0.134,0.0,3230920.0,39.0,13.0,0
0.066,96.496,33.85,0.066,0.0,244425.0,13.0,13.708,0.1,95.042,36.198,0.134,0.0,246994.0,21.0,14.334,0.102,95.584,38.63800000000001,0.066,0.0,3224600.0,121.0,13.652,0.1,96.726,31.746,0.068,0.0,3231950.0,114.0,14.0,0.066,96.056,37.136,0.134,0.0,3230920.0,39.0,13.0,0.1,95.172,35.68,0.066,0.0,240758.0,21.0,13.666,0
0.1,95.042,36.198,0.134,0.0,246994.0,21.0,14.334,0.102,95.584,38.63800000000001,0.066,0.0,3224600.0,121.0,13.652,0.1,96.726,31.746,0.068,0.0,3231950.0,114.0,14.0,0.066,96.056,37.136,0.134,0.0,3230920.0,39.0,13.0,0.1,95.172,35.68,0.066,0.0,240758.0,21.0,13.666,0.102,93.876,34.508,0.066,0.0,247018.0,53.0,12.666,0
0.102,95.584,38.63800000000001,0.066,0.0,3224600.0,121.0,13.652,0.1,96.726,31.746,0.068,0.0,3231950.0,114.0,14.0,0.066,96.056,37.136,0.134,0.0,3230920.0,39.0,13.0,0.1,95.172,35.68,0.066,0.0,240758.0,21.0,13.666,0.102,93.876,34.508,0.066,0.0,247018.0,53.0,12.666,0.102,95.958,34.442,0.066,0.0,227611.0,21.0,13.666,0
0.1,96.726,31.746,0.068,0.0,3231950.0,114.0,14.0,0.066,96.056,37.136,0.134,0.0,3230920.0,39.0,13.0,0.1,95.172,35.68,0.066,0.0,240758.0,21.0,13.666,0.102,93.876,34.508,0.066,0.0,247018.0,53.0,12.666,0.102,95.958,34.442,0.066,0.0,227611.0,21.0,13.666,0.2339999999999999,95.708,33.764,0.066,22118.4,240378.0,10.0,14.334,0
0.066,96.056,37.136,0.134,0.0,3230920.0,39.0,13.0,0.1,95.172,35.68,0.066,0.0,240758.0,21.0,13.666,0.102,93.876,34.508,0.066,0.0,247018.0,53.0,12.666,0.102,95.958,34.442,0.066,0.0,227611.0,21.0,13.666,0.2339999999999999,95.708,33.764,0.066,22118.4,240378.0,10.0,14.334,0.1,94.008,34.384,1.49,0.0,241621.0,8.0,14.0,0
0.1,95.172,35.68,0.066,0.0,240758.0,21.0,13.666,0.102,93.876,34.508,0.066,0.0,247018.0,53.0,12.666,0.102,95.958,34.442,0.066,0.0,227611.0,21.0,13.666,0.2339999999999999,95.708,33.764,0.066,22118.4,240378.0,10.0,14.334,0.1,94.008,34.384,1.49,0.0,241621.0,8.0,14.0,0.102,92.084,34.496,0.066,0.0,237751.0,75.0,14.334,0
0.102,93.876,34.508,0.066,0.0,247018.0,53.0,12.666,0.102,95.958,34.442,0.066,0.0,227611.0,21.0,13.666,0.2339999999999999,95.708,33.764,0.066,22118.4,240378.0,10.0,14.334,0.1,94.008,34.384,1.49,0.0,241621.0,8.0,14.0,0.102,92.084,34.496,0.066,0.0,237751.0,75.0,14.334,0.068,96.932,35.708,0.066,0.0,258200.0,10.0,14.0,0
0.102,95.958,34.442,0.066,0.0,227611.0,21.0,13.666,0.2339999999999999,95.708,33.764,0.066,22118.4,240378.0,10.0,14.334,0.1,94.008,34.384,1.49,0.0,241621.0,8.0,14.0,0.102,92.084,34.496,0.066,0.0,237751.0,75.0,14.334,0.068,96.932,35.708,0.066,0.0,258200.0,10.0,14.0,0.102,92.79,32.824,0.066,0.0,226063.0,36.0,13.668,0
0.2339999999999999,95.708,33.764,0.066,22118.4,240378.0,10.0,14.334,0.1,94.008,34.384,1.49,0.0,241621.0,8.0,14.0,0.102,92.084,34.496,0.066,0.0,237751.0,75.0,14.334,0.068,96.932,35.708,0.066,0.0,258200.0,10.0,14.0,0.102,92.79,32.824,0.066,0.0,226063.0,36.0,13.668,0.102,94.006,38.874,0.134,0.0,259598.0,112.0,14.0,0
0.1,94.008,34.384,1.49,0.0,241621.0,8.0,14.0,0.102,92.084,34.496,0.066,0.0,237751.0,75.0,14.334,0.068,96.932,35.708,0.066,0.0,258200.0,10.0,14.0,0.102,92.79,32.824,0.066,0.0,226063.0,36.0,13.668,0.102,94.006,38.874,0.134,0.0,259598.0,112.0,14.0,0.068,94.874,31.08,0.066,0.0,3225870.0,68.0,13.666,0
0.102,92.084,34.496,0.066,0.0,237751.0,75.0,14.334,0.068,96.932,35.708,0.066,0.0,258200.0,10.0,14.0,0.102,92.79,32.824,0.066,0.0,226063.0,36.0,13.668,0.102,94.006,38.874,0.134,0.0,259598.0,112.0,14.0,0.068,94.874,31.08,0.066,0.0,3225870.0,68.0,13.666,0.102,93.126,33.722,0.068,0.0,253252.0,152.0,13.666,0
0.068,96.932,35.708,0.066,0.0,258200.0,10.0,14.0,0.102,92.79,32.824,0.066,0.0,226063.0,36.0,13.668,0.102,94.006,38.874,0.134,0.0,259598.0,112.0,14.0,0.068,94.874,31.08,0.066,0.0,3225870.0,68.0,13.666,0.102,93.126,33.722,0.068,0.0,253252.0,152.0,13.666,0.068,95.834,35.328,0.066,0.0,3227900.0,85.0,13.334,0
0.102,92.79,32.824,0.066,0.0,226063.0,36.0,13.668,0.102,94.006,38.874,0.134,0.0,259598.0,112.0,14.0,0.068,94.874,31.08,0.066,0.0,3225870.0,68.0,13.666,0.102,93.126,33.722,0.068,0.0,253252.0,152.0,13.666,0.068,95.834,35.328,0.066,0.0,3227900.0,85.0,13.334,0.102,93.624,36.69,0.134,0.0,243886.0,3.0,13.666,0
0.102,94.006,38.874,0.134,0.0,259598.0,112.0,14.0,0.068,94.874,31.08,0.066,0.0,3225870.0,68.0,13.666,0.102,93.126,33.722,0.068,0.0,253252.0,152.0,13.666,0.068,95.834,35.328,0.066,0.0,3227900.0,85.0,13.334,0.102,93.624,36.69,0.134,0.0,243886.0,3.0,13.666,0.102,95.554,37.16,0.066,0.0,222755.0,74.0,13.626,0
0.068,94.874,31.08,0.066,0.0,3225870.0,68.0,13.666,0.102,93.126,33.722,0.068,0.0,253252.0,152.0,13.666,0.068,95.834,35.328,0.066,0.0,3227900.0,85.0,13.334,0.102,93.624,36.69,0.134,0.0,243886.0,3.0,13.666,0.102,95.554,37.16,0.066,0.0,222755.0,74.0,13.626,0.068,95.758,34.554,0.066,0.0,251731.0,75.0,13.666,0
0.102,93.126,33.722,0.068,0.0,253252.0,152.0,13.666,0.068,95.834,35.328,0.066,0.0,3227900.0,85.0,13.334,0.102,93.624,36.69,0.134,0.0,243886.0,3.0,13.666,0.102,95.554,37.16,0.066,0.0,222755.0,74.0,13.626,0.068,95.758,34.554,0.066,0.0,251731.0,75.0,13.666,0.098,95.402,36.62,0.068,0.0,232475.0,154.0,13.666,0
0.068,95.834,35.328,0.066,0.0,3227900.0,85.0,13.334,0.102,93.624,36.69,0.134,0.0,243886.0,3.0,13.666,0.102,95.554,37.16,0.066,0.0,222755.0,74.0,13.626,0.068,95.758,34.554,0.066,0.0,251731.0,75.0,13.666,0.098,95.402,36.62,0.068,0.0,232475.0,154.0,13.666,0.102,93.916,35.0,0.068,0.0,241836.0,104.0,13.666,0
0.102,93.624,36.69,0.134,0.0,243886.0,3.0,13.666,0.102,95.554,37.16,0.066,0.0,222755.0,74.0,13.626,0.068,95.758,34.554,0.066,0.0,251731.0,75.0,13.666,0.098,95.402,36.62,0.068,0.0,232475.0,154.0,13.666,0.102,93.916,35.0,0.068,0.0,241836.0,104.0,13.666,0.068,98.042,30.938,0.066,0.0,247473.0,13.0,13.0,0
0.102,95.554,37.16,0.066,0.0,222755.0,74.0,13.626,0.068,95.758,34.554,0.066,0.0,251731.0,75.0,13.666,0.098,95.402,36.62,0.068,0.0,232475.0,154.0,13.666,0.102,93.916,35.0,0.068,0.0,241836.0,104.0,13.666,0.068,98.042,30.938,0.066,0.0,247473.0,13.0,13.0,0.1,93.29,33.472,0.134,0.0,238192.0,101.0,14.0,0
0.068,95.758,34.554,0.066,0.0,251731.0,75.0,13.666,0.098,95.402,36.62,0.068,0.0,232475.0,154.0,13.666,0.102,93.916,35.0,0.068,0.0,241836.0,104.0,13.666,0.068,98.042,30.938,0.066,0.0,247473.0,13.0,13.0,0.1,93.29,33.472,0.134,0.0,238192.0,101.0,14.0,75.1,92.792,35.95,0.066,60339800.0,248777.0,26.0,13.334,0
0.098,95.402,36.62,0.068,0.0,232475.0,154.0,13.666,0.102,93.916,35.0,0.068,0.0,241836.0,104.0,13.666,0.068,98.042,30.938,0.066,0.0,247473.0,13.0,13.0,0.1,93.29,33.472,0.134,0.0,238192.0,101.0,14.0,75.1,92.792,35.95,0.066,60339800.0,248777.0,26.0,13.334,98.618,97.374,34.214,0.068,72510700.0,245535.0,131.0,14.656,0
0.102,93.916,35.0,0.068,0.0,241836.0,104.0,13.666,0.068,98.042,30.938,0.066,0.0,247473.0,13.0,13.0,0.1,93.29,33.472,0.134,0.0,238192.0,101.0,14.0,75.1,92.792,35.95,0.066,60339800.0,248777.0,26.0,13.334,98.618,97.374,34.214,0.068,72510700.0,245535.0,131.0,14.656,71.738,97.374,33.662,0.066,347333000.0,3239170.0,63.0,13.666,0
0.068,98.042,30.938,0.066,0.0,247473.0,13.0,13.0,0.1,93.29,33.472,0.134,0.0,238192.0,101.0,14.0,75.1,92.792,35.95,0.066,60339800.0,248777.0,26.0,13.334,98.618,97.374,34.214,0.068,72510700.0,245535.0,131.0,14.656,71.738,97.374,33.662,0.066,347333000.0,3239170.0,63.0,13.666,89.51,96.386,34.694,0.132,336647000.0,248277.0,54.0,13.332,0
0.1,93.29,33.472,0.134,0.0,238192.0,101.0,14.0,75.1,92.792,35.95,0.066,60339800.0,248777.0,26.0,13.334,98.618,97.374,34.214,0.068,72510700.0,245535.0,131.0,14.656,71.738,97.374,33.662,0.066,347333000.0,3239170.0,63.0,13.666,89.51,96.386,34.694,0.132,336647000.0,248277.0,54.0,13.332,99.898,95.584,37.816,0.066,0.0,3240020.0,38.0,13.662,0
75.1,92.792,35.95,0.066,60339800.0,248777.0,26.0,13.334,98.618,97.374,34.214,0.068,72510700.0,245535.0,131.0,14.656,71.738,97.374,33.662,0.066,347333000.0,3239170.0,63.0,13.666,89.51,96.386,34.694,0.132,336647000.0,248277.0,54.0,13.332,99.898,95.584,37.816,0.066,0.0,3240020.0,38.0,13.662,90.366,96.618,34.624,0.068,116996000.0,233162.0,57.0,13.345999999999998,0
98.618,97.374,34.214,0.068,72510700.0,245535.0,131.0,14.656,71.738,97.374,33.662,0.066,347333000.0,3239170.0,63.0,13.666,89.51,96.386,34.694,0.132,336647000.0,248277.0,54.0,13.332,99.898,95.584,37.816,0.066,0.0,3240020.0,38.0,13.662,90.366,96.618,34.624,0.068,116996000.0,233162.0,57.0,13.345999999999998,84.22399999999998,94.5,35.634,0.068,7286780.0,231319.0,54.0,13.392,0
71.738,97.374,33.662,0.066,347333000.0,3239170.0,63.0,13.666,89.51,96.386,34.694,0.132,336647000.0,248277.0,54.0,13.332,99.898,95.584,37.816,0.066,0.0,3240020.0,38.0,13.662,90.366,96.618,34.624,0.068,116996000.0,233162.0,57.0,13.345999999999998,84.22399999999998,94.5,35.634,0.068,7286780.0,231319.0,54.0,13.392,25.796,93.792,34.3,0.068,90112.0,254581.0,73.0,13.65,0
89.51,96.386,34.694,0.132,336647000.0,248277.0,54.0,13.332,99.898,95.584,37.816,0.066,0.0,3240020.0,38.0,13.662,90.366,96.618,34.624,0.068,116996000.0,233162.0,57.0,13.345999999999998,84.22399999999998,94.5,35.634,0.068,7286780.0,231319.0,54.0,13.392,25.796,93.792,34.3,0.068,90112.0,254581.0,73.0,13.65,0.102,96.084,33.874,0.132,0.0,234406.0,105.0,13.666,0
99.898,95.584,37.816,0.066,0.0,3240020.0,38.0,13.662,90.366,96.618,34.624,0.068,116996000.0,233162.0,57.0,13.345999999999998,84.22399999999998,94.5,35.634,0.068,7286780.0,231319.0,54.0,13.392,25.796,93.792,34.3,0.068,90112.0,254581.0,73.0,13.65,0.102,96.084,33.874,0.132,0.0,234406.0,105.0,13.666,0.1,97.584,36.478,0.066,0.0,248665.0,56.0,12.998,0
90.366,96.618,34.624,0.068,116996000.0,233162.0,57.0,13.345999999999998,84.22399999999998,94.5,35.634,0.068,7286780.0,231319.0,54.0,13.392,25.796,93.792,34.3,0.068,90112.0,254581.0,73.0,13.65,0.102,96.084,33.874,0.132,0.0,234406.0,105.0,13.666,0.1,97.584,36.478,0.066,0.0,248665.0,56.0,12.998,0.068,97.216,32.16,0.066,0.0,241438.0,95.0,13.334,0
84.22399999999998,94.5,35.634,0.068,7286780.0,231319.0,54.0,13.392,25.796,93.792,34.3,0.068,90112.0,254581.0,73.0,13.65,0.102,96.084,33.874,0.132,0.0,234406.0,105.0,13.666,0.1,97.584,36.478,0.066,0.0,248665.0,56.0,12.998,0.068,97.216,32.16,0.066,0.0,241438.0,95.0,13.334,0.102,92.916,33.81,0.066,0.0,251713.0,110.0,13.666,0
25.796,93.792,34.3,0.068,90112.0,254581.0,73.0,13.65,0.102,96.084,33.874,0.132,0.0,234406.0,105.0,13.666,0.1,97.584,36.478,0.066,0.0,248665.0,56.0,12.998,0.068,97.216,32.16,0.066,0.0,241438.0,95.0,13.334,0.102,92.916,33.81,0.066,0.0,251713.0,110.0,13.666,0.102,97.042,34.028,0.066,0.0,228064.0,18.0,13.334,0
0.102,96.084,33.874,0.132,0.0,234406.0,105.0,13.666,0.1,97.584,36.478,0.066,0.0,248665.0,56.0,12.998,0.068,97.216,32.16,0.066,0.0,241438.0,95.0,13.334,0.102,92.916,33.81,0.066,0.0,251713.0,110.0,13.666,0.102,97.042,34.028,0.066,0.0,228064.0,18.0,13.334,0.068,97.166,35.516,0.068,0.0,269810.0,3.0,13.332,0
0.1,97.584,36.478,0.066,0.0,248665.0,56.0,12.998,0.068,97.216,32.16,0.066,0.0,241438.0,95.0,13.334,0.102,92.916,33.81,0.066,0.0,251713.0,110.0,13.666,0.102,97.042,34.028,0.066,0.0,228064.0,18.0,13.334,0.068,97.166,35.516,0.068,0.0,269810.0,3.0,13.332,0.102,94.852,34.296,0.134,0.0,3228730.0,16.0,13.666,0
0.068,97.216,32.16,0.066,0.0,241438.0,95.0,13.334,0.102,92.916,33.81,0.066,0.0,251713.0,110.0,13.666,0.102,97.042,34.028,0.066,0.0,228064.0,18.0,13.334,0.068,97.166,35.516,0.068,0.0,269810.0,3.0,13.332,0.102,94.852,34.296,0.134,0.0,3228730.0,16.0,13.666,0.068,92.626,32.464,0.066,0.0,267368.0,10.0,13.644,0
0.102,92.916,33.81,0.066,0.0,251713.0,110.0,13.666,0.102,97.042,34.028,0.066,0.0,228064.0,18.0,13.334,0.068,97.166,35.516,0.068,0.0,269810.0,3.0,13.332,0.102,94.852,34.296,0.134,0.0,3228730.0,16.0,13.666,0.068,92.626,32.464,0.066,0.0,267368.0,10.0,13.644,0.102,96.916,34.718,0.068,0.0,3211740.0,10.0,13.0,0
0.102,97.042,34.028,0.066,0.0,228064.0,18.0,13.334,0.068,97.166,35.516,0.068,0.0,269810.0,3.0,13.332,0.102,94.852,34.296,0.134,0.0,3228730.0,16.0,13.666,0.068,92.626,32.464,0.066,0.0,267368.0,10.0,13.644,0.102,96.916,34.718,0.068,0.0,3211740.0,10.0,13.0,0.102,95.416,37.07,0.066,0.0,342062.0,19.0,13.332,0
0.068,97.166,35.516,0.068,0.0,269810.0,3.0,13.332,0.102,94.852,34.296,0.134,0.0,3228730.0,16.0,13.666,0.068,92.626,32.464,0.066,0.0,267368.0,10.0,13.644,0.102,96.916,34.718,0.068,0.0,3211740.0,10.0,13.0,0.102,95.416,37.07,0.066,0.0,342062.0,19.0,13.332,0.068,92.77,35.4,0.132,0.0,248293.0,8.0,13.656,0
0.102,94.852,34.296,0.134,0.0,3228730.0,16.0,13.666,0.068,92.626,32.464,0.066,0.0,267368.0,10.0,13.644,0.102,96.916,34.718,0.068,0.0,3211740.0,10.0,13.0,0.102,95.416,37.07,0.066,0.0,342062.0,19.0,13.332,0.068,92.77,35.4,0.132,0.0,248293.0,8.0,13.656,0.102,93.626,31.646,0.066,0.0,241611.0,4.0,13.332,0
0.068,92.626,32.464,0.066,0.0,267368.0,10.0,13.644,0.102,96.916,34.718,0.068,0.0,3211740.0,10.0,13.0,0.102,95.416,37.07,0.066,0.0,342062.0,19.0,13.332,0.068,92.77,35.4,0.132,0.0,248293.0,8.0,13.656,0.102,93.626,31.646,0.066,0.0,241611.0,4.0,13.332,0.068,95.708,33.404,0.068,0.0,255464.0,68.0,13.666,0
0.102,96.916,34.718,0.068,0.0,3211740.0,10.0,13.0,0.102,95.416,37.07,0.066,0.0,342062.0,19.0,13.332,0.068,92.77,35.4,0.132,0.0,248293.0,8.0,13.656,0.102,93.626,31.646,0.066,0.0,241611.0,4.0,13.332,0.068,95.708,33.404,0.068,0.0,255464.0,68.0,13.666,1.038,94.528,33.712,0.066,58982.4,237297.0,53.0,14.048,0
0.102,95.416,37.07,0.066,0.0,342062.0,19.0,13.332,0.068,92.77,35.4,0.132,0.0,248293.0,8.0,13.656,0.102,93.626,31.646,0.066,0.0,241611.0,4.0,13.332,0.068,95.708,33.404,0.068,0.0,255464.0,68.0,13.666,1.038,94.528,33.712,0.066,58982.4,237297.0,53.0,14.048,0.098,93.562,35.07,0.066,11468.8,240442.0,125.0,13.974,0
0.068,92.77,35.4,0.132,0.0,248293.0,8.0,13.656,0.102,93.626,31.646,0.066,0.0,241611.0,4.0,13.332,0.068,95.708,33.404,0.068,0.0,255464.0,68.0,13.666,1.038,94.528,33.712,0.066,58982.4,237297.0,53.0,14.048,0.098,93.562,35.07,0.066,11468.8,240442.0,125.0,13.974,0.068,94.102,34.824,0.134,0.0,244156.0,20.0,13.666,0
0.102,93.626,31.646,0.066,0.0,241611.0,4.0,13.332,0.068,95.708,33.404,0.068,0.0,255464.0,68.0,13.666,1.038,94.528,33.712,0.066,58982.4,237297.0,53.0,14.048,0.098,93.562,35.07,0.066,11468.8,240442.0,125.0,13.974,0.068,94.102,34.824,0.134,0.0,244156.0,20.0,13.666,0.1,93.986,31.972,0.068,0.0,252098.0,12.0,14.0,0
0.068,95.708,33.404,0.068,0.0,255464.0,68.0,13.666,1.038,94.528,33.712,0.066,58982.4,237297.0,53.0,14.048,0.098,93.562,35.07,0.066,11468.8,240442.0,125.0,13.974,0.068,94.102,34.824,0.134,0.0,244156.0,20.0,13.666,0.1,93.986,31.972,0.068,0.0,252098.0,12.0,14.0,0.102,94.584,35.098,0.066,0.0,237622.0,34.0,14.0,0
1.038,94.528,33.712,0.066,58982.4,237297.0,53.0,14.048,0.098,93.562,35.07,0.066,11468.8,240442.0,125.0,13.974,0.068,94.102,34.824,0.134,0.0,244156.0,20.0,13.666,0.1,93.986,31.972,0.068,0.0,252098.0,12.0,14.0,0.102,94.584,35.098,0.066,0.0,237622.0,34.0,14.0,0.102,92.224,33.944,0.134,0.0,3233770.0,85.0,13.328,0
0.098,93.562,35.07,0.066,11468.8,240442.0,125.0,13.974,0.068,94.102,34.824,0.134,0.0,244156.0,20.0,13.666,0.1,93.986,31.972,0.068,0.0,252098.0,12.0,14.0,0.102,94.584,35.098,0.066,0.0,237622.0,34.0,14.0,0.102,92.224,33.944,0.134,0.0,3233770.0,85.0,13.328,0.068,92.958,35.586,0.068,0.0,238456.0,10.0,13.332,0
0.068,94.102,34.824,0.134,0.0,244156.0,20.0,13.666,0.1,93.986,31.972,0.068,0.0,252098.0,12.0,14.0,0.102,94.584,35.098,0.066,0.0,237622.0,34.0,14.0,0.102,92.224,33.944,0.134,0.0,3233770.0,85.0,13.328,0.068,92.958,35.586,0.068,0.0,238456.0,10.0,13.332,0.136,93.042,33.28,0.066,0.0,3234340.0,101.0,12.662,0
0.1,93.986,31.972,0.068,0.0,252098.0,12.0,14.0,0.102,94.584,35.098,0.066,0.0,237622.0,34.0,14.0,0.102,92.224,33.944,0.134,0.0,3233770.0,85.0,13.328,0.068,92.958,35.586,0.068,0.0,238456.0,10.0,13.332,0.136,93.042,33.28,0.066,0.0,3234340.0,101.0,12.662,0.068,88.542,34.718,0.066,0.0,236182.0,67.0,13.716,0
0.102,94.584,35.098,0.066,0.0,237622.0,34.0,14.0,0.102,92.224,33.944,0.134,0.0,3233770.0,85.0,13.328,0.068,92.958,35.586,0.068,0.0,238456.0,10.0,13.332,0.136,93.042,33.28,0.066,0.0,3234340.0,101.0,12.662,0.068,88.542,34.718,0.066,0.0,236182.0,67.0,13.716,0.1,92.042,34.648,0.066,0.0,235840.0,57.0,13.64,0
0.102,92.224,33.944,0.134,0.0,3233770.0,85.0,13.328,0.068,92.958,35.586,0.068,0.0,238456.0,10.0,13.332,0.136,93.042,33.28,0.066,0.0,3234340.0,101.0,12.662,0.068,88.542,34.718,0.066,0.0,236182.0,67.0,13.716,0.1,92.042,34.648,0.066,0.0,235840.0,57.0,13.64,0.102,94.542,34.836,0.066,0.0,254726.0,14.0,13.332,0
0.068,92.958,35.586,0.068,0.0,238456.0,10.0,13.332,0.136,93.042,33.28,0.066,0.0,3234340.0,101.0,12.662,0.068,88.542,34.718,0.066,0.0,236182.0,67.0,13.716,0.1,92.042,34.648,0.066,0.0,235840.0,57.0,13.64,0.102,94.542,34.836,0.066,0.0,254726.0,14.0,13.332,0.068,95.958,33.376,0.132,0.0,232628.0,36.0,13.666,0
0.136,93.042,33.28,0.066,0.0,3234340.0,101.0,12.662,0.068,88.542,34.718,0.066,0.0,236182.0,67.0,13.716,0.1,92.042,34.648,0.066,0.0,235840.0,57.0,13.64,0.102,94.542,34.836,0.066,0.0,254726.0,14.0,13.332,0.068,95.958,33.376,0.132,0.0,232628.0,36.0,13.666,0.102,96.876,34.624,0.066,0.0,244211.0,74.0,13.332,0
0.068,88.542,34.718,0.066,0.0,236182.0,67.0,13.716,0.1,92.042,34.648,0.066,0.0,235840.0,57.0,13.64,0.102,94.542,34.836,0.066,0.0,254726.0,14.0,13.332,0.068,95.958,33.376,0.132,0.0,232628.0,36.0,13.666,0.102,96.876,34.624,0.066,0.0,244211.0,74.0,13.332,0.064,94.708,34.07,0.066,0.0,233693.0,17.0,13.324000000000002,0
0.1,92.042,34.648,0.066,0.0,235840.0,57.0,13.64,0.102,94.542,34.836,0.066,0.0,254726.0,14.0,13.332,0.068,95.958,33.376,0.132,0.0,232628.0,36.0,13.666,0.102,96.876,34.624,0.066,0.0,244211.0,74.0,13.332,0.064,94.708,34.07,0.066,0.0,233693.0,17.0,13.324000000000002,0.102,94.0,33.616,0.066,0.0,247003.0,13.0,13.972,0
0.102,94.542,34.836,0.066,0.0,254726.0,14.0,13.332,0.068,95.958,33.376,0.132,0.0,232628.0,36.0,13.666,0.102,96.876,34.624,0.066,0.0,244211.0,74.0,13.332,0.064,94.708,34.07,0.066,0.0,233693.0,17.0,13.324000000000002,0.102,94.0,33.616,0.066,0.0,247003.0,13.0,13.972,0.102,93.958,37.352,0.066,0.0,239926.0,9.0,13.042,0
0.068,95.958,33.376,0.132,0.0,232628.0,36.0,13.666,0.102,96.876,34.624,0.066,0.0,244211.0,74.0,13.332,0.064,94.708,34.07,0.066,0.0,233693.0,17.0,13.324000000000002,0.102,94.0,33.616,0.066,0.0,247003.0,13.0,13.972,0.102,93.958,37.352,0.066,0.0,239926.0,9.0,13.042,0.068,95.342,30.63,0.066,0.0,249384.0,10.0,15.31,0
0.102,96.876,34.624,0.066,0.0,244211.0,74.0,13.332,0.064,94.708,34.07,0.066,0.0,233693.0,17.0,13.324000000000002,0.102,94.0,33.616,0.066,0.0,247003.0,13.0,13.972,0.102,93.958,37.352,0.066,0.0,239926.0,9.0,13.042,0.068,95.342,30.63,0.066,0.0,249384.0,10.0,15.31,0.102,91.304,32.698,0.134,0.0,3218600.0,47.0,14.332,0
0.064,94.708,34.07,0.066,0.0,233693.0,17.0,13.324000000000002,0.102,94.0,33.616,0.066,0.0,247003.0,13.0,13.972,0.102,93.958,37.352,0.066,0.0,239926.0,9.0,13.042,0.068,95.342,30.63,0.066,0.0,249384.0,10.0,15.31,0.102,91.304,32.698,0.134,0.0,3218600.0,47.0,14.332,0.1,92.352,35.504,0.068,0.0,255874.0,32.0,13.666,0
0.102,94.0,33.616,0.066,0.0,247003.0,13.0,13.972,0.102,93.958,37.352,0.066,0.0,239926.0,9.0,13.042,0.068,95.342,30.63,0.066,0.0,249384.0,10.0,15.31,0.102,91.304,32.698,0.134,0.0,3218600.0,47.0,14.332,0.1,92.352,35.504,0.068,0.0,255874.0,32.0,13.666,0.066,90.41,36.996,0.068,0.0,3217690.0,18.0,13.334,0
0.102,93.958,37.352,0.066,0.0,239926.0,9.0,13.042,0.068,95.342,30.63,0.066,0.0,249384.0,10.0,15.31,0.102,91.304,32.698,0.134,0.0,3218600.0,47.0,14.332,0.1,92.352,35.504,0.068,0.0,255874.0,32.0,13.666,0.066,90.41,36.996,0.068,0.0,3217690.0,18.0,13.334,0.102,92.476,33.738,0.132,0.0,244198.0,40.0,14.0,0
0.068,95.342,30.63,0.066,0.0,249384.0,10.0,15.31,0.102,91.304,32.698,0.134,0.0,3218600.0,47.0,14.332,0.1,92.352,35.504,0.068,0.0,255874.0,32.0,13.666,0.066,90.41,36.996,0.068,0.0,3217690.0,18.0,13.334,0.102,92.476,33.738,0.132,0.0,244198.0,40.0,14.0,0.068,94.716,35.54,0.066,0.0,237503.0,113.0,13.0,0
0.102,91.304,32.698,0.134,0.0,3218600.0,47.0,14.332,0.1,92.352,35.504,0.068,0.0,255874.0,32.0,13.666,0.066,90.41,36.996,0.068,0.0,3217690.0,18.0,13.334,0.102,92.476,33.738,0.132,0.0,244198.0,40.0,14.0,0.068,94.716,35.54,0.066,0.0,237503.0,113.0,13.0,0.102,94.542,32.536,0.066,0.0,237900.0,17.0,14.334,0
0.1,92.352,35.504,0.068,0.0,255874.0,32.0,13.666,0.066,90.41,36.996,0.068,0.0,3217690.0,18.0,13.334,0.102,92.476,33.738,0.132,0.0,244198.0,40.0,14.0,0.068,94.716,35.54,0.066,0.0,237503.0,113.0,13.0,0.102,94.542,32.536,0.066,0.0,237900.0,17.0,14.334,0.068,93.042,32.254,0.066,0.0,250015.0,78.0,13.628,0
0.066,90.41,36.996,0.068,0.0,3217690.0,18.0,13.334,0.102,92.476,33.738,0.132,0.0,244198.0,40.0,14.0,0.068,94.716,35.54,0.066,0.0,237503.0,113.0,13.0,0.102,94.542,32.536,0.066,0.0,237900.0,17.0,14.334,0.068,93.042,32.254,0.066,0.0,250015.0,78.0,13.628,0.102,91.292,34.186,0.066,0.0,221923.0,49.0,13.704,0
0.102,92.476,33.738,0.132,0.0,244198.0,40.0,14.0,0.068,94.716,35.54,0.066,0.0,237503.0,113.0,13.0,0.102,94.542,32.536,0.066,0.0,237900.0,17.0,14.334,0.068,93.042,32.254,0.066,0.0,250015.0,78.0,13.628,0.102,91.292,34.186,0.066,0.0,221923.0,49.0,13.704,0.1,95.604,33.052,0.2,0.0,254591.0,7.0,13.668,0
0.068,94.716,35.54,0.066,0.0,237503.0,113.0,13.0,0.102,94.542,32.536,0.066,0.0,237900.0,17.0,14.334,0.068,93.042,32.254,0.066,0.0,250015.0,78.0,13.628,0.102,91.292,34.186,0.066,0.0,221923.0,49.0,13.704,0.1,95.604,33.052,0.2,0.0,254591.0,7.0,13.668,0.068,96.782,36.15,0.066,0.0,238493.0,53.0,13.332,0
0.102,94.542,32.536,0.066,0.0,237900.0,17.0,14.334,0.068,93.042,32.254,0.066,0.0,250015.0,78.0,13.628,0.102,91.292,34.186,0.066,0.0,221923.0,49.0,13.704,0.1,95.604,33.052,0.2,0.0,254591.0,7.0,13.668,0.068,96.782,36.15,0.066,0.0,238493.0,53.0,13.332,0.102,96.458,32.228,0.066,0.0,242676.0,203.0,13.668,0
0.068,93.042,32.254,0.066,0.0,250015.0,78.0,13.628,0.102,91.292,34.186,0.066,0.0,221923.0,49.0,13.704,0.1,95.604,33.052,0.2,0.0,254591.0,7.0,13.668,0.068,96.782,36.15,0.066,0.0,238493.0,53.0,13.332,0.102,96.458,32.228,0.066,0.0,242676.0,203.0,13.668,0.102,94.916,38.492,0.066,0.0,242609.0,72.0,14.0,0
0.102,91.292,34.186,0.066,0.0,221923.0,49.0,13.704,0.1,95.604,33.052,0.2,0.0,254591.0,7.0,13.668,0.068,96.782,36.15,0.066,0.0,238493.0,53.0,13.332,0.102,96.458,32.228,0.066,0.0,242676.0,203.0,13.668,0.102,94.916,38.492,0.066,0.0,242609.0,72.0,14.0,0.068,92.916,34.694,0.134,0.0,3226930.0,39.0,13.332,0
0.1,95.604,33.052,0.2,0.0,254591.0,7.0,13.668,0.068,96.782,36.15,0.066,0.0,238493.0,53.0,13.332,0.102,96.458,32.228,0.066,0.0,242676.0,203.0,13.668,0.102,94.916,38.492,0.066,0.0,242609.0,72.0,14.0,0.068,92.916,34.694,0.134,0.0,3226930.0,39.0,13.332,0.102,92.416,34.154,0.068,0.0,250544.0,58.0,13.686,0
0.068,96.782,36.15,0.066,0.0,238493.0,53.0,13.332,0.102,96.458,32.228,0.066,0.0,242676.0,203.0,13.668,0.102,94.916,38.492,0.066,0.0,242609.0,72.0,14.0,0.068,92.916,34.694,0.134,0.0,3226930.0,39.0,13.332,0.102,92.416,34.154,0.068,0.0,250544.0,58.0,13.686,0.102,96.428,38.242,0.068,0.0,3219490.0,77.0,13.302,0
0.102,96.458,32.228,0.066,0.0,242676.0,203.0,13.668,0.102,94.916,38.492,0.066,0.0,242609.0,72.0,14.0,0.068,92.916,34.694,0.134,0.0,3226930.0,39.0,13.332,0.102,92.416,34.154,0.068,0.0,250544.0,58.0,13.686,0.102,96.428,38.242,0.068,0.0,3219490.0,77.0,13.302,0.068,95.374,36.202,0.066,0.0,247572.0,151.0,13.666,0
0.102,94.916,38.492,0.066,0.0,242609.0,72.0,14.0,0.068,92.916,34.694,0.134,0.0,3226930.0,39.0,13.332,0.102,92.416,34.154,0.068,0.0,250544.0,58.0,13.686,0.102,96.428,38.242,0.068,0.0,3219490.0,77.0,13.302,0.068,95.374,36.202,0.066,0.0,247572.0,151.0,13.666,0.1,93.106,34.238,0.068,0.0,228470.0,252.0,13.334,0
0.068,92.916,34.694,0.134,0.0,3226930.0,39.0,13.332,0.102,92.416,34.154,0.068,0.0,250544.0,58.0,13.686,0.102,96.428,38.242,0.068,0.0,3219490.0,77.0,13.302,0.068,95.374,36.202,0.066,0.0,247572.0,151.0,13.666,0.1,93.106,34.238,0.068,0.0,228470.0,252.0,13.334,0.302,91.39,30.916,0.136,68812.8,246320.0,110.0,13.666,0
0.102,92.416,34.154,0.068,0.0,250544.0,58.0,13.686,0.102,96.428,38.242,0.068,0.0,3219490.0,77.0,13.302,0.068,95.374,36.202,0.066,0.0,247572.0,151.0,13.666,0.1,93.106,34.238,0.068,0.0,228470.0,252.0,13.334,0.302,91.39,30.916,0.136,68812.8,246320.0,110.0,13.666,1.234,93.374,33.24,0.066,35225.6,226119.0,21.0,14.0,0
0.102,96.428,38.242,0.068,0.0,3219490.0,77.0,13.302,0.068,95.374,36.202,0.066,0.0,247572.0,151.0,13.666,0.1,93.106,34.238,0.068,0.0,228470.0,252.0,13.334,0.302,91.39,30.916,0.136,68812.8,246320.0,110.0,13.666,1.234,93.374,33.24,0.066,35225.6,226119.0,21.0,14.0,40.288,92.744,35.492,0.068,2250340.0,254107.0,119.0,13.332,0
0.068,95.374,36.202,0.066,0.0,247572.0,151.0,13.666,0.1,93.106,34.238,0.068,0.0,228470.0,252.0,13.334,0.302,91.39,30.916,0.136,68812.8,246320.0,110.0,13.666,1.234,93.374,33.24,0.066,35225.6,226119.0,21.0,14.0,40.288,92.744,35.492,0.068,2250340.0,254107.0,119.0,13.332,3.434,96.12,35.024,0.068,2164330.0,236567.0,17.0,13.364,0
0.1,93.106,34.238,0.068,0.0,228470.0,252.0,13.334,0.302,91.39,30.916,0.136,68812.8,246320.0,110.0,13.666,1.234,93.374,33.24,0.066,35225.6,226119.0,21.0,14.0,40.288,92.744,35.492,0.068,2250340.0,254107.0,119.0,13.332,3.434,96.12,35.024,0.068,2164330.0,236567.0,17.0,13.364,0.2339999999999999,95.542,32.066,0.066,60620.8,239116.0,31.0,13.968,0
0.302,91.39,30.916,0.136,68812.8,246320.0,110.0,13.666,1.234,93.374,33.24,0.066,35225.6,226119.0,21.0,14.0,40.288,92.744,35.492,0.068,2250340.0,254107.0,119.0,13.332,3.434,96.12,35.024,0.068,2164330.0,236567.0,17.0,13.364,0.2339999999999999,95.542,32.066,0.066,60620.8,239116.0,31.0,13.968,37.964,96.4,33.802,0.066,3710980.0,244311.0,4.0,12.668,0
1.234,93.374,33.24,0.066,35225.6,226119.0,21.0,14.0,40.288,92.744,35.492,0.068,2250340.0,254107.0,119.0,13.332,3.434,96.12,35.024,0.068,2164330.0,236567.0,17.0,13.364,0.2339999999999999,95.542,32.066,0.066,60620.8,239116.0,31.0,13.968,37.964,96.4,33.802,0.066,3710980.0,244311.0,4.0,12.668,1.766,94.246,36.69,0.134,47513.6,234522.0,21.0,13.332,0
40.288,92.744,35.492,0.068,2250340.0,254107.0,119.0,13.332,3.434,96.12,35.024,0.068,2164330.0,236567.0,17.0,13.364,0.2339999999999999,95.542,32.066,0.066,60620.8,239116.0,31.0,13.968,37.964,96.4,33.802,0.066,3710980.0,244311.0,4.0,12.668,1.766,94.246,36.69,0.134,47513.6,234522.0,21.0,13.332,0.134,93.13,36.032,0.066,36864.0,3235740.0,42.0,14.052,0
3.434,96.12,35.024,0.068,2164330.0,236567.0,17.0,13.364,0.2339999999999999,95.542,32.066,0.066,60620.8,239116.0,31.0,13.968,37.964,96.4,33.802,0.066,3710980.0,244311.0,4.0,12.668,1.766,94.246,36.69,0.134,47513.6,234522.0,21.0,13.332,0.134,93.13,36.032,0.066,36864.0,3235740.0,42.0,14.052,14.95,92.404,36.254,0.066,86917900.0,246649.0,149.0,13.366,0
0.2339999999999999,95.542,32.066,0.066,60620.8,239116.0,31.0,13.968,37.964,96.4,33.802,0.066,3710980.0,244311.0,4.0,12.668,1.766,94.246,36.69,0.134,47513.6,234522.0,21.0,13.332,0.134,93.13,36.032,0.066,36864.0,3235740.0,42.0,14.052,14.95,92.404,36.254,0.066,86917900.0,246649.0,149.0,13.366,0.1,96.166,40.188,0.134,21299.2,3253740.0,200.0,12.968,0
37.964,96.4,33.802,0.066,3710980.0,244311.0,4.0,12.668,1.766,94.246,36.69,0.134,47513.6,234522.0,21.0,13.332,0.134,93.13,36.032,0.066,36864.0,3235740.0,42.0,14.052,14.95,92.404,36.254,0.066,86917900.0,246649.0,149.0,13.366,0.1,96.166,40.188,0.134,21299.2,3253740.0,200.0,12.968,0.198,93.594,28.94400000000001,0.068,0.0,239080.0,66.0,13.672,0
1.766,94.246,36.69,0.134,47513.6,234522.0,21.0,13.332,0.134,93.13,36.032,0.066,36864.0,3235740.0,42.0,14.052,14.95,92.404,36.254,0.066,86917900.0,246649.0,149.0,13.366,0.1,96.166,40.188,0.134,21299.2,3253740.0,200.0,12.968,0.198,93.594,28.94400000000001,0.068,0.0,239080.0,66.0,13.672,0.336,89.416,33.85,0.066,17521900.0,247261.0,9.0,13.334,0
0.134,93.13,36.032,0.066,36864.0,3235740.0,42.0,14.052,14.95,92.404,36.254,0.066,86917900.0,246649.0,149.0,13.366,0.1,96.166,40.188,0.134,21299.2,3253740.0,200.0,12.968,0.198,93.594,28.94400000000001,0.068,0.0,239080.0,66.0,13.672,0.336,89.416,33.85,0.066,17521900.0,247261.0,9.0,13.334,7.1320000000000014,94.084,33.732,0.068,482509.0,234844.0,70.0,14.0,0
14.95,92.404,36.254,0.066,86917900.0,246649.0,149.0,13.366,0.1,96.166,40.188,0.134,21299.2,3253740.0,200.0,12.968,0.198,93.594,28.94400000000001,0.068,0.0,239080.0,66.0,13.672,0.336,89.416,33.85,0.066,17521900.0,247261.0,9.0,13.334,7.1320000000000014,94.084,33.732,0.068,482509.0,234844.0,70.0,14.0,65.608,94.524,33.278,0.068,56600200.0,268433.0,86.0,13.0,0
0.1,96.166,40.188,0.134,21299.2,3253740.0,200.0,12.968,0.198,93.594,28.94400000000001,0.068,0.0,239080.0,66.0,13.672,0.336,89.416,33.85,0.066,17521900.0,247261.0,9.0,13.334,7.1320000000000014,94.084,33.732,0.068,482509.0,234844.0,70.0,14.0,65.608,94.524,33.278,0.068,56600200.0,268433.0,86.0,13.0,98.42,94.492,33.53,0.068,76689400.0,223453.0,29.0,14.028,0
0.198,93.594,28.94400000000001,0.068,0.0,239080.0,66.0,13.672,0.336,89.416,33.85,0.066,17521900.0,247261.0,9.0,13.334,7.1320000000000014,94.084,33.732,0.068,482509.0,234844.0,70.0,14.0,65.608,94.524,33.278,0.068,56600200.0,268433.0,86.0,13.0,98.42,94.492,33.53,0.068,76689400.0,223453.0,29.0,14.028,70.854,93.584,36.046,0.066,27496400.0,253193.0,107.0,13.296,0
0.336,89.416,33.85,0.066,17521900.0,247261.0,9.0,13.334,7.1320000000000014,94.084,33.732,0.068,482509.0,234844.0,70.0,14.0,65.608,94.524,33.278,0.068,56600200.0,268433.0,86.0,13.0,98.42,94.492,33.53,0.068,76689400.0,223453.0,29.0,14.028,70.854,93.584,36.046,0.066,27496400.0,253193.0,107.0,13.296,85.7,92.958,33.18,0.134,658440000.0,237735.0,102.0,14.022,0
7.1320000000000014,94.084,33.732,0.068,482509.0,234844.0,70.0,14.0,65.608,94.524,33.278,0.068,56600200.0,268433.0,86.0,13.0,98.42,94.492,33.53,0.068,76689400.0,223453.0,29.0,14.028,70.854,93.584,36.046,0.066,27496400.0,253193.0,107.0,13.296,85.7,92.958,33.18,0.134,658440000.0,237735.0,102.0,14.022,99.64,92.75,32.644,0.066,0.0,244744.0,66.0,12.972,0
65.608,94.524,33.278,0.068,56600200.0,268433.0,86.0,13.0,98.42,94.492,33.53,0.068,76689400.0,223453.0,29.0,14.028,70.854,93.584,36.046,0.066,27496400.0,253193.0,107.0,13.296,85.7,92.958,33.18,0.134,658440000.0,237735.0,102.0,14.022,99.64,92.75,32.644,0.066,0.0,244744.0,66.0,12.972,96.218,93.416,37.244,0.066,112520000.0,257369.0,20.0,13.35,0
98.42,94.492,33.53,0.068,76689400.0,223453.0,29.0,14.028,70.854,93.584,36.046,0.066,27496400.0,253193.0,107.0,13.296,85.7,92.958,33.18,0.134,658440000.0,237735.0,102.0,14.022,99.64,92.75,32.644,0.066,0.0,244744.0,66.0,12.972,96.218,93.416,37.244,0.066,112520000.0,257369.0,20.0,13.35,85.16,94.75,30.76,0.132,8678600.0,3228480.0,100.0,14.0,0
70.854,93.584,36.046,0.066,27496400.0,253193.0,107.0,13.296,85.7,92.958,33.18,0.134,658440000.0,237735.0,102.0,14.022,99.64,92.75,32.644,0.066,0.0,244744.0,66.0,12.972,96.218,93.416,37.244,0.066,112520000.0,257369.0,20.0,13.35,85.16,94.75,30.76,0.132,8678600.0,3228480.0,100.0,14.0,40.36,93.672,33.772,0.066,3261240.0,269861.0,89.0,13.0,0
85.7,92.958,33.18,0.134,658440000.0,237735.0,102.0,14.022,99.64,92.75,32.644,0.066,0.0,244744.0,66.0,12.972,96.218,93.416,37.244,0.066,112520000.0,257369.0,20.0,13.35,85.16,94.75,30.76,0.132,8678600.0,3228480.0,100.0,14.0,40.36,93.672,33.772,0.066,3261240.0,269861.0,89.0,13.0,33.664,93.374,39.424,0.066,2207740.0,3229110.0,57.0,14.29,0
99.64,92.75,32.644,0.066,0.0,244744.0,66.0,12.972,96.218,93.416,37.244,0.066,112520000.0,257369.0,20.0,13.35,85.16,94.75,30.76,0.132,8678600.0,3228480.0,100.0,14.0,40.36,93.672,33.772,0.066,3261240.0,269861.0,89.0,13.0,33.664,93.374,39.424,0.066,2207740.0,3229110.0,57.0,14.29,23.19400000000001,95.122,33.028,0.066,1030550.0,258234.0,14.0,13.366,0
96.218,93.416,37.244,0.066,112520000.0,257369.0,20.0,13.35,85.16,94.75,30.76,0.132,8678600.0,3228480.0,100.0,14.0,40.36,93.672,33.772,0.066,3261240.0,269861.0,89.0,13.0,33.664,93.374,39.424,0.066,2207740.0,3229110.0,57.0,14.29,23.19400000000001,95.122,33.028,0.066,1030550.0,258234.0,14.0,13.366,54.914,92.666,35.164,0.066,3282530.0,232734.0,47.0,14.0,0
85.16,94.75,30.76,0.132,8678600.0,3228480.0,100.0,14.0,40.36,93.672,33.772,0.066,3261240.0,269861.0,89.0,13.0,33.664,93.374,39.424,0.066,2207740.0,3229110.0,57.0,14.29,23.19400000000001,95.122,33.028,0.066,1030550.0,258234.0,14.0,13.366,54.914,92.666,35.164,0.066,3282530.0,232734.0,47.0,14.0,42.078,95.666,31.76,0.066,2138930.0,246155.0,37.0,13.666,0
40.36,93.672,33.772,0.066,3261240.0,269861.0,89.0,13.0,33.664,93.374,39.424,0.066,2207740.0,3229110.0,57.0,14.29,23.19400000000001,95.122,33.028,0.066,1030550.0,258234.0,14.0,13.366,54.914,92.666,35.164,0.066,3282530.0,232734.0,47.0,14.0,42.078,95.666,31.76,0.066,2138930.0,246155.0,37.0,13.666,0.102,96.834,33.278,0.136,0.0,243065.0,55.0,14.326,0
33.664,93.374,39.424,0.066,2207740.0,3229110.0,57.0,14.29,23.19400000000001,95.122,33.028,0.066,1030550.0,258234.0,14.0,13.366,54.914,92.666,35.164,0.066,3282530.0,232734.0,47.0,14.0,42.078,95.666,31.76,0.066,2138930.0,246155.0,37.0,13.666,0.102,96.834,33.278,0.136,0.0,243065.0,55.0,14.326,40.64,94.256,33.756,0.066,2120910.0,246028.0,12.0,13.01,0
23.19400000000001,95.122,33.028,0.066,1030550.0,258234.0,14.0,13.366,54.914,92.666,35.164,0.066,3282530.0,232734.0,47.0,14.0,42.078,95.666,31.76,0.066,2138930.0,246155.0,37.0,13.666,0.102,96.834,33.278,0.136,0.0,243065.0,55.0,14.326,40.64,94.256,33.756,0.066,2120910.0,246028.0,12.0,13.01,0.1,93.394,35.798,0.066,0.0,242913.0,17.0,13.994000000000002,0
54.914,92.666,35.164,0.066,3282530.0,232734.0,47.0,14.0,42.078,95.666,31.76,0.066,2138930.0,246155.0,37.0,13.666,0.102,96.834,33.278,0.136,0.0,243065.0,55.0,14.326,40.64,94.256,33.756,0.066,2120910.0,246028.0,12.0,13.01,0.1,93.394,35.798,0.066,0.0,242913.0,17.0,13.994000000000002,0.102,94.126,33.404,0.066,0.0,231682.0,4.0,13.332,0
42.078,95.666,31.76,0.066,2138930.0,246155.0,37.0,13.666,0.102,96.834,33.278,0.136,0.0,243065.0,55.0,14.326,40.64,94.256,33.756,0.066,2120910.0,246028.0,12.0,13.01,0.1,93.394,35.798,0.066,0.0,242913.0,17.0,13.994000000000002,0.102,94.126,33.404,0.066,0.0,231682.0,4.0,13.332,0.068,96.172,35.446,0.066,0.0,255268.0,47.0,13.67,0
0.102,96.834,33.278,0.136,0.0,243065.0,55.0,14.326,40.64,94.256,33.756,0.066,2120910.0,246028.0,12.0,13.01,0.1,93.394,35.798,0.066,0.0,242913.0,17.0,13.994000000000002,0.102,94.126,33.404,0.066,0.0,231682.0,4.0,13.332,0.068,96.172,35.446,0.066,0.0,255268.0,47.0,13.67,0.3720000000000001,93.7,35.602,0.066,0.0,236532.0,63.0,13.334,0
40.64,94.256,33.756,0.066,2120910.0,246028.0,12.0,13.01,0.1,93.394,35.798,0.066,0.0,242913.0,17.0,13.994000000000002,0.102,94.126,33.404,0.066,0.0,231682.0,4.0,13.332,0.068,96.172,35.446,0.066,0.0,255268.0,47.0,13.67,0.3720000000000001,93.7,35.602,0.066,0.0,236532.0,63.0,13.334,40.724,93.064,34.66,0.132,2143030.0,3254540.0,184.0,13.668,0
0.1,93.394,35.798,0.066,0.0,242913.0,17.0,13.994000000000002,0.102,94.126,33.404,0.066,0.0,231682.0,4.0,13.332,0.068,96.172,35.446,0.066,0.0,255268.0,47.0,13.67,0.3720000000000001,93.7,35.602,0.066,0.0,236532.0,63.0,13.334,40.724,93.064,34.66,0.132,2143030.0,3254540.0,184.0,13.668,3.902,96.0,34.874,0.066,108954.0,248560.0,108.0,13.332,0
0.102,94.126,33.404,0.066,0.0,231682.0,4.0,13.332,0.068,96.172,35.446,0.066,0.0,255268.0,47.0,13.67,0.3720000000000001,93.7,35.602,0.066,0.0,236532.0,63.0,13.334,40.724,93.064,34.66,0.132,2143030.0,3254540.0,184.0,13.668,3.902,96.0,34.874,0.066,108954.0,248560.0,108.0,13.332,37.38,95.436,33.568000000000005,0.066,2047180.0,3252300.0,12.0,14.0,0
0.068,96.172,35.446,0.066,0.0,255268.0,47.0,13.67,0.3720000000000001,93.7,35.602,0.066,0.0,236532.0,63.0,13.334,40.724,93.064,34.66,0.132,2143030.0,3254540.0,184.0,13.668,3.902,96.0,34.874,0.066,108954.0,248560.0,108.0,13.332,37.38,95.436,33.568000000000005,0.066,2047180.0,3252300.0,12.0,14.0,0.068,95.98,33.474000000000004,0.134,0.0,239375.0,51.0,13.316,0
0.3720000000000001,93.7,35.602,0.066,0.0,236532.0,63.0,13.334,40.724,93.064,34.66,0.132,2143030.0,3254540.0,184.0,13.668,3.902,96.0,34.874,0.066,108954.0,248560.0,108.0,13.332,37.38,95.436,33.568000000000005,0.066,2047180.0,3252300.0,12.0,14.0,0.068,95.98,33.474000000000004,0.134,0.0,239375.0,51.0,13.316,0.502,94.534,35.258,0.068,307200.0,253265.0,35.0,14.304,0
40.724,93.064,34.66,0.132,2143030.0,3254540.0,184.0,13.668,3.902,96.0,34.874,0.066,108954.0,248560.0,108.0,13.332,37.38,95.436,33.568000000000005,0.066,2047180.0,3252300.0,12.0,14.0,0.068,95.98,33.474000000000004,0.134,0.0,239375.0,51.0,13.316,0.502,94.534,35.258,0.068,307200.0,253265.0,35.0,14.304,0.102,87.5,35.4,0.066,0.0,236362.0,77.0,13.332,0
3.902,96.0,34.874,0.066,108954.0,248560.0,108.0,13.332,37.38,95.436,33.568000000000005,0.066,2047180.0,3252300.0,12.0,14.0,0.068,95.98,33.474000000000004,0.134,0.0,239375.0,51.0,13.316,0.502,94.534,35.258,0.068,307200.0,253265.0,35.0,14.304,0.102,87.5,35.4,0.066,0.0,236362.0,77.0,13.332,2.494,91.208,34.65,0.066,13107.2,244662.0,13.0,14.0,0
37.38,95.436,33.568000000000005,0.066,2047180.0,3252300.0,12.0,14.0,0.068,95.98,33.474000000000004,0.134,0.0,239375.0,51.0,13.316,0.502,94.534,35.258,0.068,307200.0,253265.0,35.0,14.304,0.102,87.5,35.4,0.066,0.0,236362.0,77.0,13.332,2.494,91.208,34.65,0.066,13107.2,244662.0,13.0,14.0,20.798,93.392,35.4,0.066,2129100.0,247065.0,4.0,13.0,0
0.068,95.98,33.474000000000004,0.134,0.0,239375.0,51.0,13.316,0.502,94.534,35.258,0.068,307200.0,253265.0,35.0,14.304,0.102,87.5,35.4,0.066,0.0,236362.0,77.0,13.332,2.494,91.208,34.65,0.066,13107.2,244662.0,13.0,14.0,20.798,93.392,35.4,0.066,2129100.0,247065.0,4.0,13.0,62.334,91.524,36.736,0.066,15266600.0,238032.0,266.0,14.332,0
0.502,94.534,35.258,0.068,307200.0,253265.0,35.0,14.304,0.102,87.5,35.4,0.066,0.0,236362.0,77.0,13.332,2.494,91.208,34.65,0.066,13107.2,244662.0,13.0,14.0,20.798,93.392,35.4,0.066,2129100.0,247065.0,4.0,13.0,62.334,91.524,36.736,0.066,15266600.0,238032.0,266.0,14.332,98.754,93.832,33.202,0.134,103057000.0,245684.0,35.0,13.322,0
0.102,87.5,35.4,0.066,0.0,236362.0,77.0,13.332,2.494,91.208,34.65,0.066,13107.2,244662.0,13.0,14.0,20.798,93.392,35.4,0.066,2129100.0,247065.0,4.0,13.0,62.334,91.524,36.736,0.066,15266600.0,238032.0,266.0,14.332,98.754,93.832,33.202,0.134,103057000.0,245684.0,35.0,13.322,94.932,90.668,34.136,0.068,47321900.0,238604.0,4.0,13.668,0
2.494,91.208,34.65,0.066,13107.2,244662.0,13.0,14.0,20.798,93.392,35.4,0.066,2129100.0,247065.0,4.0,13.0,62.334,91.524,36.736,0.066,15266600.0,238032.0,266.0,14.332,98.754,93.832,33.202,0.134,103057000.0,245684.0,35.0,13.322,94.932,90.668,34.136,0.068,47321900.0,238604.0,4.0,13.668,63.988,92.25,35.868,0.068,290999000.0,261043.0,27.0,13.678,0
20.798,93.392,35.4,0.066,2129100.0,247065.0,4.0,13.0,62.334,91.524,36.736,0.066,15266600.0,238032.0,266.0,14.332,98.754,93.832,33.202,0.134,103057000.0,245684.0,35.0,13.322,94.932,90.668,34.136,0.068,47321900.0,238604.0,4.0,13.668,63.988,92.25,35.868,0.068,290999000.0,261043.0,27.0,13.678,72.184,93.996,33.568000000000005,0.068,374614000.0,3216100.0,63.0,14.0,0
62.334,91.524,36.736,0.066,15266600.0,238032.0,266.0,14.332,98.754,93.832,33.202,0.134,103057000.0,245684.0,35.0,13.322,94.932,90.668,34.136,0.068,47321900.0,238604.0,4.0,13.668,63.988,92.25,35.868,0.068,290999000.0,261043.0,27.0,13.678,72.184,93.996,33.568000000000005,0.068,374614000.0,3216100.0,63.0,14.0,99.308,91.5,33.638000000000005,0.134,430080.0,260094.0,33.0,13.015999999999998,0
98.754,93.832,33.202,0.134,103057000.0,245684.0,35.0,13.322,94.932,90.668,34.136,0.068,47321900.0,238604.0,4.0,13.668,63.988,92.25,35.868,0.068,290999000.0,261043.0,27.0,13.678,72.184,93.996,33.568000000000005,0.068,374614000.0,3216100.0,63.0,14.0,99.308,91.5,33.638000000000005,0.134,430080.0,260094.0,33.0,13.015999999999998,99.77,92.816,37.418,0.066,272794.0,3244400.0,53.0,14.002,0
94.932,90.668,34.136,0.068,47321900.0,238604.0,4.0,13.668,63.988,92.25,35.868,0.068,290999000.0,261043.0,27.0,13.678,72.184,93.996,33.568000000000005,0.068,374614000.0,3216100.0,63.0,14.0,99.308,91.5,33.638000000000005,0.134,430080.0,260094.0,33.0,13.015999999999998,99.77,92.816,37.418,0.066,272794.0,3244400.0,53.0,14.002,76.082,91.148,32.934,0.066,123104000.0,226337.0,6.0,13.666,0
63.988,92.25,35.868,0.068,290999000.0,261043.0,27.0,13.678,72.184,93.996,33.568000000000005,0.068,374614000.0,3216100.0,63.0,14.0,99.308,91.5,33.638000000000005,0.134,430080.0,260094.0,33.0,13.015999999999998,99.77,92.816,37.418,0.066,272794.0,3244400.0,53.0,14.002,76.082,91.148,32.934,0.066,123104000.0,226337.0,6.0,13.666,0.1,89.06200000000004,33.052,0.066,18022.4,252188.0,5.0,14.0,0
72.184,93.996,33.568000000000005,0.068,374614000.0,3216100.0,63.0,14.0,99.308,91.5,33.638000000000005,0.134,430080.0,260094.0,33.0,13.015999999999998,99.77,92.816,37.418,0.066,272794.0,3244400.0,53.0,14.002,76.082,91.148,32.934,0.066,123104000.0,226337.0,6.0,13.666,0.1,89.06200000000004,33.052,0.066,18022.4,252188.0,5.0,14.0,0.102,91.1,33.262,0.066,0.0,245393.0,6.0,13.666,0
99.308,91.5,33.638000000000005,0.134,430080.0,260094.0,33.0,13.015999999999998,99.77,92.816,37.418,0.066,272794.0,3244400.0,53.0,14.002,76.082,91.148,32.934,0.066,123104000.0,226337.0,6.0,13.666,0.1,89.06200000000004,33.052,0.066,18022.4,252188.0,5.0,14.0,0.102,91.1,33.262,0.066,0.0,245393.0,6.0,13.666,0.1,93.0,33.654,0.132,0.0,241493.0,62.0,14.316,0
99.77,92.816,37.418,0.066,272794.0,3244400.0,53.0,14.002,76.082,91.148,32.934,0.066,123104000.0,226337.0,6.0,13.666,0.1,89.06200000000004,33.052,0.066,18022.4,252188.0,5.0,14.0,0.102,91.1,33.262,0.066,0.0,245393.0,6.0,13.666,0.1,93.0,33.654,0.132,0.0,241493.0,62.0,14.316,0.1,87.834,33.874,0.066,0.0,237706.0,146.0,12.668,0
76.082,91.148,32.934,0.066,123104000.0,226337.0,6.0,13.666,0.1,89.06200000000004,33.052,0.066,18022.4,252188.0,5.0,14.0,0.102,91.1,33.262,0.066,0.0,245393.0,6.0,13.666,0.1,93.0,33.654,0.132,0.0,241493.0,62.0,14.316,0.1,87.834,33.874,0.066,0.0,237706.0,146.0,12.668,0.066,90.584,34.108000000000004,0.066,0.0,245012.0,12.0,13.668,0
0.1,89.06200000000004,33.052,0.066,18022.4,252188.0,5.0,14.0,0.102,91.1,33.262,0.066,0.0,245393.0,6.0,13.666,0.1,93.0,33.654,0.132,0.0,241493.0,62.0,14.316,0.1,87.834,33.874,0.066,0.0,237706.0,146.0,12.668,0.066,90.584,34.108000000000004,0.066,0.0,245012.0,12.0,13.668,0.102,92.624,33.78,0.066,0.0,237909.0,88.0,13.332,0
0.102,91.1,33.262,0.066,0.0,245393.0,6.0,13.666,0.1,93.0,33.654,0.132,0.0,241493.0,62.0,14.316,0.1,87.834,33.874,0.066,0.0,237706.0,146.0,12.668,0.066,90.584,34.108000000000004,0.066,0.0,245012.0,12.0,13.668,0.102,92.624,33.78,0.066,0.0,237909.0,88.0,13.332,0.098,89.292,34.436,0.068,0.0,253078.0,74.0,13.334,0
0.1,93.0,33.654,0.132,0.0,241493.0,62.0,14.316,0.1,87.834,33.874,0.066,0.0,237706.0,146.0,12.668,0.066,90.584,34.108000000000004,0.066,0.0,245012.0,12.0,13.668,0.102,92.624,33.78,0.066,0.0,237909.0,88.0,13.332,0.098,89.292,34.436,0.068,0.0,253078.0,74.0,13.334,0.068,91.416,37.184,0.066,0.0,240168.0,220.0,13.35,0
0.1,87.834,33.874,0.066,0.0,237706.0,146.0,12.668,0.066,90.584,34.108000000000004,0.066,0.0,245012.0,12.0,13.668,0.102,92.624,33.78,0.066,0.0,237909.0,88.0,13.332,0.098,89.292,34.436,0.068,0.0,253078.0,74.0,13.334,0.068,91.416,37.184,0.066,0.0,240168.0,220.0,13.35,0.102,91.624,32.464,0.136,0.0,3248870.0,104.0,13.666,0
0.066,90.584,34.108000000000004,0.066,0.0,245012.0,12.0,13.668,0.102,92.624,33.78,0.066,0.0,237909.0,88.0,13.332,0.098,89.292,34.436,0.068,0.0,253078.0,74.0,13.334,0.068,91.416,37.184,0.066,0.0,240168.0,220.0,13.35,0.102,91.624,32.464,0.136,0.0,3248870.0,104.0,13.666,37.862,88.5,35.634,0.066,7878250.0,250435.0,55.0,12.982,0
0.102,92.624,33.78,0.066,0.0,237909.0,88.0,13.332,0.098,89.292,34.436,0.068,0.0,253078.0,74.0,13.334,0.068,91.416,37.184,0.066,0.0,240168.0,220.0,13.35,0.102,91.624,32.464,0.136,0.0,3248870.0,104.0,13.666,37.862,88.5,35.634,0.066,7878250.0,250435.0,55.0,12.982,97.278,91.5,34.6,0.068,107195000.0,3256320.0,39.0,13.668,0
0.098,89.292,34.436,0.068,0.0,253078.0,74.0,13.334,0.068,91.416,37.184,0.066,0.0,240168.0,220.0,13.35,0.102,91.624,32.464,0.136,0.0,3248870.0,104.0,13.666,37.862,88.5,35.634,0.066,7878250.0,250435.0,55.0,12.982,97.278,91.5,34.6,0.068,107195000.0,3256320.0,39.0,13.668,83.27600000000002,93.126,33.616,0.132,44328600.0,230605.0,51.0,14.0,0
0.068,91.416,37.184,0.066,0.0,240168.0,220.0,13.35,0.102,91.624,32.464,0.136,0.0,3248870.0,104.0,13.666,37.862,88.5,35.634,0.066,7878250.0,250435.0,55.0,12.982,97.278,91.5,34.6,0.068,107195000.0,3256320.0,39.0,13.668,83.27600000000002,93.126,33.616,0.132,44328600.0,230605.0,51.0,14.0,72.672,91.536,33.99,0.066,636591000.0,254587.0,26.0,13.336,0
0.102,91.624,32.464,0.136,0.0,3248870.0,104.0,13.666,37.862,88.5,35.634,0.066,7878250.0,250435.0,55.0,12.982,97.278,91.5,34.6,0.068,107195000.0,3256320.0,39.0,13.668,83.27600000000002,93.126,33.616,0.132,44328600.0,230605.0,51.0,14.0,72.672,91.536,33.99,0.066,636591000.0,254587.0,26.0,13.336,98.07,92.892,33.756,0.066,22303500.0,234093.0,6.0,13.015999999999998,0
37.862,88.5,35.634,0.066,7878250.0,250435.0,55.0,12.982,97.278,91.5,34.6,0.068,107195000.0,3256320.0,39.0,13.668,83.27600000000002,93.126,33.616,0.132,44328600.0,230605.0,51.0,14.0,72.672,91.536,33.99,0.066,636591000.0,254587.0,26.0,13.336,98.07,92.892,33.756,0.066,22303500.0,234093.0,6.0,13.015999999999998,99.834,89.35,36.59,0.068,0.0,241980.0,68.0,13.656,0
97.278,91.5,34.6,0.068,107195000.0,3256320.0,39.0,13.668,83.27600000000002,93.126,33.616,0.132,44328600.0,230605.0,51.0,14.0,72.672,91.536,33.99,0.066,636591000.0,254587.0,26.0,13.336,98.07,92.892,33.756,0.066,22303500.0,234093.0,6.0,13.015999999999998,99.834,89.35,36.59,0.068,0.0,241980.0,68.0,13.656,61.862,88.584,35.406,0.066,121120000.0,261849.0,107.0,13.334,0
83.27600000000002,93.126,33.616,0.132,44328600.0,230605.0,51.0,14.0,72.672,91.536,33.99,0.066,636591000.0,254587.0,26.0,13.336,98.07,92.892,33.756,0.066,22303500.0,234093.0,6.0,13.015999999999998,99.834,89.35,36.59,0.068,0.0,241980.0,68.0,13.656,61.862,88.584,35.406,0.066,121120000.0,261849.0,107.0,13.334,0.1,89.52799999999998,31.292,0.134,0.0,242223.0,63.0,14.334,0
72.672,91.536,33.99,0.066,636591000.0,254587.0,26.0,13.336,98.07,92.892,33.756,0.066,22303500.0,234093.0,6.0,13.015999999999998,99.834,89.35,36.59,0.068,0.0,241980.0,68.0,13.656,61.862,88.584,35.406,0.066,121120000.0,261849.0,107.0,13.334,0.1,89.52799999999998,31.292,0.134,0.0,242223.0,63.0,14.334,0.068,89.042,33.348,0.068,0.0,256740.0,158.0,13.65,0
98.07,92.892,33.756,0.066,22303500.0,234093.0,6.0,13.015999999999998,99.834,89.35,36.59,0.068,0.0,241980.0,68.0,13.656,61.862,88.584,35.406,0.066,121120000.0,261849.0,107.0,13.334,0.1,89.52799999999998,31.292,0.134,0.0,242223.0,63.0,14.334,0.068,89.042,33.348,0.068,0.0,256740.0,158.0,13.65,0.1,92.55,34.12,0.066,0.0,236921.0,115.0,13.0,0
99.834,89.35,36.59,0.068,0.0,241980.0,68.0,13.656,61.862,88.584,35.406,0.066,121120000.0,261849.0,107.0,13.334,0.1,89.52799999999998,31.292,0.134,0.0,242223.0,63.0,14.334,0.068,89.042,33.348,0.068,0.0,256740.0,158.0,13.65,0.1,92.55,34.12,0.066,0.0,236921.0,115.0,13.0,0.1,90.712,37.112,0.066,0.0,271067.0,6.0,13.666,0
61.862,88.584,35.406,0.066,121120000.0,261849.0,107.0,13.334,0.1,89.52799999999998,31.292,0.134,0.0,242223.0,63.0,14.334,0.068,89.042,33.348,0.068,0.0,256740.0,158.0,13.65,0.1,92.55,34.12,0.066,0.0,236921.0,115.0,13.0,0.1,90.712,37.112,0.066,0.0,271067.0,6.0,13.666,0.102,92.208,31.472,0.134,0.0,3197710.0,105.0,13.666,0
0.1,89.52799999999998,31.292,0.134,0.0,242223.0,63.0,14.334,0.068,89.042,33.348,0.068,0.0,256740.0,158.0,13.65,0.1,92.55,34.12,0.066,0.0,236921.0,115.0,13.0,0.1,90.712,37.112,0.066,0.0,271067.0,6.0,13.666,0.102,92.208,31.472,0.134,0.0,3197710.0,105.0,13.666,0.2019999999999999,93.084,34.014,0.066,3276.8,260255.0,109.0,13.332,0
0.068,89.042,33.348,0.068,0.0,256740.0,158.0,13.65,0.1,92.55,34.12,0.066,0.0,236921.0,115.0,13.0,0.1,90.712,37.112,0.066,0.0,271067.0,6.0,13.666,0.102,92.208,31.472,0.134,0.0,3197710.0,105.0,13.666,0.2019999999999999,93.084,34.014,0.066,3276.8,260255.0,109.0,13.332,0.134,90.82,38.052,0.068,0.0,3242430.0,138.0,13.63,0
0.1,92.55,34.12,0.066,0.0,236921.0,115.0,13.0,0.1,90.712,37.112,0.066,0.0,271067.0,6.0,13.666,0.102,92.208,31.472,0.134,0.0,3197710.0,105.0,13.666,0.2019999999999999,93.084,34.014,0.066,3276.8,260255.0,109.0,13.332,0.134,90.82,38.052,0.068,0.0,3242430.0,138.0,13.63,0.1,88.542,32.042,0.066,0.0,245469.0,77.0,14.368,0
0.1,90.712,37.112,0.066,0.0,271067.0,6.0,13.666,0.102,92.208,31.472,0.134,0.0,3197710.0,105.0,13.666,0.2019999999999999,93.084,34.014,0.066,3276.8,260255.0,109.0,13.332,0.134,90.82,38.052,0.068,0.0,3242430.0,138.0,13.63,0.1,88.542,32.042,0.066,0.0,245469.0,77.0,14.368,0.102,89.75,34.718,0.134,0.0,251011.0,47.0,12.666,0
0.102,92.208,31.472,0.134,0.0,3197710.0,105.0,13.666,0.2019999999999999,93.084,34.014,0.066,3276.8,260255.0,109.0,13.332,0.134,90.82,38.052,0.068,0.0,3242430.0,138.0,13.63,0.1,88.542,32.042,0.066,0.0,245469.0,77.0,14.368,0.102,89.75,34.718,0.134,0.0,251011.0,47.0,12.666,0.1,96.708,35.152,0.066,0.0,238685.0,92.0,13.332,0
0.2019999999999999,93.084,34.014,0.066,3276.8,260255.0,109.0,13.332,0.134,90.82,38.052,0.068,0.0,3242430.0,138.0,13.63,0.1,88.542,32.042,0.066,0.0,245469.0,77.0,14.368,0.102,89.75,34.718,0.134,0.0,251011.0,47.0,12.666,0.1,96.708,35.152,0.066,0.0,238685.0,92.0,13.332,0.102,93.75,33.85,0.066,0.0,241960.0,187.0,13.666,0
0.134,90.82,38.052,0.068,0.0,3242430.0,138.0,13.63,0.1,88.542,32.042,0.066,0.0,245469.0,77.0,14.368,0.102,89.75,34.718,0.134,0.0,251011.0,47.0,12.666,0.1,96.708,35.152,0.066,0.0,238685.0,92.0,13.332,0.102,93.75,33.85,0.066,0.0,241960.0,187.0,13.666,0.1,92.458,33.498000000000005,0.068,0.0,233066.0,38.0,13.666,0
0.1,88.542,32.042,0.066,0.0,245469.0,77.0,14.368,0.102,89.75,34.718,0.134,0.0,251011.0,47.0,12.666,0.1,96.708,35.152,0.066,0.0,238685.0,92.0,13.332,0.102,93.75,33.85,0.066,0.0,241960.0,187.0,13.666,0.1,92.458,33.498000000000005,0.068,0.0,233066.0,38.0,13.666,0.302,94.534,34.53,0.068,18022.4,283861.0,67.0,13.334,0
0.102,89.75,34.718,0.134,0.0,251011.0,47.0,12.666,0.1,96.708,35.152,0.066,0.0,238685.0,92.0,13.332,0.102,93.75,33.85,0.066,0.0,241960.0,187.0,13.666,0.1,92.458,33.498000000000005,0.068,0.0,233066.0,38.0,13.666,0.302,94.534,34.53,0.068,18022.4,283861.0,67.0,13.334,0.1,95.454,34.414,0.132,0.0,240062.0,29.0,13.332,0
0.1,96.708,35.152,0.066,0.0,238685.0,92.0,13.332,0.102,93.75,33.85,0.066,0.0,241960.0,187.0,13.666,0.1,92.458,33.498000000000005,0.068,0.0,233066.0,38.0,13.666,0.302,94.534,34.53,0.068,18022.4,283861.0,67.0,13.334,0.1,95.454,34.414,0.132,0.0,240062.0,29.0,13.332,0.066,92.084,36.15,0.068,0.0,257465.0,59.0,13.416,0
0.102,93.75,33.85,0.066,0.0,241960.0,187.0,13.666,0.1,92.458,33.498000000000005,0.068,0.0,233066.0,38.0,13.666,0.302,94.534,34.53,0.068,18022.4,283861.0,67.0,13.334,0.1,95.454,34.414,0.132,0.0,240062.0,29.0,13.332,0.066,92.084,36.15,0.068,0.0,257465.0,59.0,13.416,0.1,92.584,34.176,0.066,0.0,254978.0,93.0,13.3,0
0.1,92.458,33.498000000000005,0.068,0.0,233066.0,38.0,13.666,0.302,94.534,34.53,0.068,18022.4,283861.0,67.0,13.334,0.1,95.454,34.414,0.132,0.0,240062.0,29.0,13.332,0.066,92.084,36.15,0.068,0.0,257465.0,59.0,13.416,0.1,92.584,34.176,0.066,0.0,254978.0,93.0,13.3,0.1,90.124,34.05,0.066,0.0,3235440.0,76.0,13.332,0
0.302,94.534,34.53,0.068,18022.4,283861.0,67.0,13.334,0.1,95.454,34.414,0.132,0.0,240062.0,29.0,13.332,0.066,92.084,36.15,0.068,0.0,257465.0,59.0,13.416,0.1,92.584,34.176,0.066,0.0,254978.0,93.0,13.3,0.1,90.124,34.05,0.066,0.0,3235440.0,76.0,13.332,0.1,88.48200000000001,34.558,0.136,0.0,255754.0,125.0,13.984000000000002,0
0.1,95.454,34.414,0.132,0.0,240062.0,29.0,13.332,0.066,92.084,36.15,0.068,0.0,257465.0,59.0,13.416,0.1,92.584,34.176,0.066,0.0,254978.0,93.0,13.3,0.1,90.124,34.05,0.066,0.0,3235440.0,76.0,13.332,0.1,88.48200000000001,34.558,0.136,0.0,255754.0,125.0,13.984000000000002,0.236,89.376,40.184,0.066,3276.8,3227150.0,103.0,13.0,0
0.066,92.084,36.15,0.068,0.0,257465.0,59.0,13.416,0.1,92.584,34.176,0.066,0.0,254978.0,93.0,13.3,0.1,90.124,34.05,0.066,0.0,3235440.0,76.0,13.332,0.1,88.48200000000001,34.558,0.136,0.0,255754.0,125.0,13.984000000000002,0.236,89.376,40.184,0.066,3276.8,3227150.0,103.0,13.0,0.1,90.626,31.996,0.068,0.0,236078.0,182.0,14.334,0
0.1,92.584,34.176,0.066,0.0,254978.0,93.0,13.3,0.1,90.124,34.05,0.066,0.0,3235440.0,76.0,13.332,0.1,88.48200000000001,34.558,0.136,0.0,255754.0,125.0,13.984000000000002,0.236,89.376,40.184,0.066,3276.8,3227150.0,103.0,13.0,0.1,90.626,31.996,0.068,0.0,236078.0,182.0,14.334,0.1,86.064,33.31,0.066,0.0,388240.0,134.0,13.666,0
0.1,90.124,34.05,0.066,0.0,3235440.0,76.0,13.332,0.1,88.48200000000001,34.558,0.136,0.0,255754.0,125.0,13.984000000000002,0.236,89.376,40.184,0.066,3276.8,3227150.0,103.0,13.0,0.1,90.626,31.996,0.068,0.0,236078.0,182.0,14.334,0.1,86.064,33.31,0.066,0.0,388240.0,134.0,13.666,0.066,89.012,35.856,0.066,0.0,236777.0,59.0,14.0,0
0.1,88.48200000000001,34.558,0.136,0.0,255754.0,125.0,13.984000000000002,0.236,89.376,40.184,0.066,3276.8,3227150.0,103.0,13.0,0.1,90.626,31.996,0.068,0.0,236078.0,182.0,14.334,0.1,86.064,33.31,0.066,0.0,388240.0,134.0,13.666,0.066,89.012,35.856,0.066,0.0,236777.0,59.0,14.0,0.102,87.656,35.462,0.134,0.0,227627.0,48.0,13.328,0
0.236,89.376,40.184,0.066,3276.8,3227150.0,103.0,13.0,0.1,90.626,31.996,0.068,0.0,236078.0,182.0,14.334,0.1,86.064,33.31,0.066,0.0,388240.0,134.0,13.666,0.066,89.012,35.856,0.066,0.0,236777.0,59.0,14.0,0.102,87.656,35.462,0.134,0.0,227627.0,48.0,13.328,0.1,91.634,33.818000000000005,0.066,0.0,252311.0,102.0,13.668,0
0.1,90.626,31.996,0.068,0.0,236078.0,182.0,14.334,0.1,86.064,33.31,0.066,0.0,388240.0,134.0,13.666,0.066,89.012,35.856,0.066,0.0,236777.0,59.0,14.0,0.102,87.656,35.462,0.134,0.0,227627.0,48.0,13.328,0.1,91.634,33.818000000000005,0.066,0.0,252311.0,102.0,13.668,0.1,87.08,33.568000000000005,0.066,0.0,242327.0,82.0,13.0,0
0.1,86.064,33.31,0.066,0.0,388240.0,134.0,13.666,0.066,89.012,35.856,0.066,0.0,236777.0,59.0,14.0,0.102,87.656,35.462,0.134,0.0,227627.0,48.0,13.328,0.1,91.634,33.818000000000005,0.066,0.0,252311.0,102.0,13.668,0.1,87.08,33.568000000000005,0.066,0.0,242327.0,82.0,13.0,0.1,88.958,34.976,0.066,0.0,241642.0,280.0,14.0,0
0.066,89.012,35.856,0.066,0.0,236777.0,59.0,14.0,0.102,87.656,35.462,0.134,0.0,227627.0,48.0,13.328,0.1,91.634,33.818000000000005,0.066,0.0,252311.0,102.0,13.668,0.1,87.08,33.568000000000005,0.066,0.0,242327.0,82.0,13.0,0.1,88.958,34.976,0.066,0.0,241642.0,280.0,14.0,0.066,90.084,32.652,0.068,0.0,248389.0,66.0,13.0,0
0.102,87.656,35.462,0.134,0.0,227627.0,48.0,13.328,0.1,91.634,33.818000000000005,0.066,0.0,252311.0,102.0,13.668,0.1,87.08,33.568000000000005,0.066,0.0,242327.0,82.0,13.0,0.1,88.958,34.976,0.066,0.0,241642.0,280.0,14.0,0.066,90.084,32.652,0.068,0.0,248389.0,66.0,13.0,0.098,92.126,38.24,0.066,0.0,273570.0,34.0,13.702,0
0.1,91.634,33.818000000000005,0.066,0.0,252311.0,102.0,13.668,0.1,87.08,33.568000000000005,0.066,0.0,242327.0,82.0,13.0,0.1,88.958,34.976,0.066,0.0,241642.0,280.0,14.0,0.066,90.084,32.652,0.068,0.0,248389.0,66.0,13.0,0.098,92.126,38.24,0.066,0.0,273570.0,34.0,13.702,0.264,93.624,33.78,0.134,31129.6,3306410.0,105.0,13.974,0
0.1,87.08,33.568000000000005,0.066,0.0,242327.0,82.0,13.0,0.1,88.958,34.976,0.066,0.0,241642.0,280.0,14.0,0.066,90.084,32.652,0.068,0.0,248389.0,66.0,13.0,0.098,92.126,38.24,0.066,0.0,273570.0,34.0,13.702,0.264,93.624,33.78,0.134,31129.6,3306410.0,105.0,13.974,0.102,88.416,32.86,0.068,0.0,262106.0,87.0,13.332,0
0.1,88.958,34.976,0.066,0.0,241642.0,280.0,14.0,0.066,90.084,32.652,0.068,0.0,248389.0,66.0,13.0,0.098,92.126,38.24,0.066,0.0,273570.0,34.0,13.702,0.264,93.624,33.78,0.134,31129.6,3306410.0,105.0,13.974,0.102,88.416,32.86,0.068,0.0,262106.0,87.0,13.332,0.1,90.75,35.564,0.066,0.0,3242880.0,28.0,14.002,0
0.066,90.084,32.652,0.068,0.0,248389.0,66.0,13.0,0.098,92.126,38.24,0.066,0.0,273570.0,34.0,13.702,0.264,93.624,33.78,0.134,31129.6,3306410.0,105.0,13.974,0.102,88.416,32.86,0.068,0.0,262106.0,87.0,13.332,0.1,90.75,35.564,0.066,0.0,3242880.0,28.0,14.002,0.102,90.104,34.226,0.066,0.0,283567.0,33.0,13.332,0
0.098,92.126,38.24,0.066,0.0,273570.0,34.0,13.702,0.264,93.624,33.78,0.134,31129.6,3306410.0,105.0,13.974,0.102,88.416,32.86,0.068,0.0,262106.0,87.0,13.332,0.1,90.75,35.564,0.066,0.0,3242880.0,28.0,14.002,0.102,90.104,34.226,0.066,0.0,283567.0,33.0,13.332,0.132,90.5,35.548,0.134,9830.4,273127.0,100.0,12.628,0
0.264,93.624,33.78,0.134,31129.6,3306410.0,105.0,13.974,0.102,88.416,32.86,0.068,0.0,262106.0,87.0,13.332,0.1,90.75,35.564,0.066,0.0,3242880.0,28.0,14.002,0.102,90.104,34.226,0.066,0.0,283567.0,33.0,13.332,0.132,90.5,35.548,0.134,9830.4,273127.0,100.0,12.628,0.132,88.916,37.324,0.068,31129.6,260175.0,112.0,13.666,0
0.102,88.416,32.86,0.068,0.0,262106.0,87.0,13.332,0.1,90.75,35.564,0.066,0.0,3242880.0,28.0,14.002,0.102,90.104,34.226,0.066,0.0,283567.0,33.0,13.332,0.132,90.5,35.548,0.134,9830.4,273127.0,100.0,12.628,0.132,88.916,37.324,0.068,31129.6,260175.0,112.0,13.666,0.134,88.666,34.484,0.068,27852.8,251403.0,43.0,13.992,0
0.1,90.75,35.564,0.066,0.0,3242880.0,28.0,14.002,0.102,90.104,34.226,0.066,0.0,283567.0,33.0,13.332,0.132,90.5,35.548,0.134,9830.4,273127.0,100.0,12.628,0.132,88.916,37.324,0.068,31129.6,260175.0,112.0,13.666,0.134,88.666,34.484,0.068,27852.8,251403.0,43.0,13.992,0.3,90.394,35.046,0.066,22937.6,251817.0,60.0,13.666,0
0.102,90.104,34.226,0.066,0.0,283567.0,33.0,13.332,0.132,90.5,35.548,0.134,9830.4,273127.0,100.0,12.628,0.132,88.916,37.324,0.068,31129.6,260175.0,112.0,13.666,0.134,88.666,34.484,0.068,27852.8,251403.0,43.0,13.992,0.3,90.394,35.046,0.066,22937.6,251817.0,60.0,13.666,60.56800000000001,92.666,34.472,0.066,282130000.0,273249.0,53.0,13.666,0
0.132,90.5,35.548,0.134,9830.4,273127.0,100.0,12.628,0.132,88.916,37.324,0.068,31129.6,260175.0,112.0,13.666,0.134,88.666,34.484,0.068,27852.8,251403.0,43.0,13.992,0.3,90.394,35.046,0.066,22937.6,251817.0,60.0,13.666,60.56800000000001,92.666,34.472,0.066,282130000.0,273249.0,53.0,13.666,94.502,92.75,34.648,0.066,561830000.0,238988.0,65.0,13.666,0
0.132,88.916,37.324,0.068,31129.6,260175.0,112.0,13.666,0.134,88.666,34.484,0.068,27852.8,251403.0,43.0,13.992,0.3,90.394,35.046,0.066,22937.6,251817.0,60.0,13.666,60.56800000000001,92.666,34.472,0.066,282130000.0,273249.0,53.0,13.666,94.502,92.75,34.648,0.066,561830000.0,238988.0,65.0,13.666,97.272,90.334,35.466,0.136,546669000.0,275365.0,19.0,12.962,0
0.134,88.666,34.484,0.068,27852.8,251403.0,43.0,13.992,0.3,90.394,35.046,0.066,22937.6,251817.0,60.0,13.666,60.56800000000001,92.666,34.472,0.066,282130000.0,273249.0,53.0,13.666,94.502,92.75,34.648,0.066,561830000.0,238988.0,65.0,13.666,97.272,90.334,35.466,0.136,546669000.0,275365.0,19.0,12.962,43.896,92.25,36.384,0.068,283793000.0,291390.0,131.0,13.332,0
0.3,90.394,35.046,0.066,22937.6,251817.0,60.0,13.666,60.56800000000001,92.666,34.472,0.066,282130000.0,273249.0,53.0,13.666,94.502,92.75,34.648,0.066,561830000.0,238988.0,65.0,13.666,97.272,90.334,35.466,0.136,546669000.0,275365.0,19.0,12.962,43.896,92.25,36.384,0.068,283793000.0,291390.0,131.0,13.332,2.272,97.084,34.952,0.068,14745.6,3359020.0,144.0,14.0,0
60.56800000000001,92.666,34.472,0.066,282130000.0,273249.0,53.0,13.666,94.502,92.75,34.648,0.066,561830000.0,238988.0,65.0,13.666,97.272,90.334,35.466,0.136,546669000.0,275365.0,19.0,12.962,43.896,92.25,36.384,0.068,283793000.0,291390.0,131.0,13.332,2.272,97.084,34.952,0.068,14745.6,3359020.0,144.0,14.0,2.068,93.012,32.898,0.134,0.0,399001.0,85.0,14.664,0
94.502,92.75,34.648,0.066,561830000.0,238988.0,65.0,13.666,97.272,90.334,35.466,0.136,546669000.0,275365.0,19.0,12.962,43.896,92.25,36.384,0.068,283793000.0,291390.0,131.0,13.332,2.272,97.084,34.952,0.068,14745.6,3359020.0,144.0,14.0,2.068,93.012,32.898,0.134,0.0,399001.0,85.0,14.664,77.902,94.212,37.464,0.066,342781000.0,3561460.0,15.0,14.334,0
97.272,90.334,35.466,0.136,546669000.0,275365.0,19.0,12.962,43.896,92.25,36.384,0.068,283793000.0,291390.0,131.0,13.332,2.272,97.084,34.952,0.068,14745.6,3359020.0,144.0,14.0,2.068,93.012,32.898,0.134,0.0,399001.0,85.0,14.664,77.902,94.212,37.464,0.066,342781000.0,3561460.0,15.0,14.334,98.474,95.612,36.104,0.066,682892000.0,339291.0,40.0,13.666,0
43.896,92.25,36.384,0.068,283793000.0,291390.0,131.0,13.332,2.272,97.084,34.952,0.068,14745.6,3359020.0,144.0,14.0,2.068,93.012,32.898,0.134,0.0,399001.0,85.0,14.664,77.902,94.212,37.464,0.066,342781000.0,3561460.0,15.0,14.334,98.474,95.612,36.104,0.066,682892000.0,339291.0,40.0,13.666,98.174,95.834,34.726,0.068,663439000.0,390198.0,135.0,13.336,0
2.272,97.084,34.952,0.068,14745.6,3359020.0,144.0,14.0,2.068,93.012,32.898,0.134,0.0,399001.0,85.0,14.664,77.902,94.212,37.464,0.066,342781000.0,3561460.0,15.0,14.334,98.474,95.612,36.104,0.066,682892000.0,339291.0,40.0,13.666,98.174,95.834,34.726,0.068,663439000.0,390198.0,135.0,13.336,98.698,96.084,34.088,0.068,575128000.0,399884.0,10.0,13.0,0
2.068,93.012,32.898,0.134,0.0,399001.0,85.0,14.664,77.902,94.212,37.464,0.066,342781000.0,3561460.0,15.0,14.334,98.474,95.612,36.104,0.066,682892000.0,339291.0,40.0,13.666,98.174,95.834,34.726,0.068,663439000.0,390198.0,135.0,13.336,98.698,96.084,34.088,0.068,575128000.0,399884.0,10.0,13.0,98.478,93.754,37.418,0.134,620649000.0,372872.0,114.0,14.0,0
77.902,94.212,37.464,0.066,342781000.0,3561460.0,15.0,14.334,98.474,95.612,36.104,0.066,682892000.0,339291.0,40.0,13.666,98.174,95.834,34.726,0.068,663439000.0,390198.0,135.0,13.336,98.698,96.084,34.088,0.068,575128000.0,399884.0,10.0,13.0,98.478,93.754,37.418,0.134,620649000.0,372872.0,114.0,14.0,98.934,95.042,32.09,0.066,625776000.0,389524.0,226.0,12.988,0
98.474,95.612,36.104,0.066,682892000.0,339291.0,40.0,13.666,98.174,95.834,34.726,0.068,663439000.0,390198.0,135.0,13.336,98.698,96.084,34.088,0.068,575128000.0,399884.0,10.0,13.0,98.478,93.754,37.418,0.134,620649000.0,372872.0,114.0,14.0,98.934,95.042,32.09,0.066,625776000.0,389524.0,226.0,12.988,98.436,95.75,33.216,0.066,633349000.0,1163670.0,45.0,13.334,0
98.174,95.834,34.726,0.068,663439000.0,390198.0,135.0,13.336,98.698,96.084,34.088,0.068,575128000.0,399884.0,10.0,13.0,98.478,93.754,37.418,0.134,620649000.0,372872.0,114.0,14.0,98.934,95.042,32.09,0.066,625776000.0,389524.0,226.0,12.988,98.436,95.75,33.216,0.066,633349000.0,1163670.0,45.0,13.334,98.282,95.834,34.588,0.066,633300000.0,397407.0,22.0,13.644,0
98.698,96.084,34.088,0.068,575128000.0,399884.0,10.0,13.0,98.478,93.754,37.418,0.134,620649000.0,372872.0,114.0,14.0,98.934,95.042,32.09,0.066,625776000.0,389524.0,226.0,12.988,98.436,95.75,33.216,0.066,633349000.0,1163670.0,45.0,13.334,98.282,95.834,34.588,0.066,633300000.0,397407.0,22.0,13.644,98.844,96.292,34.568000000000005,0.066,584634000.0,389204.0,133.0,13.634,0
98.478,93.754,37.418,0.134,620649000.0,372872.0,114.0,14.0,98.934,95.042,32.09,0.066,625776000.0,389524.0,226.0,12.988,98.436,95.75,33.216,0.066,633349000.0,1163670.0,45.0,13.334,98.282,95.834,34.588,0.066,633300000.0,397407.0,22.0,13.644,98.844,96.292,34.568000000000005,0.066,584634000.0,389204.0,133.0,13.634,99.112,95.918,38.076,0.134,683276000.0,404224.0,64.0,12.664,0
98.934,95.042,32.09,0.066,625776000.0,389524.0,226.0,12.988,98.436,95.75,33.216,0.066,633349000.0,1163670.0,45.0,13.334,98.282,95.834,34.588,0.066,633300000.0,397407.0,22.0,13.644,98.844,96.292,34.568000000000005,0.066,584634000.0,389204.0,133.0,13.634,99.112,95.918,38.076,0.134,683276000.0,404224.0,64.0,12.664,72.71,95.334,37.696,0.066,400653000.0,3360440.0,87.0,14.29,0
98.436,95.75,33.216,0.066,633349000.0,1163670.0,45.0,13.334,98.282,95.834,34.588,0.066,633300000.0,397407.0,22.0,13.644,98.844,96.292,34.568000000000005,0.066,584634000.0,389204.0,133.0,13.634,99.112,95.918,38.076,0.134,683276000.0,404224.0,64.0,12.664,72.71,95.334,37.696,0.066,400653000.0,3360440.0,87.0,14.29,54.038,93.292,34.288000000000004,0.066,365531000.0,403175.0,52.0,12.998,0
98.282,95.834,34.588,0.066,633300000.0,397407.0,22.0,13.644,98.844,96.292,34.568000000000005,0.066,584634000.0,389204.0,133.0,13.634,99.112,95.918,38.076,0.134,683276000.0,404224.0,64.0,12.664,72.71,95.334,37.696,0.066,400653000.0,3360440.0,87.0,14.29,54.038,93.292,34.288000000000004,0.066,365531000.0,403175.0,52.0,12.998,1.932,95.376,34.212,0.132,0.0,3378150.0,45.0,13.67,0
98.844,96.292,34.568000000000005,0.066,584634000.0,389204.0,133.0,13.634,99.112,95.918,38.076,0.134,683276000.0,404224.0,64.0,12.664,72.71,95.334,37.696,0.066,400653000.0,3360440.0,87.0,14.29,54.038,93.292,34.288000000000004,0.066,365531000.0,403175.0,52.0,12.998,1.932,95.376,34.212,0.132,0.0,3378150.0,45.0,13.67,1.798,95.626,36.598,0.066,0.0,373712.0,108.0,13.378,0
99.112,95.918,38.076,0.134,683276000.0,404224.0,64.0,12.664,72.71,95.334,37.696,0.066,400653000.0,3360440.0,87.0,14.29,54.038,93.292,34.288000000000004,0.066,365531000.0,403175.0,52.0,12.998,1.932,95.376,34.212,0.132,0.0,3378150.0,45.0,13.67,1.798,95.626,36.598,0.066,0.0,373712.0,108.0,13.378,1.89,96.674,31.502,0.066,0.0,410708.0,89.0,13.626,0
72.71,95.334,37.696,0.066,400653000.0,3360440.0,87.0,14.29,54.038,93.292,34.288000000000004,0.066,365531000.0,403175.0,52.0,12.998,1.932,95.376,34.212,0.132,0.0,3378150.0,45.0,13.67,1.798,95.626,36.598,0.066,0.0,373712.0,108.0,13.378,1.89,96.674,31.502,0.066,0.0,410708.0,89.0,13.626,1.906,92.43,34.026,0.066,0.0,378684.0,136.0,13.332,0
54.038,93.292,34.288000000000004,0.066,365531000.0,403175.0,52.0,12.998,1.932,95.376,34.212,0.132,0.0,3378150.0,45.0,13.67,1.798,95.626,36.598,0.066,0.0,373712.0,108.0,13.378,1.89,96.674,31.502,0.066,0.0,410708.0,89.0,13.626,1.906,92.43,34.026,0.066,0.0,378684.0,136.0,13.332,1.898,93.542,37.63,0.066,0.0,410979.0,41.0,14.334,0
1.932,95.376,34.212,0.132,0.0,3378150.0,45.0,13.67,1.798,95.626,36.598,0.066,0.0,373712.0,108.0,13.378,1.89,96.674,31.502,0.066,0.0,410708.0,89.0,13.626,1.906,92.43,34.026,0.066,0.0,378684.0,136.0,13.332,1.898,93.542,37.63,0.066,0.0,410979.0,41.0,14.334,1.898,94.958,34.248000000000005,0.132,0.0,391032.0,237.0,13.044,0
1.798,95.626,36.598,0.066,0.0,373712.0,108.0,13.378,1.89,96.674,31.502,0.066,0.0,410708.0,89.0,13.626,1.906,92.43,34.026,0.066,0.0,378684.0,136.0,13.332,1.898,93.542,37.63,0.066,0.0,410979.0,41.0,14.334,1.898,94.958,34.248000000000005,0.132,0.0,391032.0,237.0,13.044,1.932,96.416,34.976,0.132,0.0,1190060.0,145.0,13.636,0
1.89,96.674,31.502,0.066,0.0,410708.0,89.0,13.626,1.906,92.43,34.026,0.066,0.0,378684.0,136.0,13.332,1.898,93.542,37.63,0.066,0.0,410979.0,41.0,14.334,1.898,94.958,34.248000000000005,0.132,0.0,391032.0,237.0,13.044,1.932,96.416,34.976,0.132,0.0,1190060.0,145.0,13.636,1.892,96.818,34.672,0.068,0.0,383999.0,85.0,13.334,0
1.906,92.43,34.026,0.066,0.0,378684.0,136.0,13.332,1.898,93.542,37.63,0.066,0.0,410979.0,41.0,14.334,1.898,94.958,34.248000000000005,0.132,0.0,391032.0,237.0,13.044,1.932,96.416,34.976,0.132,0.0,1190060.0,145.0,13.636,1.892,96.818,34.672,0.068,0.0,383999.0,85.0,13.334,1.896,94.074,35.658,0.066,0.0,399979.0,60.0,13.702,0
1.898,93.542,37.63,0.066,0.0,410979.0,41.0,14.334,1.898,94.958,34.248000000000005,0.132,0.0,391032.0,237.0,13.044,1.932,96.416,34.976,0.132,0.0,1190060.0,145.0,13.636,1.892,96.818,34.672,0.068,0.0,383999.0,85.0,13.334,1.896,94.074,35.658,0.066,0.0,399979.0,60.0,13.702,1.804,94.98,35.086,0.134,0.0,373990.0,168.0,12.678,0
1.898,94.958,34.248000000000005,0.132,0.0,391032.0,237.0,13.044,1.932,96.416,34.976,0.132,0.0,1190060.0,145.0,13.636,1.892,96.818,34.672,0.068,0.0,383999.0,85.0,13.334,1.896,94.074,35.658,0.066,0.0,399979.0,60.0,13.702,1.804,94.98,35.086,0.134,0.0,373990.0,168.0,12.678,0.696,97.25,34.064,0.066,0.0,3410280.0,117.0,13.998,0
1.932,96.416,34.976,0.132,0.0,1190060.0,145.0,13.636,1.892,96.818,34.672,0.068,0.0,383999.0,85.0,13.334,1.896,94.074,35.658,0.066,0.0,399979.0,60.0,13.702,1.804,94.98,35.086,0.134,0.0,373990.0,168.0,12.678,0.696,97.25,34.064,0.066,0.0,3410280.0,117.0,13.998,0.1,94.96,36.878,0.066,0.0,422833.0,44.0,12.998,0
1.892,96.818,34.672,0.068,0.0,383999.0,85.0,13.334,1.896,94.074,35.658,0.066,0.0,399979.0,60.0,13.702,1.804,94.98,35.086,0.134,0.0,373990.0,168.0,12.678,0.696,97.25,34.064,0.066,0.0,3410280.0,117.0,13.998,0.1,94.96,36.878,0.066,0.0,422833.0,44.0,12.998,0.102,96.708,35.634,0.134,0.0,3391730.0,132.0,13.334,0
1.896,94.074,35.658,0.066,0.0,399979.0,60.0,13.702,1.804,94.98,35.086,0.134,0.0,373990.0,168.0,12.678,0.696,97.25,34.064,0.066,0.0,3410280.0,117.0,13.998,0.1,94.96,36.878,0.066,0.0,422833.0,44.0,12.998,0.102,96.708,35.634,0.134,0.0,3391730.0,132.0,13.334,0.1,95.374,32.174,0.068,0.0,295161.0,86.0,13.664,0
1.804,94.98,35.086,0.134,0.0,373990.0,168.0,12.678,0.696,97.25,34.064,0.066,0.0,3410280.0,117.0,13.998,0.1,94.96,36.878,0.066,0.0,422833.0,44.0,12.998,0.102,96.708,35.634,0.134,0.0,3391730.0,132.0,13.334,0.1,95.374,32.174,0.068,0.0,295161.0,86.0,13.664,0.238,94.376,34.178000000000004,0.066,0.0,254373.0,60.0,14.388,0
0.696,97.25,34.064,0.066,0.0,3410280.0,117.0,13.998,0.1,94.96,36.878,0.066,0.0,422833.0,44.0,12.998,0.102,96.708,35.634,0.134,0.0,3391730.0,132.0,13.334,0.1,95.374,32.174,0.068,0.0,295161.0,86.0,13.664,0.238,94.376,34.178000000000004,0.066,0.0,254373.0,60.0,14.388,2.9160000000000004,93.086,34.092,0.066,339893000.0,250735.0,259.0,14.05,0
0.1,94.96,36.878,0.066,0.0,422833.0,44.0,12.998,0.102,96.708,35.634,0.134,0.0,3391730.0,132.0,13.334,0.1,95.374,32.174,0.068,0.0,295161.0,86.0,13.664,0.238,94.376,34.178000000000004,0.066,0.0,254373.0,60.0,14.388,2.9160000000000004,93.086,34.092,0.066,339893000.0,250735.0,259.0,14.05,21.114,93.458,37.866,0.068,1282870.0,236999.0,272.0,13.634,0
0.102,96.708,35.634,0.134,0.0,3391730.0,132.0,13.334,0.1,95.374,32.174,0.068,0.0,295161.0,86.0,13.664,0.238,94.376,34.178000000000004,0.066,0.0,254373.0,60.0,14.388,2.9160000000000004,93.086,34.092,0.066,339893000.0,250735.0,259.0,14.05,21.114,93.458,37.866,0.068,1282870.0,236999.0,272.0,13.634,35.868,94.958,34.366,0.066,7857770.0,258318.0,67.0,13.332,0
0.1,95.374,32.174,0.068,0.0,295161.0,86.0,13.664,0.238,94.376,34.178000000000004,0.066,0.0,254373.0,60.0,14.388,2.9160000000000004,93.086,34.092,0.066,339893000.0,250735.0,259.0,14.05,21.114,93.458,37.866,0.068,1282870.0,236999.0,272.0,13.634,35.868,94.958,34.366,0.066,7857770.0,258318.0,67.0,13.332,98.57,95.718,34.414,0.134,106861000.0,233088.0,130.0,12.958,0
0.238,94.376,34.178000000000004,0.066,0.0,254373.0,60.0,14.388,2.9160000000000004,93.086,34.092,0.066,339893000.0,250735.0,259.0,14.05,21.114,93.458,37.866,0.068,1282870.0,236999.0,272.0,13.634,35.868,94.958,34.366,0.066,7857770.0,258318.0,67.0,13.332,98.57,95.718,34.414,0.134,106861000.0,233088.0,130.0,12.958,88.39,95.142,34.446,0.068,43479900.0,252988.0,40.0,13.334,0
2.9160000000000004,93.086,34.092,0.066,339893000.0,250735.0,259.0,14.05,21.114,93.458,37.866,0.068,1282870.0,236999.0,272.0,13.634,35.868,94.958,34.366,0.066,7857770.0,258318.0,67.0,13.332,98.57,95.718,34.414,0.134,106861000.0,233088.0,130.0,12.958,88.39,95.142,34.446,0.068,43479900.0,252988.0,40.0,13.334,71.706,95.494,34.308,0.066,579202000.0,256719.0,13.0,14.0,0
21.114,93.458,37.866,0.068,1282870.0,236999.0,272.0,13.634,35.868,94.958,34.366,0.066,7857770.0,258318.0,67.0,13.332,98.57,95.718,34.414,0.134,106861000.0,233088.0,130.0,12.958,88.39,95.142,34.446,0.068,43479900.0,252988.0,40.0,13.334,71.706,95.494,34.308,0.066,579202000.0,256719.0,13.0,14.0,95.57,93.792,36.314,0.066,80189000.0,231652.0,81.0,14.0,0
35.868,94.958,34.366,0.066,7857770.0,258318.0,67.0,13.332,98.57,95.718,34.414,0.134,106861000.0,233088.0,130.0,12.958,88.39,95.142,34.446,0.068,43479900.0,252988.0,40.0,13.334,71.706,95.494,34.308,0.066,579202000.0,256719.0,13.0,14.0,95.57,93.792,36.314,0.066,80189000.0,231652.0,81.0,14.0,99.704,95.376,41.948,0.134,0.0,3249070.0,174.0,13.678,0
98.57,95.718,34.414,0.134,106861000.0,233088.0,130.0,12.958,88.39,95.142,34.446,0.068,43479900.0,252988.0,40.0,13.334,71.706,95.494,34.308,0.066,579202000.0,256719.0,13.0,14.0,95.57,93.792,36.314,0.066,80189000.0,231652.0,81.0,14.0,99.704,95.376,41.948,0.134,0.0,3249070.0,174.0,13.678,82.554,92.144,29.788,0.066,121530000.0,245066.0,108.0,14.0,0
88.39,95.142,34.446,0.068,43479900.0,252988.0,40.0,13.334,71.706,95.494,34.308,0.066,579202000.0,256719.0,13.0,14.0,95.57,93.792,36.314,0.066,80189000.0,231652.0,81.0,14.0,99.704,95.376,41.948,0.134,0.0,3249070.0,174.0,13.678,82.554,92.144,29.788,0.066,121530000.0,245066.0,108.0,14.0,83.044,93.466,38.522,0.066,460390.0,3243390.0,46.0,13.0,0
71.706,95.494,34.308,0.066,579202000.0,256719.0,13.0,14.0,95.57,93.792,36.314,0.066,80189000.0,231652.0,81.0,14.0,99.704,95.376,41.948,0.134,0.0,3249070.0,174.0,13.678,82.554,92.144,29.788,0.066,121530000.0,245066.0,108.0,14.0,83.044,93.466,38.522,0.066,460390.0,3243390.0,46.0,13.0,97.056,94.642,34.33,0.068,0.0,235817.0,54.0,14.0,0
95.57,93.792,36.314,0.066,80189000.0,231652.0,81.0,14.0,99.704,95.376,41.948,0.134,0.0,3249070.0,174.0,13.678,82.554,92.144,29.788,0.066,121530000.0,245066.0,108.0,14.0,83.044,93.466,38.522,0.066,460390.0,3243390.0,46.0,13.0,97.056,94.642,34.33,0.068,0.0,235817.0,54.0,14.0,96.524,93.894,34.37,0.132,45056.0,253230.0,6.0,13.332,0
99.704,95.376,41.948,0.134,0.0,3249070.0,174.0,13.678,82.554,92.144,29.788,0.066,121530000.0,245066.0,108.0,14.0,83.044,93.466,38.522,0.066,460390.0,3243390.0,46.0,13.0,97.056,94.642,34.33,0.068,0.0,235817.0,54.0,14.0,96.524,93.894,34.37,0.132,45056.0,253230.0,6.0,13.332,96.776,93.542,34.226,0.066,93388.8,241075.0,5.0,14.334,0
82.554,92.144,29.788,0.066,121530000.0,245066.0,108.0,14.0,83.044,93.466,38.522,0.066,460390.0,3243390.0,46.0,13.0,97.056,94.642,34.33,0.068,0.0,235817.0,54.0,14.0,96.524,93.894,34.37,0.132,45056.0,253230.0,6.0,13.332,96.776,93.542,34.226,0.066,93388.8,241075.0,5.0,14.334,96.476,94.208,36.82,0.068,99123.2,254290.0,106.0,13.68,0
83.044,93.466,38.522,0.066,460390.0,3243390.0,46.0,13.0,97.056,94.642,34.33,0.068,0.0,235817.0,54.0,14.0,96.524,93.894,34.37,0.132,45056.0,253230.0,6.0,13.332,96.776,93.542,34.226,0.066,93388.8,241075.0,5.0,14.334,96.476,94.208,36.82,0.068,99123.2,254290.0,106.0,13.68,96.328,91.166,32.536,0.066,74547.2,244568.0,46.0,13.998,0
97.056,94.642,34.33,0.068,0.0,235817.0,54.0,14.0,96.524,93.894,34.37,0.132,45056.0,253230.0,6.0,13.332,96.776,93.542,34.226,0.066,93388.8,241075.0,5.0,14.334,96.476,94.208,36.82,0.068,99123.2,254290.0,106.0,13.68,96.328,91.166,32.536,0.066,74547.2,244568.0,46.0,13.998,23.752,90.126,34.788000000000004,0.066,51609.6,259041.0,12.0,13.334,0
96.524,93.894,34.37,0.132,45056.0,253230.0,6.0,13.332,96.776,93.542,34.226,0.066,93388.8,241075.0,5.0,14.334,96.476,94.208,36.82,0.068,99123.2,254290.0,106.0,13.68,96.328,91.166,32.536,0.066,74547.2,244568.0,46.0,13.998,23.752,90.126,34.788000000000004,0.066,51609.6,259041.0,12.0,13.334,0.102,95.618,37.018,0.132,0.0,230913.0,162.0,14.0,0
96.776,93.542,34.226,0.066,93388.8,241075.0,5.0,14.334,96.476,94.208,36.82,0.068,99123.2,254290.0,106.0,13.68,96.328,91.166,32.536,0.066,74547.2,244568.0,46.0,13.998,23.752,90.126,34.788000000000004,0.066,51609.6,259041.0,12.0,13.334,0.102,95.618,37.018,0.132,0.0,230913.0,162.0,14.0,0.1,91.71,33.356,0.066,0.0,240953.0,77.0,13.0,0
96.476,94.208,36.82,0.068,99123.2,254290.0,106.0,13.68,96.328,91.166,32.536,0.066,74547.2,244568.0,46.0,13.998,23.752,90.126,34.788000000000004,0.066,51609.6,259041.0,12.0,13.334,0.102,95.618,37.018,0.132,0.0,230913.0,162.0,14.0,0.1,91.71,33.356,0.066,0.0,240953.0,77.0,13.0,0.1,94.014,34.882,0.066,0.0,247442.0,4.0,13.718,0
96.328,91.166,32.536,0.066,74547.2,244568.0,46.0,13.998,23.752,90.126,34.788000000000004,0.066,51609.6,259041.0,12.0,13.334,0.102,95.618,37.018,0.132,0.0,230913.0,162.0,14.0,0.1,91.71,33.356,0.066,0.0,240953.0,77.0,13.0,0.1,94.014,34.882,0.066,0.0,247442.0,4.0,13.718,0.102,93.958,38.592,0.134,0.0,3240880.0,41.0,13.674,0
23.752,90.126,34.788000000000004,0.066,51609.6,259041.0,12.0,13.334,0.102,95.618,37.018,0.132,0.0,230913.0,162.0,14.0,0.1,91.71,33.356,0.066,0.0,240953.0,77.0,13.0,0.1,94.014,34.882,0.066,0.0,247442.0,4.0,13.718,0.102,93.958,38.592,0.134,0.0,3240880.0,41.0,13.674,1.336,90.75,35.188,0.066,4915.2,272605.0,23.0,13.634,0
0.102,95.618,37.018,0.132,0.0,230913.0,162.0,14.0,0.1,91.71,33.356,0.066,0.0,240953.0,77.0,13.0,0.1,94.014,34.882,0.066,0.0,247442.0,4.0,13.718,0.102,93.958,38.592,0.134,0.0,3240880.0,41.0,13.674,1.336,90.75,35.188,0.066,4915.2,272605.0,23.0,13.634,1.632,93.708,38.404,0.066,0.0,3272150.0,147.0,13.334,0
0.1,91.71,33.356,0.066,0.0,240953.0,77.0,13.0,0.1,94.014,34.882,0.066,0.0,247442.0,4.0,13.718,0.102,93.958,38.592,0.134,0.0,3240880.0,41.0,13.674,1.336,90.75,35.188,0.066,4915.2,272605.0,23.0,13.634,1.632,93.708,38.404,0.066,0.0,3272150.0,147.0,13.334,0.8340000000000001,89.78399999999998,36.738,0.066,0.0,257701.0,28.0,14.668,0
0.1,94.014,34.882,0.066,0.0,247442.0,4.0,13.718,0.102,93.958,38.592,0.134,0.0,3240880.0,41.0,13.674,1.336,90.75,35.188,0.066,4915.2,272605.0,23.0,13.634,1.632,93.708,38.404,0.066,0.0,3272150.0,147.0,13.334,0.8340000000000001,89.78399999999998,36.738,0.066,0.0,257701.0,28.0,14.668,0.068,92.874,37.03,0.066,0.0,237159.0,46.0,13.666,0
0.102,93.958,38.592,0.134,0.0,3240880.0,41.0,13.674,1.336,90.75,35.188,0.066,4915.2,272605.0,23.0,13.634,1.632,93.708,38.404,0.066,0.0,3272150.0,147.0,13.334,0.8340000000000001,89.78399999999998,36.738,0.066,0.0,257701.0,28.0,14.668,0.068,92.874,37.03,0.066,0.0,237159.0,46.0,13.666,0.1,91.184,35.48,0.134,0.0,256000.0,4.0,13.39,0
1.336,90.75,35.188,0.066,4915.2,272605.0,23.0,13.634,1.632,93.708,38.404,0.066,0.0,3272150.0,147.0,13.334,0.8340000000000001,89.78399999999998,36.738,0.066,0.0,257701.0,28.0,14.668,0.068,92.874,37.03,0.066,0.0,237159.0,46.0,13.666,0.1,91.184,35.48,0.134,0.0,256000.0,4.0,13.39,21.038,94.916,32.782,0.066,3547140.0,236218.0,75.0,13.306,0
1.632,93.708,38.404,0.066,0.0,3272150.0,147.0,13.334,0.8340000000000001,89.78399999999998,36.738,0.066,0.0,257701.0,28.0,14.668,0.068,92.874,37.03,0.066,0.0,237159.0,46.0,13.666,0.1,91.184,35.48,0.134,0.0,256000.0,4.0,13.39,21.038,94.916,32.782,0.066,3547140.0,236218.0,75.0,13.306,97.312,89.666,39.39,0.066,110973000.0,253981.0,24.0,14.0,0
0.8340000000000001,89.78399999999998,36.738,0.066,0.0,257701.0,28.0,14.668,0.068,92.874,37.03,0.066,0.0,237159.0,46.0,13.666,0.1,91.184,35.48,0.134,0.0,256000.0,4.0,13.39,21.038,94.916,32.782,0.066,3547140.0,236218.0,75.0,13.306,97.312,89.666,39.39,0.066,110973000.0,253981.0,24.0,14.0,90.966,90.458,31.976,0.066,43988600.0,240892.0,78.0,13.354,0
0.068,92.874,37.03,0.066,0.0,237159.0,46.0,13.666,0.1,91.184,35.48,0.134,0.0,256000.0,4.0,13.39,21.038,94.916,32.782,0.066,3547140.0,236218.0,75.0,13.306,97.312,89.666,39.39,0.066,110973000.0,253981.0,24.0,14.0,90.966,90.458,31.976,0.066,43988600.0,240892.0,78.0,13.354,68.82,90.084,34.35,0.066,567269000.0,252041.0,128.0,14.372,0
0.1,91.184,35.48,0.134,0.0,256000.0,4.0,13.39,21.038,94.916,32.782,0.066,3547140.0,236218.0,75.0,13.306,97.312,89.666,39.39,0.066,110973000.0,253981.0,24.0,14.0,90.966,90.458,31.976,0.066,43988600.0,240892.0,78.0,13.354,68.82,90.084,34.35,0.066,567269000.0,252041.0,128.0,14.372,94.06,91.048,34.742,0.134,94597100.0,252478.0,45.0,13.334,0
21.038,94.916,32.782,0.066,3547140.0,236218.0,75.0,13.306,97.312,89.666,39.39,0.066,110973000.0,253981.0,24.0,14.0,90.966,90.458,31.976,0.066,43988600.0,240892.0,78.0,13.354,68.82,90.084,34.35,0.066,567269000.0,252041.0,128.0,14.372,94.06,91.048,34.742,0.134,94597100.0,252478.0,45.0,13.334,99.638,90.792,36.08,0.068,1046120.0,236178.0,55.0,13.646,0
97.312,89.666,39.39,0.066,110973000.0,253981.0,24.0,14.0,90.966,90.458,31.976,0.066,43988600.0,240892.0,78.0,13.354,68.82,90.084,34.35,0.066,567269000.0,252041.0,128.0,14.372,94.06,91.048,34.742,0.134,94597100.0,252478.0,45.0,13.334,99.638,90.792,36.08,0.068,1046120.0,236178.0,55.0,13.646,90.604,90.626,35.338,0.066,121753000.0,3251640.0,16.0,13.332,0
90.966,90.458,31.976,0.066,43988600.0,240892.0,78.0,13.354,68.82,90.084,34.35,0.066,567269000.0,252041.0,128.0,14.372,94.06,91.048,34.742,0.134,94597100.0,252478.0,45.0,13.334,99.638,90.792,36.08,0.068,1046120.0,236178.0,55.0,13.646,90.604,90.626,35.338,0.066,121753000.0,3251640.0,16.0,13.332,14.868,88.708,35.508,0.134,584909.0,252965.0,31.0,14.005999999999998,0
68.82,90.084,34.35,0.066,567269000.0,252041.0,128.0,14.372,94.06,91.048,34.742,0.134,94597100.0,252478.0,45.0,13.334,99.638,90.792,36.08,0.068,1046120.0,236178.0,55.0,13.646,90.604,90.626,35.338,0.066,121753000.0,3251640.0,16.0,13.332,14.868,88.708,35.508,0.134,584909.0,252965.0,31.0,14.005999999999998,0.1,92.33,34.278,0.066,0.0,3240320.0,335.0,13.334,0
94.06,91.048,34.742,0.134,94597100.0,252478.0,45.0,13.334,99.638,90.792,36.08,0.068,1046120.0,236178.0,55.0,13.646,90.604,90.626,35.338,0.066,121753000.0,3251640.0,16.0,13.332,14.868,88.708,35.508,0.134,584909.0,252965.0,31.0,14.005999999999998,0.1,92.33,34.278,0.066,0.0,3240320.0,335.0,13.334,0.1,91.292,33.178000000000004,0.066,0.0,225659.0,190.0,14.664,0
99.638,90.792,36.08,0.068,1046120.0,236178.0,55.0,13.646,90.604,90.626,35.338,0.066,121753000.0,3251640.0,16.0,13.332,14.868,88.708,35.508,0.134,584909.0,252965.0,31.0,14.005999999999998,0.1,92.33,34.278,0.066,0.0,3240320.0,335.0,13.334,0.1,91.292,33.178000000000004,0.066,0.0,225659.0,190.0,14.664,0.066,93.416,34.836,0.066,0.0,262094.0,49.0,13.334,0
90.604,90.626,35.338,0.066,121753000.0,3251640.0,16.0,13.332,14.868,88.708,35.508,0.134,584909.0,252965.0,31.0,14.005999999999998,0.1,92.33,34.278,0.066,0.0,3240320.0,335.0,13.334,0.1,91.292,33.178000000000004,0.066,0.0,225659.0,190.0,14.664,0.066,93.416,34.836,0.066,0.0,262094.0,49.0,13.334,0.102,90.5,35.47,0.066,0.0,231789.0,30.0,14.0,0
14.868,88.708,35.508,0.134,584909.0,252965.0,31.0,14.005999999999998,0.1,92.33,34.278,0.066,0.0,3240320.0,335.0,13.334,0.1,91.292,33.178000000000004,0.066,0.0,225659.0,190.0,14.664,0.066,93.416,34.836,0.066,0.0,262094.0,49.0,13.334,0.102,90.5,35.47,0.066,0.0,231789.0,30.0,14.0,0.102,89.874,36.86,0.134,0.0,259574.0,3.0,13.666,0
0.1,92.33,34.278,0.066,0.0,3240320.0,335.0,13.334,0.1,91.292,33.178000000000004,0.066,0.0,225659.0,190.0,14.664,0.066,93.416,34.836,0.066,0.0,262094.0,49.0,13.334,0.102,90.5,35.47,0.066,0.0,231789.0,30.0,14.0,0.102,89.874,36.86,0.134,0.0,259574.0,3.0,13.666,0.1,91.124,34.998000000000005,0.066,0.0,233080.0,95.0,13.332,0
0.1,91.292,33.178000000000004,0.066,0.0,225659.0,190.0,14.664,0.066,93.416,34.836,0.066,0.0,262094.0,49.0,13.334,0.102,90.5,35.47,0.066,0.0,231789.0,30.0,14.0,0.102,89.874,36.86,0.134,0.0,259574.0,3.0,13.666,0.1,91.124,34.998000000000005,0.066,0.0,233080.0,95.0,13.332,0.1,91.584,35.24800000000001,0.066,0.0,241600.0,114.0,13.668,0
0.066,93.416,34.836,0.066,0.0,262094.0,49.0,13.334,0.102,90.5,35.47,0.066,0.0,231789.0,30.0,14.0,0.102,89.874,36.86,0.134,0.0,259574.0,3.0,13.666,0.1,91.124,34.998000000000005,0.066,0.0,233080.0,95.0,13.332,0.1,91.584,35.24800000000001,0.066,0.0,241600.0,114.0,13.668,0.1,94.708,34.69,0.066,0.0,253511.0,189.0,13.35,0
0.102,90.5,35.47,0.066,0.0,231789.0,30.0,14.0,0.102,89.874,36.86,0.134,0.0,259574.0,3.0,13.666,0.1,91.124,34.998000000000005,0.066,0.0,233080.0,95.0,13.332,0.1,91.584,35.24800000000001,0.066,0.0,241600.0,114.0,13.668,0.1,94.708,34.69,0.066,0.0,253511.0,189.0,13.35,0.068,91.5,34.614000000000004,0.066,0.0,240551.0,231.0,13.0,0
0.102,89.874,36.86,0.134,0.0,259574.0,3.0,13.666,0.1,91.124,34.998000000000005,0.066,0.0,233080.0,95.0,13.332,0.1,91.584,35.24800000000001,0.066,0.0,241600.0,114.0,13.668,0.1,94.708,34.69,0.066,0.0,253511.0,189.0,13.35,0.068,91.5,34.614000000000004,0.066,0.0,240551.0,231.0,13.0,0.102,91.446,38.202,0.14,0.0,257501.0,96.0,14.0,0
0.1,91.124,34.998000000000005,0.066,0.0,233080.0,95.0,13.332,0.1,91.584,35.24800000000001,0.066,0.0,241600.0,114.0,13.668,0.1,94.708,34.69,0.066,0.0,253511.0,189.0,13.35,0.068,91.5,34.614000000000004,0.066,0.0,240551.0,231.0,13.0,0.102,91.446,38.202,0.14,0.0,257501.0,96.0,14.0,0.098,90.708,31.674,0.068,0.0,3256150.0,84.0,13.526,0
0.1,91.584,35.24800000000001,0.066,0.0,241600.0,114.0,13.668,0.1,94.708,34.69,0.066,0.0,253511.0,189.0,13.35,0.068,91.5,34.614000000000004,0.066,0.0,240551.0,231.0,13.0,0.102,91.446,38.202,0.14,0.0,257501.0,96.0,14.0,0.098,90.708,31.674,0.068,0.0,3256150.0,84.0,13.526,0.098,93.328,35.696,0.132,0.0,268213.0,114.0,13.332,0
0.1,94.708,34.69,0.066,0.0,253511.0,189.0,13.35,0.068,91.5,34.614000000000004,0.066,0.0,240551.0,231.0,13.0,0.102,91.446,38.202,0.14,0.0,257501.0,96.0,14.0,0.098,90.708,31.674,0.068,0.0,3256150.0,84.0,13.526,0.098,93.328,35.696,0.132,0.0,268213.0,114.0,13.332,13.804,90.864,37.184,0.066,1849750.0,3246770.0,119.0,13.0,0
0.068,91.5,34.614000000000004,0.066,0.0,240551.0,231.0,13.0,0.102,91.446,38.202,0.14,0.0,257501.0,96.0,14.0,0.098,90.708,31.674,0.068,0.0,3256150.0,84.0,13.526,0.098,93.328,35.696,0.132,0.0,268213.0,114.0,13.332,13.804,90.864,37.184,0.066,1849750.0,3246770.0,119.0,13.0,97.052,96.836,31.514,0.066,107536000.0,270648.0,65.0,13.666,0
0.102,91.446,38.202,0.14,0.0,257501.0,96.0,14.0,0.098,90.708,31.674,0.068,0.0,3256150.0,84.0,13.526,0.098,93.328,35.696,0.132,0.0,268213.0,114.0,13.332,13.804,90.864,37.184,0.066,1849750.0,3246770.0,119.0,13.0,97.052,96.836,31.514,0.066,107536000.0,270648.0,65.0,13.666,92.182,94.402,36.01,0.066,47770000.0,230839.0,121.0,13.0,0
0.098,90.708,31.674,0.068,0.0,3256150.0,84.0,13.526,0.098,93.328,35.696,0.132,0.0,268213.0,114.0,13.332,13.804,90.864,37.184,0.066,1849750.0,3246770.0,119.0,13.0,97.052,96.836,31.514,0.066,107536000.0,270648.0,65.0,13.666,92.182,94.402,36.01,0.066,47770000.0,230839.0,121.0,13.0,62.256,95.47,33.498000000000005,0.066,528700000.0,263492.0,62.0,13.998,0
0.098,93.328,35.696,0.132,0.0,268213.0,114.0,13.332,13.804,90.864,37.184,0.066,1849750.0,3246770.0,119.0,13.0,97.052,96.836,31.514,0.066,107536000.0,270648.0,65.0,13.666,92.182,94.402,36.01,0.066,47770000.0,230839.0,121.0,13.0,62.256,95.47,33.498000000000005,0.066,528700000.0,263492.0,62.0,13.998,90.634,94.416,37.536,0.134,131780000.0,229821.0,272.0,13.372,0
13.804,90.864,37.184,0.066,1849750.0,3246770.0,119.0,13.0,97.052,96.836,31.514,0.066,107536000.0,270648.0,65.0,13.666,92.182,94.402,36.01,0.066,47770000.0,230839.0,121.0,13.0,62.256,95.47,33.498000000000005,0.066,528700000.0,263492.0,62.0,13.998,90.634,94.416,37.536,0.134,131780000.0,229821.0,272.0,13.372,99.408,96.176,36.1,0.068,0.0,239090.0,101.0,14.0,0
97.052,96.836,31.514,0.066,107536000.0,270648.0,65.0,13.666,92.182,94.402,36.01,0.066,47770000.0,230839.0,121.0,13.0,62.256,95.47,33.498000000000005,0.066,528700000.0,263492.0,62.0,13.998,90.634,94.416,37.536,0.134,131780000.0,229821.0,272.0,13.372,99.408,96.176,36.1,0.068,0.0,239090.0,101.0,14.0,88.266,95.792,34.38,0.066,119969000.0,246163.0,19.0,13.0,0
92.182,94.402,36.01,0.066,47770000.0,230839.0,121.0,13.0,62.256,95.47,33.498000000000005,0.066,528700000.0,263492.0,62.0,13.998,90.634,94.416,37.536,0.134,131780000.0,229821.0,272.0,13.372,99.408,96.176,36.1,0.068,0.0,239090.0,101.0,14.0,88.266,95.792,34.38,0.066,119969000.0,246163.0,19.0,13.0,29.468000000000004,92.2,35.586,0.066,1877610.0,242103.0,44.0,13.332,0
62.256,95.47,33.498000000000005,0.066,528700000.0,263492.0,62.0,13.998,90.634,94.416,37.536,0.134,131780000.0,229821.0,272.0,13.372,99.408,96.176,36.1,0.068,0.0,239090.0,101.0,14.0,88.266,95.792,34.38,0.066,119969000.0,246163.0,19.0,13.0,29.468000000000004,92.2,35.586,0.066,1877610.0,242103.0,44.0,13.332,0.068,95.962,33.732,0.068,0.0,261614.0,24.0,13.666,0
90.634,94.416,37.536,0.134,131780000.0,229821.0,272.0,13.372,99.408,96.176,36.1,0.068,0.0,239090.0,101.0,14.0,88.266,95.792,34.38,0.066,119969000.0,246163.0,19.0,13.0,29.468000000000004,92.2,35.586,0.066,1877610.0,242103.0,44.0,13.332,0.068,95.962,33.732,0.068,0.0,261614.0,24.0,13.666,0.1,96.798,38.756,0.134,0.0,241194.0,5.0,13.674,0
99.408,96.176,36.1,0.068,0.0,239090.0,101.0,14.0,88.266,95.792,34.38,0.066,119969000.0,246163.0,19.0,13.0,29.468000000000004,92.2,35.586,0.066,1877610.0,242103.0,44.0,13.332,0.068,95.962,33.732,0.068,0.0,261614.0,24.0,13.666,0.1,96.798,38.756,0.134,0.0,241194.0,5.0,13.674,0.102,91.952,33.708,0.066,0.0,3242430.0,14.0,13.332,0
88.266,95.792,34.38,0.066,119969000.0,246163.0,19.0,13.0,29.468000000000004,92.2,35.586,0.066,1877610.0,242103.0,44.0,13.332,0.068,95.962,33.732,0.068,0.0,261614.0,24.0,13.666,0.1,96.798,38.756,0.134,0.0,241194.0,5.0,13.674,0.102,91.952,33.708,0.066,0.0,3242430.0,14.0,13.332,0.102,91.148,32.456,0.066,0.0,243066.0,46.0,13.0,0
29.468000000000004,92.2,35.586,0.066,1877610.0,242103.0,44.0,13.332,0.068,95.962,33.732,0.068,0.0,261614.0,24.0,13.666,0.1,96.798,38.756,0.134,0.0,241194.0,5.0,13.674,0.102,91.952,33.708,0.066,0.0,3242430.0,14.0,13.332,0.102,91.148,32.456,0.066,0.0,243066.0,46.0,13.0,0.068,96.458,36.338,0.134,0.0,3243440.0,82.0,13.666,0
0.068,95.962,33.732,0.068,0.0,261614.0,24.0,13.666,0.1,96.798,38.756,0.134,0.0,241194.0,5.0,13.674,0.102,91.952,33.708,0.066,0.0,3242430.0,14.0,13.332,0.102,91.148,32.456,0.066,0.0,243066.0,46.0,13.0,0.068,96.458,36.338,0.134,0.0,3243440.0,82.0,13.666,0.1,95.042,33.906,0.066,0.0,234794.0,10.0,14.334,0
0.1,96.798,38.756,0.134,0.0,241194.0,5.0,13.674,0.102,91.952,33.708,0.066,0.0,3242430.0,14.0,13.332,0.102,91.148,32.456,0.066,0.0,243066.0,46.0,13.0,0.068,96.458,36.338,0.134,0.0,3243440.0,82.0,13.666,0.1,95.042,33.906,0.066,0.0,234794.0,10.0,14.334,0.1,95.458,35.098,0.066,0.0,245498.0,55.0,13.0,0
0.102,91.952,33.708,0.066,0.0,3242430.0,14.0,13.332,0.102,91.148,32.456,0.066,0.0,243066.0,46.0,13.0,0.068,96.458,36.338,0.134,0.0,3243440.0,82.0,13.666,0.1,95.042,33.906,0.066,0.0,234794.0,10.0,14.334,0.1,95.458,35.098,0.066,0.0,245498.0,55.0,13.0,0.102,95.162,33.122,0.066,0.0,242056.0,20.0,13.666,0
0.102,91.148,32.456,0.066,0.0,243066.0,46.0,13.0,0.068,96.458,36.338,0.134,0.0,3243440.0,82.0,13.666,0.1,95.042,33.906,0.066,0.0,234794.0,10.0,14.334,0.1,95.458,35.098,0.066,0.0,245498.0,55.0,13.0,0.102,95.162,33.122,0.066,0.0,242056.0,20.0,13.666,0.102,92.084,33.86,0.134,0.0,229823.0,118.0,13.322,0
0.068,96.458,36.338,0.134,0.0,3243440.0,82.0,13.666,0.1,95.042,33.906,0.066,0.0,234794.0,10.0,14.334,0.1,95.458,35.098,0.066,0.0,245498.0,55.0,13.0,0.102,95.162,33.122,0.066,0.0,242056.0,20.0,13.666,0.102,92.084,33.86,0.134,0.0,229823.0,118.0,13.322,0.102,96.97,39.296,0.066,0.0,258120.0,19.0,13.666,0
0.1,95.042,33.906,0.066,0.0,234794.0,10.0,14.334,0.1,95.458,35.098,0.066,0.0,245498.0,55.0,13.0,0.102,95.162,33.122,0.066,0.0,242056.0,20.0,13.666,0.102,92.084,33.86,0.134,0.0,229823.0,118.0,13.322,0.102,96.97,39.296,0.066,0.0,258120.0,19.0,13.666,0.068,97.042,30.118,0.066,0.0,230552.0,174.0,13.0,0
0.1,95.458,35.098,0.066,0.0,245498.0,55.0,13.0,0.102,95.162,33.122,0.066,0.0,242056.0,20.0,13.666,0.102,92.084,33.86,0.134,0.0,229823.0,118.0,13.322,0.102,96.97,39.296,0.066,0.0,258120.0,19.0,13.666,0.068,97.042,30.118,0.066,0.0,230552.0,174.0,13.0,78.138,94.25,34.566,0.066,62477100.0,253045.0,70.0,14.334,0
0.102,95.162,33.122,0.066,0.0,242056.0,20.0,13.666,0.102,92.084,33.86,0.134,0.0,229823.0,118.0,13.322,0.102,96.97,39.296,0.066,0.0,258120.0,19.0,13.666,0.068,97.042,30.118,0.066,0.0,230552.0,174.0,13.0,78.138,94.25,34.566,0.066,62477100.0,253045.0,70.0,14.334,99.53,97.042,34.484,0.068,70508500.0,230385.0,14.0,13.0,0
0.102,92.084,33.86,0.134,0.0,229823.0,118.0,13.322,0.102,96.97,39.296,0.066,0.0,258120.0,19.0,13.666,0.068,97.042,30.118,0.066,0.0,230552.0,174.0,13.0,78.138,94.25,34.566,0.066,62477100.0,253045.0,70.0,14.334,99.53,97.042,34.484,0.068,70508500.0,230385.0,14.0,13.0,72.262,94.916,37.746,0.136,288204000.0,254403.0,115.0,14.334,0
0.102,96.97,39.296,0.066,0.0,258120.0,19.0,13.666,0.068,97.042,30.118,0.066,0.0,230552.0,174.0,13.0,78.138,94.25,34.566,0.066,62477100.0,253045.0,70.0,14.334,99.53,97.042,34.484,0.068,70508500.0,230385.0,14.0,13.0,72.262,94.916,37.746,0.136,288204000.0,254403.0,115.0,14.334,90.726,95.126,35.24800000000001,0.068,396010000.0,3225830.0,105.0,14.0,0
0.068,97.042,30.118,0.066,0.0,230552.0,174.0,13.0,78.138,94.25,34.566,0.066,62477100.0,253045.0,70.0,14.334,99.53,97.042,34.484,0.068,70508500.0,230385.0,14.0,13.0,72.262,94.916,37.746,0.136,288204000.0,254403.0,115.0,14.334,90.726,95.126,35.24800000000001,0.068,396010000.0,3225830.0,105.0,14.0,99.108,95.21,32.816,0.132,0.0,259469.0,67.0,13.34,0
78.138,94.25,34.566,0.066,62477100.0,253045.0,70.0,14.334,99.53,97.042,34.484,0.068,70508500.0,230385.0,14.0,13.0,72.262,94.916,37.746,0.136,288204000.0,254403.0,115.0,14.334,90.726,95.126,35.24800000000001,0.068,396010000.0,3225830.0,105.0,14.0,99.108,95.21,32.816,0.132,0.0,259469.0,67.0,13.34,89.5,96.666,36.08,0.066,117506000.0,3225090.0,26.0,13.332,0
99.53,97.042,34.484,0.068,70508500.0,230385.0,14.0,13.0,72.262,94.916,37.746,0.136,288204000.0,254403.0,115.0,14.334,90.726,95.126,35.24800000000001,0.068,396010000.0,3225830.0,105.0,14.0,99.108,95.21,32.816,0.132,0.0,259469.0,67.0,13.34,89.5,96.666,36.08,0.066,117506000.0,3225090.0,26.0,13.332,41.334,95.63,34.414,0.066,4349130.0,258436.0,171.0,13.0,0
72.262,94.916,37.746,0.136,288204000.0,254403.0,115.0,14.334,90.726,95.126,35.24800000000001,0.068,396010000.0,3225830.0,105.0,14.0,99.108,95.21,32.816,0.132,0.0,259469.0,67.0,13.34,89.5,96.666,36.08,0.066,117506000.0,3225090.0,26.0,13.332,41.334,95.63,34.414,0.066,4349130.0,258436.0,171.0,13.0,0.1,95.188,36.294,0.066,0.0,233808.0,98.0,13.334,0
90.726,95.126,35.24800000000001,0.068,396010000.0,3225830.0,105.0,14.0,99.108,95.21,32.816,0.132,0.0,259469.0,67.0,13.34,89.5,96.666,36.08,0.066,117506000.0,3225090.0,26.0,13.332,41.334,95.63,34.414,0.066,4349130.0,258436.0,171.0,13.0,0.1,95.188,36.294,0.066,0.0,233808.0,98.0,13.334,0.068,94.416,32.622,0.066,0.0,241677.0,12.0,14.0,0
99.108,95.21,32.816,0.132,0.0,259469.0,67.0,13.34,89.5,96.666,36.08,0.066,117506000.0,3225090.0,26.0,13.332,41.334,95.63,34.414,0.066,4349130.0,258436.0,171.0,13.0,0.1,95.188,36.294,0.066,0.0,233808.0,98.0,13.334,0.068,94.416,32.622,0.066,0.0,241677.0,12.0,14.0,0.1,95.78,38.99,0.134,0.0,263112.0,41.0,14.668,0
89.5,96.666,36.08,0.066,117506000.0,3225090.0,26.0,13.332,41.334,95.63,34.414,0.066,4349130.0,258436.0,171.0,13.0,0.1,95.188,36.294,0.066,0.0,233808.0,98.0,13.334,0.068,94.416,32.622,0.066,0.0,241677.0,12.0,14.0,0.1,95.78,38.99,0.134,0.0,263112.0,41.0,14.668,0.136,96.958,33.816,0.066,0.0,266602.0,66.0,13.666,0
41.334,95.63,34.414,0.066,4349130.0,258436.0,171.0,13.0,0.1,95.188,36.294,0.066,0.0,233808.0,98.0,13.334,0.068,94.416,32.622,0.066,0.0,241677.0,12.0,14.0,0.1,95.78,38.99,0.134,0.0,263112.0,41.0,14.668,0.136,96.958,33.816,0.066,0.0,266602.0,66.0,13.666,0.068,94.076,37.042,0.068,0.0,244229.0,8.0,14.334,0
0.1,95.188,36.294,0.066,0.0,233808.0,98.0,13.334,0.068,94.416,32.622,0.066,0.0,241677.0,12.0,14.0,0.1,95.78,38.99,0.134,0.0,263112.0,41.0,14.668,0.136,96.958,33.816,0.066,0.0,266602.0,66.0,13.666,0.068,94.076,37.042,0.068,0.0,244229.0,8.0,14.334,0.1,96.334,36.174,0.068,0.0,238705.0,68.0,13.656,0
0.068,94.416,32.622,0.066,0.0,241677.0,12.0,14.0,0.1,95.78,38.99,0.134,0.0,263112.0,41.0,14.668,0.136,96.958,33.816,0.066,0.0,266602.0,66.0,13.666,0.068,94.076,37.042,0.068,0.0,244229.0,8.0,14.334,0.1,96.334,36.174,0.068,0.0,238705.0,68.0,13.656,0.102,96.074,34.562,0.066,0.0,256480.0,49.0,13.0,0
0.1,95.78,38.99,0.134,0.0,263112.0,41.0,14.668,0.136,96.958,33.816,0.066,0.0,266602.0,66.0,13.666,0.068,94.076,37.042,0.068,0.0,244229.0,8.0,14.334,0.1,96.334,36.174,0.068,0.0,238705.0,68.0,13.656,0.102,96.074,34.562,0.066,0.0,256480.0,49.0,13.0,0.102,95.708,36.22,0.132,0.0,225990.0,28.0,13.998,0
0.136,96.958,33.816,0.066,0.0,266602.0,66.0,13.666,0.068,94.076,37.042,0.068,0.0,244229.0,8.0,14.334,0.1,96.334,36.174,0.068,0.0,238705.0,68.0,13.656,0.102,96.074,34.562,0.066,0.0,256480.0,49.0,13.0,0.102,95.708,36.22,0.132,0.0,225990.0,28.0,13.998,0.068,95.3,37.23,0.068,0.0,3241060.0,5.0,14.332,0
0.068,94.076,37.042,0.068,0.0,244229.0,8.0,14.334,0.1,96.334,36.174,0.068,0.0,238705.0,68.0,13.656,0.102,96.074,34.562,0.066,0.0,256480.0,49.0,13.0,0.102,95.708,36.22,0.132,0.0,225990.0,28.0,13.998,0.068,95.3,37.23,0.068,0.0,3241060.0,5.0,14.332,0.102,92.126,35.912,1.466,0.0,251275.0,22.0,12.666,0
0.1,96.334,36.174,0.068,0.0,238705.0,68.0,13.656,0.102,96.074,34.562,0.066,0.0,256480.0,49.0,13.0,0.102,95.708,36.22,0.132,0.0,225990.0,28.0,13.998,0.068,95.3,37.23,0.068,0.0,3241060.0,5.0,14.332,0.102,92.126,35.912,1.466,0.0,251275.0,22.0,12.666,0.098,94.576,35.128,0.068,0.0,4206500.0,42.0,13.594,0
0.102,96.074,34.562,0.066,0.0,256480.0,49.0,13.0,0.102,95.708,36.22,0.132,0.0,225990.0,28.0,13.998,0.068,95.3,37.23,0.068,0.0,3241060.0,5.0,14.332,0.102,92.126,35.912,1.466,0.0,251275.0,22.0,12.666,0.098,94.576,35.128,0.068,0.0,4206500.0,42.0,13.594,0.1,94.674,34.286,0.132,0.0,2271640.0,99.0,13.666,0
0.102,95.708,36.22,0.132,0.0,225990.0,28.0,13.998,0.068,95.3,37.23,0.068,0.0,3241060.0,5.0,14.332,0.102,92.126,35.912,1.466,0.0,251275.0,22.0,12.666,0.098,94.576,35.128,0.068,0.0,4206500.0,42.0,13.594,0.1,94.674,34.286,0.132,0.0,2271640.0,99.0,13.666,0.068,94.084,34.224000000000004,0.066,0.0,240582.0,63.0,13.666,0
0.068,95.3,37.23,0.068,0.0,3241060.0,5.0,14.332,0.102,92.126,35.912,1.466,0.0,251275.0,22.0,12.666,0.098,94.576,35.128,0.068,0.0,4206500.0,42.0,13.594,0.1,94.674,34.286,0.132,0.0,2271640.0,99.0,13.666,0.068,94.084,34.224000000000004,0.066,0.0,240582.0,63.0,13.666,0.102,94.834,33.748000000000005,0.066,0.0,246508.0,7.0,12.998,0
0.102,92.126,35.912,1.466,0.0,251275.0,22.0,12.666,0.098,94.576,35.128,0.068,0.0,4206500.0,42.0,13.594,0.1,94.674,34.286,0.132,0.0,2271640.0,99.0,13.666,0.068,94.084,34.224000000000004,0.066,0.0,240582.0,63.0,13.666,0.102,94.834,33.748000000000005,0.066,0.0,246508.0,7.0,12.998,0.102,97.126,35.916,0.068,0.0,244466.0,14.0,14.668,0
0.098,94.576,35.128,0.068,0.0,4206500.0,42.0,13.594,0.1,94.674,34.286,0.132,0.0,2271640.0,99.0,13.666,0.068,94.084,34.224000000000004,0.066,0.0,240582.0,63.0,13.666,0.102,94.834,33.748000000000005,0.066,0.0,246508.0,7.0,12.998,0.102,97.126,35.916,0.068,0.0,244466.0,14.0,14.668,0.066,97.792,32.63,0.066,0.0,262520.0,77.0,13.015999999999998,0
0.1,94.674,34.286,0.132,0.0,2271640.0,99.0,13.666,0.068,94.084,34.224000000000004,0.066,0.0,240582.0,63.0,13.666,0.102,94.834,33.748000000000005,0.066,0.0,246508.0,7.0,12.998,0.102,97.126,35.916,0.068,0.0,244466.0,14.0,14.668,0.066,97.792,32.63,0.066,0.0,262520.0,77.0,13.015999999999998,0.102,97.458,34.196,0.134,0.0,239397.0,5.0,14.002,0
0.068,94.084,34.224000000000004,0.066,0.0,240582.0,63.0,13.666,0.102,94.834,33.748000000000005,0.066,0.0,246508.0,7.0,12.998,0.102,97.126,35.916,0.068,0.0,244466.0,14.0,14.668,0.066,97.792,32.63,0.066,0.0,262520.0,77.0,13.015999999999998,0.102,97.458,34.196,0.134,0.0,239397.0,5.0,14.002,0.1,96.208,35.422,0.066,0.0,241457.0,56.0,12.986,0
0.102,94.834,33.748000000000005,0.066,0.0,246508.0,7.0,12.998,0.102,97.126,35.916,0.068,0.0,244466.0,14.0,14.668,0.066,97.792,32.63,0.066,0.0,262520.0,77.0,13.015999999999998,0.102,97.458,34.196,0.134,0.0,239397.0,5.0,14.002,0.1,96.208,35.422,0.066,0.0,241457.0,56.0,12.986,0.068,96.916,32.652,0.066,0.0,244122.0,62.0,14.334,0
0.102,97.126,35.916,0.068,0.0,244466.0,14.0,14.668,0.066,97.792,32.63,0.066,0.0,262520.0,77.0,13.015999999999998,0.102,97.458,34.196,0.134,0.0,239397.0,5.0,14.002,0.1,96.208,35.422,0.066,0.0,241457.0,56.0,12.986,0.068,96.916,32.652,0.066,0.0,244122.0,62.0,14.334,0.102,96.792,37.876,0.068,0.0,258265.0,94.0,13.0,0
0.066,97.792,32.63,0.066,0.0,262520.0,77.0,13.015999999999998,0.102,97.458,34.196,0.134,0.0,239397.0,5.0,14.002,0.1,96.208,35.422,0.066,0.0,241457.0,56.0,12.986,0.068,96.916,32.652,0.066,0.0,244122.0,62.0,14.334,0.102,96.792,37.876,0.068,0.0,258265.0,94.0,13.0,0.102,95.212,33.404,0.134,0.0,3239530.0,12.0,14.336,0
0.102,97.458,34.196,0.134,0.0,239397.0,5.0,14.002,0.1,96.208,35.422,0.066,0.0,241457.0,56.0,12.986,0.068,96.916,32.652,0.066,0.0,244122.0,62.0,14.334,0.102,96.792,37.876,0.068,0.0,258265.0,94.0,13.0,0.102,95.212,33.404,0.134,0.0,3239530.0,12.0,14.336,0.102,97.42,32.32,0.068,0.0,267842.0,8.0,12.998,0
0.1,96.208,35.422,0.066,0.0,241457.0,56.0,12.986,0.068,96.916,32.652,0.066,0.0,244122.0,62.0,14.334,0.102,96.792,37.876,0.068,0.0,258265.0,94.0,13.0,0.102,95.212,33.404,0.134,0.0,3239530.0,12.0,14.336,0.102,97.42,32.32,0.068,0.0,267842.0,8.0,12.998,0.068,95.094,36.104,0.066,0.0,3222240.0,89.0,13.708,0
0.068,96.916,32.652,0.066,0.0,244122.0,62.0,14.334,0.102,96.792,37.876,0.068,0.0,258265.0,94.0,13.0,0.102,95.212,33.404,0.134,0.0,3239530.0,12.0,14.336,0.102,97.42,32.32,0.068,0.0,267842.0,8.0,12.998,0.068,95.094,36.104,0.066,0.0,3222240.0,89.0,13.708,0.1,95.306,35.106,0.066,0.0,265767.0,6.0,13.296,0
0.102,96.792,37.876,0.068,0.0,258265.0,94.0,13.0,0.102,95.212,33.404,0.134,0.0,3239530.0,12.0,14.336,0.102,97.42,32.32,0.068,0.0,267842.0,8.0,12.998,0.068,95.094,36.104,0.066,0.0,3222240.0,89.0,13.708,0.1,95.306,35.106,0.066,0.0,265767.0,6.0,13.296,0.1,96.246,35.216,0.134,0.0,236695.0,13.0,14.332,0
0.102,95.212,33.404,0.134,0.0,3239530.0,12.0,14.336,0.102,97.42,32.32,0.068,0.0,267842.0,8.0,12.998,0.068,95.094,36.104,0.066,0.0,3222240.0,89.0,13.708,0.1,95.306,35.106,0.066,0.0,265767.0,6.0,13.296,0.1,96.246,35.216,0.134,0.0,236695.0,13.0,14.332,0.1,94.576,35.204,0.066,0.0,242795.0,11.0,12.998,0
0.102,97.42,32.32,0.068,0.0,267842.0,8.0,12.998,0.068,95.094,36.104,0.066,0.0,3222240.0,89.0,13.708,0.1,95.306,35.106,0.066,0.0,265767.0,6.0,13.296,0.1,96.246,35.216,0.134,0.0,236695.0,13.0,14.332,0.1,94.576,35.204,0.066,0.0,242795.0,11.0,12.998,0.1,94.5,34.836,0.068,0.0,258097.0,46.0,13.668,0
0.068,95.094,36.104,0.066,0.0,3222240.0,89.0,13.708,0.1,95.306,35.106,0.066,0.0,265767.0,6.0,13.296,0.1,96.246,35.216,0.134,0.0,236695.0,13.0,14.332,0.1,94.576,35.204,0.066,0.0,242795.0,11.0,12.998,0.1,94.5,34.836,0.068,0.0,258097.0,46.0,13.668,0.068,95.916,32.152,0.066,0.0,235499.0,82.0,13.666,0
0.1,95.306,35.106,0.066,0.0,265767.0,6.0,13.296,0.1,96.246,35.216,0.134,0.0,236695.0,13.0,14.332,0.1,94.576,35.204,0.066,0.0,242795.0,11.0,12.998,0.1,94.5,34.836,0.068,0.0,258097.0,46.0,13.668,0.068,95.916,32.152,0.066,0.0,235499.0,82.0,13.666,0.102,96.25,34.084,0.066,0.0,252357.0,53.0,13.64,0
0.1,96.246,35.216,0.134,0.0,236695.0,13.0,14.332,0.1,94.576,35.204,0.066,0.0,242795.0,11.0,12.998,0.1,94.5,34.836,0.068,0.0,258097.0,46.0,13.668,0.068,95.916,32.152,0.066,0.0,235499.0,82.0,13.666,0.102,96.25,34.084,0.066,0.0,252357.0,53.0,13.64,0.102,96.376,36.174,0.134,0.0,236301.0,68.0,13.332,0
0.1,94.576,35.204,0.066,0.0,242795.0,11.0,12.998,0.1,94.5,34.836,0.068,0.0,258097.0,46.0,13.668,0.068,95.916,32.152,0.066,0.0,235499.0,82.0,13.666,0.102,96.25,34.084,0.066,0.0,252357.0,53.0,13.64,0.102,96.376,36.174,0.134,0.0,236301.0,68.0,13.332,0.102,95.614,32.536,0.068,0.0,282313.0,5.0,14.034,0
0.1,94.5,34.836,0.068,0.0,258097.0,46.0,13.668,0.068,95.916,32.152,0.066,0.0,235499.0,82.0,13.666,0.102,96.25,34.084,0.066,0.0,252357.0,53.0,13.64,0.102,96.376,36.174,0.134,0.0,236301.0,68.0,13.332,0.102,95.614,32.536,0.068,0.0,282313.0,5.0,14.034,0.102,93.968,36.034,0.066,0.0,211838.0,71.0,12.666,0
0.068,95.916,32.152,0.066,0.0,235499.0,82.0,13.666,0.102,96.25,34.084,0.066,0.0,252357.0,53.0,13.64,0.102,96.376,36.174,0.134,0.0,236301.0,68.0,13.332,0.102,95.614,32.536,0.068,0.0,282313.0,5.0,14.034,0.102,93.968,36.034,0.066,0.0,211838.0,71.0,12.666,0.068,96.88,36.644,0.134,0.0,3248880.0,43.0,14.334,0
0.102,96.25,34.084,0.066,0.0,252357.0,53.0,13.64,0.102,96.376,36.174,0.134,0.0,236301.0,68.0,13.332,0.102,95.614,32.536,0.068,0.0,282313.0,5.0,14.034,0.102,93.968,36.034,0.066,0.0,211838.0,71.0,12.666,0.068,96.88,36.644,0.134,0.0,3248880.0,43.0,14.334,0.102,96.132,30.088,0.066,0.0,242114.0,41.0,13.332,0
0.102,96.376,36.174,0.134,0.0,236301.0,68.0,13.332,0.102,95.614,32.536,0.068,0.0,282313.0,5.0,14.034,0.102,93.968,36.034,0.066,0.0,211838.0,71.0,12.666,0.068,96.88,36.644,0.134,0.0,3248880.0,43.0,14.334,0.102,96.132,30.088,0.066,0.0,242114.0,41.0,13.332,0.102,96.166,35.314,0.066,0.0,3241200.0,36.0,13.336,0
0.102,95.614,32.536,0.068,0.0,282313.0,5.0,14.034,0.102,93.968,36.034,0.066,0.0,211838.0,71.0,12.666,0.068,96.88,36.644,0.134,0.0,3248880.0,43.0,14.334,0.102,96.132,30.088,0.066,0.0,242114.0,41.0,13.332,0.102,96.166,35.314,0.066,0.0,3241200.0,36.0,13.336,0.1,95.846,33.942,0.066,0.0,245429.0,53.0,13.668,0
0.102,93.968,36.034,0.066,0.0,211838.0,71.0,12.666,0.068,96.88,36.644,0.134,0.0,3248880.0,43.0,14.334,0.102,96.132,30.088,0.066,0.0,242114.0,41.0,13.332,0.102,96.166,35.314,0.066,0.0,3241200.0,36.0,13.336,0.1,95.846,33.942,0.066,0.0,245429.0,53.0,13.668,0.068,95.548,33.58,0.066,0.0,230041.0,4.0,13.336,0
0.068,96.88,36.644,0.134,0.0,3248880.0,43.0,14.334,0.102,96.132,30.088,0.066,0.0,242114.0,41.0,13.332,0.102,96.166,35.314,0.066,0.0,3241200.0,36.0,13.336,0.1,95.846,33.942,0.066,0.0,245429.0,53.0,13.668,0.068,95.548,33.58,0.066,0.0,230041.0,4.0,13.336,0.102,94.0,33.262,0.132,0.0,247600.0,5.0,13.716,0
0.102,96.132,30.088,0.066,0.0,242114.0,41.0,13.332,0.102,96.166,35.314,0.066,0.0,3241200.0,36.0,13.336,0.1,95.846,33.942,0.066,0.0,245429.0,53.0,13.668,0.068,95.548,33.58,0.066,0.0,230041.0,4.0,13.336,0.102,94.0,33.262,0.132,0.0,247600.0,5.0,13.716,0.1,93.584,38.43,0.066,0.0,235212.0,53.0,13.274,0
0.102,96.166,35.314,0.066,0.0,3241200.0,36.0,13.336,0.1,95.846,33.942,0.066,0.0,245429.0,53.0,13.668,0.068,95.548,33.58,0.066,0.0,230041.0,4.0,13.336,0.102,94.0,33.262,0.132,0.0,247600.0,5.0,13.716,0.1,93.584,38.43,0.066,0.0,235212.0,53.0,13.274,0.102,97.676,31.314,0.066,0.0,260300.0,14.0,13.032,0
0.1,95.846,33.942,0.066,0.0,245429.0,53.0,13.668,0.068,95.548,33.58,0.066,0.0,230041.0,4.0,13.336,0.102,94.0,33.262,0.132,0.0,247600.0,5.0,13.716,0.1,93.584,38.43,0.066,0.0,235212.0,53.0,13.274,0.102,97.676,31.314,0.066,0.0,260300.0,14.0,13.032,0.068,95.75,33.24,0.068,0.0,230071.0,126.0,13.332,0
0.068,95.548,33.58,0.066,0.0,230041.0,4.0,13.336,0.102,94.0,33.262,0.132,0.0,247600.0,5.0,13.716,0.1,93.584,38.43,0.066,0.0,235212.0,53.0,13.274,0.102,97.676,31.314,0.066,0.0,260300.0,14.0,13.032,0.068,95.75,33.24,0.068,0.0,230071.0,126.0,13.332,0.102,95.416,34.212,0.068,0.0,264085.0,175.0,13.666,0
0.102,94.0,33.262,0.132,0.0,247600.0,5.0,13.716,0.1,93.584,38.43,0.066,0.0,235212.0,53.0,13.274,0.102,97.676,31.314,0.066,0.0,260300.0,14.0,13.032,0.068,95.75,33.24,0.068,0.0,230071.0,126.0,13.332,0.102,95.416,34.212,0.068,0.0,264085.0,175.0,13.666,0.102,92.626,33.79,0.132,0.0,237271.0,171.0,13.0,0
0.1,93.584,38.43,0.066,0.0,235212.0,53.0,13.274,0.102,97.676,31.314,0.066,0.0,260300.0,14.0,13.032,0.068,95.75,33.24,0.068,0.0,230071.0,126.0,13.332,0.102,95.416,34.212,0.068,0.0,264085.0,175.0,13.666,0.102,92.626,33.79,0.132,0.0,237271.0,171.0,13.0,0.068,97.626,34.992,0.066,0.0,261323.0,1.0,13.666,0
0.102,97.676,31.314,0.066,0.0,260300.0,14.0,13.032,0.068,95.75,33.24,0.068,0.0,230071.0,126.0,13.332,0.102,95.416,34.212,0.068,0.0,264085.0,175.0,13.666,0.102,92.626,33.79,0.132,0.0,237271.0,171.0,13.0,0.068,97.626,34.992,0.066,0.0,261323.0,1.0,13.666,0.102,95.166,33.262,0.066,0.0,3237250.0,20.0,13.332,0
0.068,95.75,33.24,0.068,0.0,230071.0,126.0,13.332,0.102,95.416,34.212,0.068,0.0,264085.0,175.0,13.666,0.102,92.626,33.79,0.132,0.0,237271.0,171.0,13.0,0.068,97.626,34.992,0.066,0.0,261323.0,1.0,13.666,0.102,95.166,33.262,0.066,0.0,3237250.0,20.0,13.332,0.102,93.292,36.478,0.134,0.0,254862.0,7.0,13.332,0
0.102,95.416,34.212,0.068,0.0,264085.0,175.0,13.666,0.102,92.626,33.79,0.132,0.0,237271.0,171.0,13.0,0.068,97.626,34.992,0.066,0.0,261323.0,1.0,13.666,0.102,95.166,33.262,0.066,0.0,3237250.0,20.0,13.332,0.102,93.292,36.478,0.134,0.0,254862.0,7.0,13.332,0.068,92.052,34.27,0.068,0.0,3247370.0,11.0,13.332,0
0.102,92.626,33.79,0.132,0.0,237271.0,171.0,13.0,0.068,97.626,34.992,0.066,0.0,261323.0,1.0,13.666,0.102,95.166,33.262,0.066,0.0,3237250.0,20.0,13.332,0.102,93.292,36.478,0.134,0.0,254862.0,7.0,13.332,0.068,92.052,34.27,0.068,0.0,3247370.0,11.0,13.332,0.102,92.392,35.306,0.066,0.0,225190.0,24.0,14.318,0
0.068,97.626,34.992,0.066,0.0,261323.0,1.0,13.666,0.102,95.166,33.262,0.066,0.0,3237250.0,20.0,13.332,0.102,93.292,36.478,0.134,0.0,254862.0,7.0,13.332,0.068,92.052,34.27,0.068,0.0,3247370.0,11.0,13.332,0.102,92.392,35.306,0.066,0.0,225190.0,24.0,14.318,0.102,93.248,31.562,0.066,0.0,250940.0,51.0,13.29,0
0.102,95.166,33.262,0.066,0.0,3237250.0,20.0,13.332,0.102,93.292,36.478,0.134,0.0,254862.0,7.0,13.332,0.068,92.052,34.27,0.068,0.0,3247370.0,11.0,13.332,0.102,92.392,35.306,0.066,0.0,225190.0,24.0,14.318,0.102,93.248,31.562,0.066,0.0,250940.0,51.0,13.29,0.068,90.458,33.874,0.066,0.0,230978.0,68.0,12.998,0
0.102,93.292,36.478,0.134,0.0,254862.0,7.0,13.332,0.068,92.052,34.27,0.068,0.0,3247370.0,11.0,13.332,0.102,92.392,35.306,0.066,0.0,225190.0,24.0,14.318,0.102,93.248,31.562,0.066,0.0,250940.0,51.0,13.29,0.068,90.458,33.874,0.066,0.0,230978.0,68.0,12.998,0.102,93.022,35.516,0.134,0.0,262319.0,3.0,14.0,0
0.068,92.052,34.27,0.068,0.0,3247370.0,11.0,13.332,0.102,92.392,35.306,0.066,0.0,225190.0,24.0,14.318,0.102,93.248,31.562,0.066,0.0,250940.0,51.0,13.29,0.068,90.458,33.874,0.066,0.0,230978.0,68.0,12.998,0.102,93.022,35.516,0.134,0.0,262319.0,3.0,14.0,0.1,93.084,34.272,0.066,0.0,235497.0,16.0,13.332,0
0.102,92.392,35.306,0.066,0.0,225190.0,24.0,14.318,0.102,93.248,31.562,0.066,0.0,250940.0,51.0,13.29,0.068,90.458,33.874,0.066,0.0,230978.0,68.0,12.998,0.102,93.022,35.516,0.134,0.0,262319.0,3.0,14.0,0.1,93.084,34.272,0.066,0.0,235497.0,16.0,13.332,0.066,93.334,37.652,0.066,0.0,248283.0,6.0,13.334,0
0.102,93.248,31.562,0.066,0.0,250940.0,51.0,13.29,0.068,90.458,33.874,0.066,0.0,230978.0,68.0,12.998,0.102,93.022,35.516,0.134,0.0,262319.0,3.0,14.0,0.1,93.084,34.272,0.066,0.0,235497.0,16.0,13.332,0.066,93.334,37.652,0.066,0.0,248283.0,6.0,13.334,0.1,94.208,32.384,0.066,0.0,243400.0,100.0,14.0,0
0.068,90.458,33.874,0.066,0.0,230978.0,68.0,12.998,0.102,93.022,35.516,0.134,0.0,262319.0,3.0,14.0,0.1,93.084,34.272,0.066,0.0,235497.0,16.0,13.332,0.066,93.334,37.652,0.066,0.0,248283.0,6.0,13.334,0.1,94.208,32.384,0.066,0.0,243400.0,100.0,14.0,0.068,89.666,33.568000000000005,0.066,0.0,249711.0,7.0,14.332,0
0.102,93.022,35.516,0.134,0.0,262319.0,3.0,14.0,0.1,93.084,34.272,0.066,0.0,235497.0,16.0,13.332,0.066,93.334,37.652,0.066,0.0,248283.0,6.0,13.334,0.1,94.208,32.384,0.066,0.0,243400.0,100.0,14.0,0.068,89.666,33.568000000000005,0.066,0.0,249711.0,7.0,14.332,0.1,94.708,36.714,0.066,0.0,243717.0,98.0,14.0,0
0.1,93.084,34.272,0.066,0.0,235497.0,16.0,13.332,0.066,93.334,37.652,0.066,0.0,248283.0,6.0,13.334,0.1,94.208,32.384,0.066,0.0,243400.0,100.0,14.0,0.068,89.666,33.568000000000005,0.066,0.0,249711.0,7.0,14.332,0.1,94.708,36.714,0.066,0.0,243717.0,98.0,14.0,0.1,92.772,33.826,0.134,0.0,3241720.0,5.0,13.634,0
0.066,93.334,37.652,0.066,0.0,248283.0,6.0,13.334,0.1,94.208,32.384,0.066,0.0,243400.0,100.0,14.0,0.068,89.666,33.568000000000005,0.066,0.0,249711.0,7.0,14.332,0.1,94.708,36.714,0.066,0.0,243717.0,98.0,14.0,0.1,92.772,33.826,0.134,0.0,3241720.0,5.0,13.634,0.068,94.774,32.226,0.066,0.0,255955.0,1.0,13.37,0
0.1,94.208,32.384,0.066,0.0,243400.0,100.0,14.0,0.068,89.666,33.568000000000005,0.066,0.0,249711.0,7.0,14.332,0.1,94.708,36.714,0.066,0.0,243717.0,98.0,14.0,0.1,92.772,33.826,0.134,0.0,3241720.0,5.0,13.634,0.068,94.774,32.226,0.066,0.0,255955.0,1.0,13.37,0.102,96.5,36.276,0.068,0.0,3221100.0,5.0,13.38,0
0.068,89.666,33.568000000000005,0.066,0.0,249711.0,7.0,14.332,0.1,94.708,36.714,0.066,0.0,243717.0,98.0,14.0,0.1,92.772,33.826,0.134,0.0,3241720.0,5.0,13.634,0.068,94.774,32.226,0.066,0.0,255955.0,1.0,13.37,0.102,96.5,36.276,0.068,0.0,3221100.0,5.0,13.38,0.102,95.042,34.85,0.198,0.0,253793.0,4.0,13.666,0
0.1,94.708,36.714,0.066,0.0,243717.0,98.0,14.0,0.1,92.772,33.826,0.134,0.0,3241720.0,5.0,13.634,0.068,94.774,32.226,0.066,0.0,255955.0,1.0,13.37,0.102,96.5,36.276,0.068,0.0,3221100.0,5.0,13.38,0.102,95.042,34.85,0.198,0.0,253793.0,4.0,13.666,0.102,92.584,35.282,0.068,0.0,242207.0,8.0,13.0,0
0.1,92.772,33.826,0.134,0.0,3241720.0,5.0,13.634,0.068,94.774,32.226,0.066,0.0,255955.0,1.0,13.37,0.102,96.5,36.276,0.068,0.0,3221100.0,5.0,13.38,0.102,95.042,34.85,0.198,0.0,253793.0,4.0,13.666,0.102,92.584,35.282,0.068,0.0,242207.0,8.0,13.0,0.066,93.33,32.09,0.066,0.0,244641.0,67.0,14.05,0
0.068,94.774,32.226,0.066,0.0,255955.0,1.0,13.37,0.102,96.5,36.276,0.068,0.0,3221100.0,5.0,13.38,0.102,95.042,34.85,0.198,0.0,253793.0,4.0,13.666,0.102,92.584,35.282,0.068,0.0,242207.0,8.0,13.0,0.066,93.33,32.09,0.066,0.0,244641.0,67.0,14.05,0.102,96.042,34.062,0.066,0.0,245782.0,56.0,12.972,0
0.102,96.5,36.276,0.068,0.0,3221100.0,5.0,13.38,0.102,95.042,34.85,0.198,0.0,253793.0,4.0,13.666,0.102,92.584,35.282,0.068,0.0,242207.0,8.0,13.0,0.066,93.33,32.09,0.066,0.0,244641.0,67.0,14.05,0.102,96.042,34.062,0.066,0.0,245782.0,56.0,12.972,0.102,93.5,34.836,0.066,0.0,249634.0,31.0,12.998,0
0.102,95.042,34.85,0.198,0.0,253793.0,4.0,13.666,0.102,92.584,35.282,0.068,0.0,242207.0,8.0,13.0,0.066,93.33,32.09,0.066,0.0,244641.0,67.0,14.05,0.102,96.042,34.062,0.066,0.0,245782.0,56.0,12.972,0.102,93.5,34.836,0.066,0.0,249634.0,31.0,12.998,0.068,95.708,34.508,0.132,0.0,232768.0,66.0,13.656,0
0.102,92.584,35.282,0.068,0.0,242207.0,8.0,13.0,0.066,93.33,32.09,0.066,0.0,244641.0,67.0,14.05,0.102,96.042,34.062,0.066,0.0,245782.0,56.0,12.972,0.102,93.5,34.836,0.066,0.0,249634.0,31.0,12.998,0.068,95.708,34.508,0.132,0.0,232768.0,66.0,13.656,0.1,95.126,36.268,0.066,0.0,253386.0,60.0,13.332,0
0.066,93.33,32.09,0.066,0.0,244641.0,67.0,14.05,0.102,96.042,34.062,0.066,0.0,245782.0,56.0,12.972,0.102,93.5,34.836,0.066,0.0,249634.0,31.0,12.998,0.068,95.708,34.508,0.132,0.0,232768.0,66.0,13.656,0.1,95.126,36.268,0.066,0.0,253386.0,60.0,13.332,0.102,96.0,34.016,0.068,0.0,243175.0,9.0,13.666,0
0.102,96.042,34.062,0.066,0.0,245782.0,56.0,12.972,0.102,93.5,34.836,0.066,0.0,249634.0,31.0,12.998,0.068,95.708,34.508,0.132,0.0,232768.0,66.0,13.656,0.1,95.126,36.268,0.066,0.0,253386.0,60.0,13.332,0.102,96.0,34.016,0.068,0.0,243175.0,9.0,13.666,0.066,93.916,35.3,0.132,0.0,236034.0,7.0,14.0,0
0.102,93.5,34.836,0.066,0.0,249634.0,31.0,12.998,0.068,95.708,34.508,0.132,0.0,232768.0,66.0,13.656,0.1,95.126,36.268,0.066,0.0,253386.0,60.0,13.332,0.102,96.0,34.016,0.068,0.0,243175.0,9.0,13.666,0.066,93.916,35.3,0.132,0.0,236034.0,7.0,14.0,0.102,94.708,32.606,0.068,0.0,3240990.0,57.0,16.0,0
0.068,95.708,34.508,0.132,0.0,232768.0,66.0,13.656,0.1,95.126,36.268,0.066,0.0,253386.0,60.0,13.332,0.102,96.0,34.016,0.068,0.0,243175.0,9.0,13.666,0.066,93.916,35.3,0.132,0.0,236034.0,7.0,14.0,0.102,94.708,32.606,0.068,0.0,3240990.0,57.0,16.0,0.1,95.334,33.85,0.066,0.0,247113.0,20.0,13.666,0
0.1,95.126,36.268,0.066,0.0,253386.0,60.0,13.332,0.102,96.0,34.016,0.068,0.0,243175.0,9.0,13.666,0.066,93.916,35.3,0.132,0.0,236034.0,7.0,14.0,0.102,94.708,32.606,0.068,0.0,3240990.0,57.0,16.0,0.1,95.334,33.85,0.066,0.0,247113.0,20.0,13.666,0.066,97.17,36.234,0.066,0.0,3222490.0,53.0,13.334,0
0.102,96.0,34.016,0.068,0.0,243175.0,9.0,13.666,0.066,93.916,35.3,0.132,0.0,236034.0,7.0,14.0,0.102,94.708,32.606,0.068,0.0,3240990.0,57.0,16.0,0.1,95.334,33.85,0.066,0.0,247113.0,20.0,13.666,0.066,97.17,36.234,0.066,0.0,3222490.0,53.0,13.334,0.102,95.604,35.068000000000005,0.066,0.0,240165.0,89.0,13.734000000000002,0
0.066,93.916,35.3,0.132,0.0,236034.0,7.0,14.0,0.102,94.708,32.606,0.068,0.0,3240990.0,57.0,16.0,0.1,95.334,33.85,0.066,0.0,247113.0,20.0,13.666,0.066,97.17,36.234,0.066,0.0,3222490.0,53.0,13.334,0.102,95.604,35.068000000000005,0.066,0.0,240165.0,89.0,13.734000000000002,0.102,95.644,31.792,0.134,0.0,251737.0,97.0,13.308,0
0.102,94.708,32.606,0.068,0.0,3240990.0,57.0,16.0,0.1,95.334,33.85,0.066,0.0,247113.0,20.0,13.666,0.066,97.17,36.234,0.066,0.0,3222490.0,53.0,13.334,0.102,95.604,35.068000000000005,0.066,0.0,240165.0,89.0,13.734000000000002,0.102,95.644,31.792,0.134,0.0,251737.0,97.0,13.308,0.068,93.238,33.962,0.066,0.0,226327.0,45.0,13.332,0
0.1,95.334,33.85,0.066,0.0,247113.0,20.0,13.666,0.066,97.17,36.234,0.066,0.0,3222490.0,53.0,13.334,0.102,95.604,35.068000000000005,0.066,0.0,240165.0,89.0,13.734000000000002,0.102,95.644,31.792,0.134,0.0,251737.0,97.0,13.308,0.068,93.238,33.962,0.066,0.0,226327.0,45.0,13.332,0.102,95.72,34.812,0.068,0.0,256926.0,14.0,13.666,0
0.066,97.17,36.234,0.066,0.0,3222490.0,53.0,13.334,0.102,95.604,35.068000000000005,0.066,0.0,240165.0,89.0,13.734000000000002,0.102,95.644,31.792,0.134,0.0,251737.0,97.0,13.308,0.068,93.238,33.962,0.066,0.0,226327.0,45.0,13.332,0.102,95.72,34.812,0.068,0.0,256926.0,14.0,13.666,0.102,95.708,35.118,0.066,0.0,236917.0,91.0,13.332,0
0.102,95.604,35.068000000000005,0.066,0.0,240165.0,89.0,13.734000000000002,0.102,95.644,31.792,0.134,0.0,251737.0,97.0,13.308,0.068,93.238,33.962,0.066,0.0,226327.0,45.0,13.332,0.102,95.72,34.812,0.068,0.0,256926.0,14.0,13.666,0.102,95.708,35.118,0.066,0.0,236917.0,91.0,13.332,0.102,96.416,33.15,0.066,0.0,252376.0,60.0,13.668,0
0.102,95.644,31.792,0.134,0.0,251737.0,97.0,13.308,0.068,93.238,33.962,0.066,0.0,226327.0,45.0,13.332,0.102,95.72,34.812,0.068,0.0,256926.0,14.0,13.666,0.102,95.708,35.118,0.066,0.0,236917.0,91.0,13.332,0.102,96.416,33.15,0.066,0.0,252376.0,60.0,13.668,0.068,95.708,32.184,0.132,0.0,259127.0,93.0,13.666,0
0.068,93.238,33.962,0.066,0.0,226327.0,45.0,13.332,0.102,95.72,34.812,0.068,0.0,256926.0,14.0,13.666,0.102,95.708,35.118,0.066,0.0,236917.0,91.0,13.332,0.102,96.416,33.15,0.066,0.0,252376.0,60.0,13.668,0.068,95.708,32.184,0.132,0.0,259127.0,93.0,13.666,0.102,95.584,34.194,0.066,0.0,219037.0,10.0,13.334,0
0.102,95.72,34.812,0.068,0.0,256926.0,14.0,13.666,0.102,95.708,35.118,0.066,0.0,236917.0,91.0,13.332,0.102,96.416,33.15,0.066,0.0,252376.0,60.0,13.668,0.068,95.708,32.184,0.132,0.0,259127.0,93.0,13.666,0.102,95.584,34.194,0.066,0.0,219037.0,10.0,13.334,0.102,96.726,35.61,0.066,0.0,241918.0,6.0,13.65,0
0.102,95.708,35.118,0.066,0.0,236917.0,91.0,13.332,0.102,96.416,33.15,0.066,0.0,252376.0,60.0,13.668,0.068,95.708,32.184,0.132,0.0,259127.0,93.0,13.666,0.102,95.584,34.194,0.066,0.0,219037.0,10.0,13.334,0.102,96.726,35.61,0.066,0.0,241918.0,6.0,13.65,0.1,96.714,33.098,0.068,0.0,3232520.0,7.0,13.724,1
0.102,96.416,33.15,0.066,0.0,252376.0,60.0,13.668,0.068,95.708,32.184,0.132,0.0,259127.0,93.0,13.666,0.102,95.584,34.194,0.066,0.0,219037.0,10.0,13.334,0.102,96.726,35.61,0.066,0.0,241918.0,6.0,13.65,0.1,96.714,33.098,0.068,0.0,3232520.0,7.0,13.724,0.068,95.232,33.57,0.134,0.0,266012.0,65.0,14.334,1
0.068,95.708,32.184,0.132,0.0,259127.0,93.0,13.666,0.102,95.584,34.194,0.066,0.0,219037.0,10.0,13.334,0.102,96.726,35.61,0.066,0.0,241918.0,6.0,13.65,0.1,96.714,33.098,0.068,0.0,3232520.0,7.0,13.724,0.068,95.232,33.57,0.134,0.0,266012.0,65.0,14.334,0.102,94.426,36.204,0.066,0.0,3209930.0,83.0,13.052,1
0.102,95.584,34.194,0.066,0.0,219037.0,10.0,13.334,0.102,96.726,35.61,0.066,0.0,241918.0,6.0,13.65,0.1,96.714,33.098,0.068,0.0,3232520.0,7.0,13.724,0.068,95.232,33.57,0.134,0.0,266012.0,65.0,14.334,0.102,94.426,36.204,0.066,0.0,3209930.0,83.0,13.052,0.102,93.626,32.056,0.068,0.0,253948.0,34.0,14.0,1
0.102,96.726,35.61,0.066,0.0,241918.0,6.0,13.65,0.1,96.714,33.098,0.068,0.0,3232520.0,7.0,13.724,0.068,95.232,33.57,0.134,0.0,266012.0,65.0,14.334,0.102,94.426,36.204,0.066,0.0,3209930.0,83.0,13.052,0.102,93.626,32.056,0.068,0.0,253948.0,34.0,14.0,0.068,95.958,31.666,0.068,0.0,239276.0,97.0,13.0,1
0.1,96.714,33.098,0.068,0.0,3232520.0,7.0,13.724,0.068,95.232,33.57,0.134,0.0,266012.0,65.0,14.334,0.102,94.426,36.204,0.066,0.0,3209930.0,83.0,13.052,0.102,93.626,32.056,0.068,0.0,253948.0,34.0,14.0,0.068,95.958,31.666,0.068,0.0,239276.0,97.0,13.0,0.1,94.666,36.62,0.066,0.0,251676.0,59.0,14.33,1
0.068,95.232,33.57,0.134,0.0,266012.0,65.0,14.334,0.102,94.426,36.204,0.066,0.0,3209930.0,83.0,13.052,0.102,93.626,32.056,0.068,0.0,253948.0,34.0,14.0,0.068,95.958,31.666,0.068,0.0,239276.0,97.0,13.0,0.1,94.666,36.62,0.066,0.0,251676.0,59.0,14.33,0.102,93.596,31.596,0.132,0.0,239299.0,9.0,13.332,1
0.102,94.426,36.204,0.066,0.0,3209930.0,83.0,13.052,0.102,93.626,32.056,0.068,0.0,253948.0,34.0,14.0,0.068,95.958,31.666,0.068,0.0,239276.0,97.0,13.0,0.1,94.666,36.62,0.066,0.0,251676.0,59.0,14.33,0.102,93.596,31.596,0.132,0.0,239299.0,9.0,13.332,0.102,93.334,33.498000000000005,0.066,0.0,255742.0,45.0,13.332,1
0.102,93.626,32.056,0.068,0.0,253948.0,34.0,14.0,0.068,95.958,31.666,0.068,0.0,239276.0,97.0,13.0,0.1,94.666,36.62,0.066,0.0,251676.0,59.0,14.33,0.102,93.596,31.596,0.132,0.0,239299.0,9.0,13.332,0.102,93.334,33.498000000000005,0.066,0.0,255742.0,45.0,13.332,0.068,94.292,35.938,0.066,0.0,213700.0,20.0,14.014,1
0.068,95.958,31.666,0.068,0.0,239276.0,97.0,13.0,0.1,94.666,36.62,0.066,0.0,251676.0,59.0,14.33,0.102,93.596,31.596,0.132,0.0,239299.0,9.0,13.332,0.102,93.334,33.498000000000005,0.066,0.0,255742.0,45.0,13.332,0.068,94.292,35.938,0.066,0.0,213700.0,20.0,14.014,0.102,95.208,31.62,0.066,0.0,238498.0,49.0,13.666,1
0.1,94.666,36.62,0.066,0.0,251676.0,59.0,14.33,0.102,93.596,31.596,0.132,0.0,239299.0,9.0,13.332,0.102,93.334,33.498000000000005,0.066,0.0,255742.0,45.0,13.332,0.068,94.292,35.938,0.066,0.0,213700.0,20.0,14.014,0.102,95.208,31.62,0.066,0.0,238498.0,49.0,13.666,0.102,96.416,34.53,0.134,0.0,259419.0,59.0,13.0,1
0.102,93.596,31.596,0.132,0.0,239299.0,9.0,13.332,0.102,93.334,33.498000000000005,0.066,0.0,255742.0,45.0,13.332,0.068,94.292,35.938,0.066,0.0,213700.0,20.0,14.014,0.102,95.208,31.62,0.066,0.0,238498.0,49.0,13.666,0.102,96.416,34.53,0.134,0.0,259419.0,59.0,13.0,0.1,94.172,34.312,0.066,0.0,240198.0,15.0,12.998,1
0.102,93.334,33.498000000000005,0.066,0.0,255742.0,45.0,13.332,0.068,94.292,35.938,0.066,0.0,213700.0,20.0,14.014,0.102,95.208,31.62,0.066,0.0,238498.0,49.0,13.666,0.102,96.416,34.53,0.134,0.0,259419.0,59.0,13.0,0.1,94.172,34.312,0.066,0.0,240198.0,15.0,12.998,0.068,94.87,33.302,0.066,0.0,3248830.0,128.0,13.666,1
0.068,94.292,35.938,0.066,0.0,213700.0,20.0,14.014,0.102,95.208,31.62,0.066,0.0,238498.0,49.0,13.666,0.102,96.416,34.53,0.134,0.0,259419.0,59.0,13.0,0.1,94.172,34.312,0.066,0.0,240198.0,15.0,12.998,0.068,94.87,33.302,0.066,0.0,3248830.0,128.0,13.666,0.102,93.5,33.78,0.132,0.0,237509.0,105.0,14.0,1
0.102,95.208,31.62,0.066,0.0,238498.0,49.0,13.666,0.102,96.416,34.53,0.134,0.0,259419.0,59.0,13.0,0.1,94.172,34.312,0.066,0.0,240198.0,15.0,12.998,0.068,94.87,33.302,0.066,0.0,3248830.0,128.0,13.666,0.102,93.5,33.78,0.132,0.0,237509.0,105.0,14.0,0.066,91.458,38.99,0.066,0.0,3244010.0,43.0,13.334,1
0.102,96.416,34.53,0.134,0.0,259419.0,59.0,13.0,0.1,94.172,34.312,0.066,0.0,240198.0,15.0,12.998,0.068,94.87,33.302,0.066,0.0,3248830.0,128.0,13.666,0.102,93.5,33.78,0.132,0.0,237509.0,105.0,14.0,0.066,91.458,38.99,0.066,0.0,3244010.0,43.0,13.334,0.102,91.292,29.754,0.068,0.0,236972.0,32.0,13.668,1
0.1,94.172,34.312,0.066,0.0,240198.0,15.0,12.998,0.068,94.87,33.302,0.066,0.0,3248830.0,128.0,13.666,0.102,93.5,33.78,0.132,0.0,237509.0,105.0,14.0,0.066,91.458,38.99,0.066,0.0,3244010.0,43.0,13.334,0.102,91.292,29.754,0.068,0.0,236972.0,32.0,13.668,0.102,92.916,33.616,0.066,0.0,256938.0,10.0,13.334,1
0.068,94.87,33.302,0.066,0.0,3248830.0,128.0,13.666,0.102,93.5,33.78,0.132,0.0,237509.0,105.0,14.0,0.066,91.458,38.99,0.066,0.0,3244010.0,43.0,13.334,0.102,91.292,29.754,0.068,0.0,236972.0,32.0,13.668,0.102,92.916,33.616,0.066,0.0,256938.0,10.0,13.334,0.068,95.334,34.672,0.066,0.0,236136.0,10.0,13.332,1
0.102,93.5,33.78,0.132,0.0,237509.0,105.0,14.0,0.066,91.458,38.99,0.066,0.0,3244010.0,43.0,13.334,0.102,91.292,29.754,0.068,0.0,236972.0,32.0,13.668,0.102,92.916,33.616,0.066,0.0,256938.0,10.0,13.334,0.068,95.334,34.672,0.066,0.0,236136.0,10.0,13.332,0.102,94.208,33.802,0.136,0.0,256729.0,28.0,13.718,1
0.066,91.458,38.99,0.066,0.0,3244010.0,43.0,13.334,0.102,91.292,29.754,0.068,0.0,236972.0,32.0,13.668,0.102,92.916,33.616,0.066,0.0,256938.0,10.0,13.334,0.068,95.334,34.672,0.066,0.0,236136.0,10.0,13.332,0.102,94.208,33.802,0.136,0.0,256729.0,28.0,13.718,0.068,96.292,35.564,0.066,0.0,234670.0,11.0,13.666,1
0.102,91.292,29.754,0.068,0.0,236972.0,32.0,13.668,0.102,92.916,33.616,0.066,0.0,256938.0,10.0,13.334,0.068,95.334,34.672,0.066,0.0,236136.0,10.0,13.332,0.102,94.208,33.802,0.136,0.0,256729.0,28.0,13.718,0.068,96.292,35.564,0.066,0.0,234670.0,11.0,13.666,0.102,94.416,33.874,0.068,0.0,234200.0,8.0,13.334,1
0.102,92.916,33.616,0.066,0.0,256938.0,10.0,13.334,0.068,95.334,34.672,0.066,0.0,236136.0,10.0,13.332,0.102,94.208,33.802,0.136,0.0,256729.0,28.0,13.718,0.068,96.292,35.564,0.066,0.0,234670.0,11.0,13.666,0.102,94.416,33.874,0.068,0.0,234200.0,8.0,13.334,0.102,92.974,35.99800000000001,0.068,0.0,253754.0,9.0,14.002,1
0.068,95.334,34.672,0.066,0.0,236136.0,10.0,13.332,0.102,94.208,33.802,0.136,0.0,256729.0,28.0,13.718,0.068,96.292,35.564,0.066,0.0,234670.0,11.0,13.666,0.102,94.416,33.874,0.068,0.0,234200.0,8.0,13.334,0.102,92.974,35.99800000000001,0.068,0.0,253754.0,9.0,14.002,0.068,94.25,31.988000000000003,0.066,0.0,237412.0,36.0,13.0,1
0.102,94.208,33.802,0.136,0.0,256729.0,28.0,13.718,0.068,96.292,35.564,0.066,0.0,234670.0,11.0,13.666,0.102,94.416,33.874,0.068,0.0,234200.0,8.0,13.334,0.102,92.974,35.99800000000001,0.068,0.0,253754.0,9.0,14.002,0.068,94.25,31.988000000000003,0.066,0.0,237412.0,36.0,13.0,0.1,97.708,35.212,0.132,0.0,250319.0,112.0,13.996,1
0.068,96.292,35.564,0.066,0.0,234670.0,11.0,13.666,0.102,94.416,33.874,0.068,0.0,234200.0,8.0,13.334,0.102,92.974,35.99800000000001,0.068,0.0,253754.0,9.0,14.002,0.068,94.25,31.988000000000003,0.066,0.0,237412.0,36.0,13.0,0.1,97.708,35.212,0.132,0.0,250319.0,112.0,13.996,0.068,95.096,33.522,0.066,0.0,3215960.0,7.0,13.998,1
0.102,94.416,33.874,0.068,0.0,234200.0,8.0,13.334,0.102,92.974,35.99800000000001,0.068,0.0,253754.0,9.0,14.002,0.068,94.25,31.988000000000003,0.066,0.0,237412.0,36.0,13.0,0.1,97.708,35.212,0.132,0.0,250319.0,112.0,13.996,0.068,95.096,33.522,0.066,0.0,3215960.0,7.0,13.998,0.102,95.406,37.324,0.066,0.0,292090.0,111.0,13.656,1
0.102,92.974,35.99800000000001,0.068,0.0,253754.0,9.0,14.002,0.068,94.25,31.988000000000003,0.066,0.0,237412.0,36.0,13.0,0.1,97.708,35.212,0.132,0.0,250319.0,112.0,13.996,0.068,95.096,33.522,0.066,0.0,3215960.0,7.0,13.998,0.102,95.406,37.324,0.066,0.0,292090.0,111.0,13.656,0.1,94.572,32.606,0.134,0.0,3224360.0,30.0,14.328,1
0.068,94.25,31.988000000000003,0.066,0.0,237412.0,36.0,13.0,0.1,97.708,35.212,0.132,0.0,250319.0,112.0,13.996,0.068,95.096,33.522,0.066,0.0,3215960.0,7.0,13.998,0.102,95.406,37.324,0.066,0.0,292090.0,111.0,13.656,0.1,94.572,32.606,0.134,0.0,3224360.0,30.0,14.328,0.066,95.494,35.892,0.066,0.0,236701.0,56.0,13.332,1
0.1,97.708,35.212,0.132,0.0,250319.0,112.0,13.996,0.068,95.096,33.522,0.066,0.0,3215960.0,7.0,13.998,0.102,95.406,37.324,0.066,0.0,292090.0,111.0,13.656,0.1,94.572,32.606,0.134,0.0,3224360.0,30.0,14.328,0.066,95.494,35.892,0.066,0.0,236701.0,56.0,13.332,0.102,94.208,31.76,0.066,0.0,227057.0,70.0,13.334,1
0.068,95.096,33.522,0.066,0.0,3215960.0,7.0,13.998,0.102,95.406,37.324,0.066,0.0,292090.0,111.0,13.656,0.1,94.572,32.606,0.134,0.0,3224360.0,30.0,14.328,0.066,95.494,35.892,0.066,0.0,236701.0,56.0,13.332,0.102,94.208,31.76,0.066,0.0,227057.0,70.0,13.334,0.1,94.124,33.556,0.066,0.0,257728.0,14.0,12.998,1
0.102,95.406,37.324,0.066,0.0,292090.0,111.0,13.656,0.1,94.572,32.606,0.134,0.0,3224360.0,30.0,14.328,0.066,95.494,35.892,0.066,0.0,236701.0,56.0,13.332,0.102,94.208,31.76,0.066,0.0,227057.0,70.0,13.334,0.1,94.124,33.556,0.066,0.0,257728.0,14.0,12.998,0.1,95.046,33.426,0.066,0.0,239293.0,57.0,13.334,1
0.1,94.572,32.606,0.134,0.0,3224360.0,30.0,14.328,0.066,95.494,35.892,0.066,0.0,236701.0,56.0,13.332,0.102,94.208,31.76,0.066,0.0,227057.0,70.0,13.334,0.1,94.124,33.556,0.066,0.0,257728.0,14.0,12.998,0.1,95.046,33.426,0.066,0.0,239293.0,57.0,13.334,0.068,96.584,33.522,0.134,0.0,235845.0,49.0,13.332,1
0.066,95.494,35.892,0.066,0.0,236701.0,56.0,13.332,0.102,94.208,31.76,0.066,0.0,227057.0,70.0,13.334,0.1,94.124,33.556,0.066,0.0,257728.0,14.0,12.998,0.1,95.046,33.426,0.066,0.0,239293.0,57.0,13.334,0.068,96.584,33.522,0.134,0.0,235845.0,49.0,13.332,0.102,94.432,34.648,0.066,0.0,251200.0,37.0,13.666,1
0.102,94.208,31.76,0.066,0.0,227057.0,70.0,13.334,0.1,94.124,33.556,0.066,0.0,257728.0,14.0,12.998,0.1,95.046,33.426,0.066,0.0,239293.0,57.0,13.334,0.068,96.584,33.522,0.134,0.0,235845.0,49.0,13.332,0.102,94.432,34.648,0.066,0.0,251200.0,37.0,13.666,0.1,96.43,31.886,0.068,0.0,237458.0,53.0,13.332,1
0.1,94.124,33.556,0.066,0.0,257728.0,14.0,12.998,0.1,95.046,33.426,0.066,0.0,239293.0,57.0,13.334,0.068,96.584,33.522,0.134,0.0,235845.0,49.0,13.332,0.102,94.432,34.648,0.066,0.0,251200.0,37.0,13.666,0.1,96.43,31.886,0.068,0.0,237458.0,53.0,13.332,0.066,97.042,37.016,0.066,0.0,247151.0,18.0,13.334,1
0.1,95.046,33.426,0.066,0.0,239293.0,57.0,13.334,0.068,96.584,33.522,0.134,0.0,235845.0,49.0,13.332,0.102,94.432,34.648,0.066,0.0,251200.0,37.0,13.666,0.1,96.43,31.886,0.068,0.0,237458.0,53.0,13.332,0.066,97.042,37.016,0.066,0.0,247151.0,18.0,13.334,0.1,96.312,30.554,0.066,0.0,232946.0,10.0,13.332,1
0.068,96.584,33.522,0.134,0.0,235845.0,49.0,13.332,0.102,94.432,34.648,0.066,0.0,251200.0,37.0,13.666,0.1,96.43,31.886,0.068,0.0,237458.0,53.0,13.332,0.066,97.042,37.016,0.066,0.0,247151.0,18.0,13.334,0.1,96.312,30.554,0.066,0.0,232946.0,10.0,13.332,0.102,95.292,32.88,0.132,0.0,3243070.0,94.0,13.666,1
0.102,94.432,34.648,0.066,0.0,251200.0,37.0,13.666,0.1,96.43,31.886,0.068,0.0,237458.0,53.0,13.332,0.066,97.042,37.016,0.066,0.0,247151.0,18.0,13.334,0.1,96.312,30.554,0.066,0.0,232946.0,10.0,13.332,0.102,95.292,32.88,0.132,0.0,3243070.0,94.0,13.666,0.068,94.042,33.326,0.066,0.0,248976.0,57.0,12.666,1
0.1,96.43,31.886,0.068,0.0,237458.0,53.0,13.332,0.066,97.042,37.016,0.066,0.0,247151.0,18.0,13.334,0.1,96.312,30.554,0.066,0.0,232946.0,10.0,13.332,0.102,95.292,32.88,0.132,0.0,3243070.0,94.0,13.666,0.068,94.042,33.326,0.066,0.0,248976.0,57.0,12.666,0.102,96.78,34.718,0.066,0.0,3242090.0,124.0,13.334,1
0.066,97.042,37.016,0.066,0.0,247151.0,18.0,13.334,0.1,96.312,30.554,0.066,0.0,232946.0,10.0,13.332,0.102,95.292,32.88,0.132,0.0,3243070.0,94.0,13.666,0.068,94.042,33.326,0.066,0.0,248976.0,57.0,12.666,0.102,96.78,34.718,0.066,0.0,3242090.0,124.0,13.334,0.1,95.666,36.032,0.066,0.0,241318.0,27.0,13.712,1
0.1,96.312,30.554,0.066,0.0,232946.0,10.0,13.332,0.102,95.292,32.88,0.132,0.0,3243070.0,94.0,13.666,0.068,94.042,33.326,0.066,0.0,248976.0,57.0,12.666,0.102,96.78,34.718,0.066,0.0,3242090.0,124.0,13.334,0.1,95.666,36.032,0.066,0.0,241318.0,27.0,13.712,0.102,95.0,29.624,0.134,0.0,258786.0,10.0,14.3,1
0.102,95.292,32.88,0.132,0.0,3243070.0,94.0,13.666,0.068,94.042,33.326,0.066,0.0,248976.0,57.0,12.666,0.102,96.78,34.718,0.066,0.0,3242090.0,124.0,13.334,0.1,95.666,36.032,0.066,0.0,241318.0,27.0,13.712,0.102,95.0,29.624,0.134,0.0,258786.0,10.0,14.3,0.068,94.672,33.17,0.068,0.0,242851.0,9.0,13.06,1
0.068,94.042,33.326,0.066,0.0,248976.0,57.0,12.666,0.102,96.78,34.718,0.066,0.0,3242090.0,124.0,13.334,0.1,95.666,36.032,0.066,0.0,241318.0,27.0,13.712,0.102,95.0,29.624,0.134,0.0,258786.0,10.0,14.3,0.068,94.672,33.17,0.068,0.0,242851.0,9.0,13.06,0.102,95.75,34.202,0.066,0.0,233124.0,13.0,13.598,1
0.102,96.78,34.718,0.066,0.0,3242090.0,124.0,13.334,0.1,95.666,36.032,0.066,0.0,241318.0,27.0,13.712,0.102,95.0,29.624,0.134,0.0,258786.0,10.0,14.3,0.068,94.672,33.17,0.068,0.0,242851.0,9.0,13.06,0.102,95.75,34.202,0.066,0.0,233124.0,13.0,13.598,0.102,96.834,37.24800000000001,0.066,0.0,260257.0,123.0,13.668,1
0.1,95.666,36.032,0.066,0.0,241318.0,27.0,13.712,0.102,95.0,29.624,0.134,0.0,258786.0,10.0,14.3,0.068,94.672,33.17,0.068,0.0,242851.0,9.0,13.06,0.102,95.75,34.202,0.066,0.0,233124.0,13.0,13.598,0.102,96.834,37.24800000000001,0.066,0.0,260257.0,123.0,13.668,0.068,95.876,30.61,0.068,0.0,237194.0,91.0,13.716,1
0.102,95.0,29.624,0.134,0.0,258786.0,10.0,14.3,0.068,94.672,33.17,0.068,0.0,242851.0,9.0,13.06,0.102,95.75,34.202,0.066,0.0,233124.0,13.0,13.598,0.102,96.834,37.24800000000001,0.066,0.0,260257.0,123.0,13.668,0.068,95.876,30.61,0.068,0.0,237194.0,91.0,13.716,0.1,95.834,35.572,0.066,0.0,241907.0,81.0,13.332,1
0.068,94.672,33.17,0.068,0.0,242851.0,9.0,13.06,0.102,95.75,34.202,0.066,0.0,233124.0,13.0,13.598,0.102,96.834,37.24800000000001,0.066,0.0,260257.0,123.0,13.668,0.068,95.876,30.61,0.068,0.0,237194.0,91.0,13.716,0.1,95.834,35.572,0.066,0.0,241907.0,81.0,13.332,0.1,95.958,31.666,0.134,0.0,223401.0,47.0,13.336,1
0.102,95.75,34.202,0.066,0.0,233124.0,13.0,13.598,0.102,96.834,37.24800000000001,0.066,0.0,260257.0,123.0,13.668,0.068,95.876,30.61,0.068,0.0,237194.0,91.0,13.716,0.1,95.834,35.572,0.066,0.0,241907.0,81.0,13.332,0.1,95.958,31.666,0.134,0.0,223401.0,47.0,13.336,0.102,93.03,36.292,0.066,0.0,265658.0,21.0,13.316,1
0.102,96.834,37.24800000000001,0.066,0.0,260257.0,123.0,13.668,0.068,95.876,30.61,0.068,0.0,237194.0,91.0,13.716,0.1,95.834,35.572,0.066,0.0,241907.0,81.0,13.332,0.1,95.958,31.666,0.134,0.0,223401.0,47.0,13.336,0.102,93.03,36.292,0.066,0.0,265658.0,21.0,13.316,0.1,93.042,31.76,0.066,0.0,3226760.0,11.0,14.0,1
0.068,95.876,30.61,0.068,0.0,237194.0,91.0,13.716,0.1,95.834,35.572,0.066,0.0,241907.0,81.0,13.332,0.1,95.958,31.666,0.134,0.0,223401.0,47.0,13.336,0.102,93.03,36.292,0.066,0.0,265658.0,21.0,13.316,0.1,93.042,31.76,0.066,0.0,3226760.0,11.0,14.0,0.1,96.166,33.356,0.132,0.0,269071.0,19.0,12.998,1
0.1,95.834,35.572,0.066,0.0,241907.0,81.0,13.332,0.1,95.958,31.666,0.134,0.0,223401.0,47.0,13.336,0.102,93.03,36.292,0.066,0.0,265658.0,21.0,13.316,0.1,93.042,31.76,0.066,0.0,3226760.0,11.0,14.0,0.1,96.166,33.356,0.132,0.0,269071.0,19.0,12.998,0.068,96.0,36.004,0.066,0.0,3234160.0,82.0,13.37,1
0.1,95.958,31.666,0.134,0.0,223401.0,47.0,13.336,0.102,93.03,36.292,0.066,0.0,265658.0,21.0,13.316,0.1,93.042,31.76,0.066,0.0,3226760.0,11.0,14.0,0.1,96.166,33.356,0.132,0.0,269071.0,19.0,12.998,0.068,96.0,36.004,0.066,0.0,3234160.0,82.0,13.37,0.102,96.334,36.464,0.066,0.0,247154.0,69.0,13.316,1
0.102,93.03,36.292,0.066,0.0,265658.0,21.0,13.316,0.1,93.042,31.76,0.066,0.0,3226760.0,11.0,14.0,0.1,96.166,33.356,0.132,0.0,269071.0,19.0,12.998,0.068,96.0,36.004,0.066,0.0,3234160.0,82.0,13.37,0.102,96.334,36.464,0.066,0.0,247154.0,69.0,13.316,0.102,95.126,32.728,0.066,0.0,239909.0,160.0,14.0,1
0.1,93.042,31.76,0.066,0.0,3226760.0,11.0,14.0,0.1,96.166,33.356,0.132,0.0,269071.0,19.0,12.998,0.068,96.0,36.004,0.066,0.0,3234160.0,82.0,13.37,0.102,96.334,36.464,0.066,0.0,247154.0,69.0,13.316,0.102,95.126,32.728,0.066,0.0,239909.0,160.0,14.0,0.102,94.25,31.448,0.066,0.0,251001.0,75.0,12.664,1
0.1,96.166,33.356,0.132,0.0,269071.0,19.0,12.998,0.068,96.0,36.004,0.066,0.0,3234160.0,82.0,13.37,0.102,96.334,36.464,0.066,0.0,247154.0,69.0,13.316,0.102,95.126,32.728,0.066,0.0,239909.0,160.0,14.0,0.102,94.25,31.448,0.066,0.0,251001.0,75.0,12.664,0.068,93.334,33.896,0.134,0.0,245427.0,23.0,13.658,1
0.068,96.0,36.004,0.066,0.0,3234160.0,82.0,13.37,0.102,96.334,36.464,0.066,0.0,247154.0,69.0,13.316,0.102,95.126,32.728,0.066,0.0,239909.0,160.0,14.0,0.102,94.25,31.448,0.066,0.0,251001.0,75.0,12.664,0.068,93.334,33.896,0.134,0.0,245427.0,23.0,13.658,0.1,95.124,32.3,0.066,0.0,245271.0,79.0,13.316,1
0.102,96.334,36.464,0.066,0.0,247154.0,69.0,13.316,0.102,95.126,32.728,0.066,0.0,239909.0,160.0,14.0,0.102,94.25,31.448,0.066,0.0,251001.0,75.0,12.664,0.068,93.334,33.896,0.134,0.0,245427.0,23.0,13.658,0.1,95.124,32.3,0.066,0.0,245271.0,79.0,13.316,0.1,95.626,34.248000000000005,0.066,0.0,243777.0,79.0,13.002,1
0.102,95.126,32.728,0.066,0.0,239909.0,160.0,14.0,0.102,94.25,31.448,0.066,0.0,251001.0,75.0,12.664,0.068,93.334,33.896,0.134,0.0,245427.0,23.0,13.658,0.1,95.124,32.3,0.066,0.0,245271.0,79.0,13.316,0.1,95.626,34.248000000000005,0.066,0.0,243777.0,79.0,13.002,0.1,95.542,33.656,0.066,0.0,229951.0,97.0,13.666,1
0.102,94.25,31.448,0.066,0.0,251001.0,75.0,12.664,0.068,93.334,33.896,0.134,0.0,245427.0,23.0,13.658,0.1,95.124,32.3,0.066,0.0,245271.0,79.0,13.316,0.1,95.626,34.248000000000005,0.066,0.0,243777.0,79.0,13.002,0.1,95.542,33.656,0.066,0.0,229951.0,97.0,13.666,0.066,96.126,34.906,0.066,0.0,261331.0,294.0,13.334,1
0.068,93.334,33.896,0.134,0.0,245427.0,23.0,13.658,0.1,95.124,32.3,0.066,0.0,245271.0,79.0,13.316,0.1,95.626,34.248000000000005,0.066,0.0,243777.0,79.0,13.002,0.1,95.542,33.656,0.066,0.0,229951.0,97.0,13.666,0.066,96.126,34.906,0.066,0.0,261331.0,294.0,13.334,0.1,92.718,32.536,0.132,0.0,238705.0,59.0,14.046,1
0.1,95.124,32.3,0.066,0.0,245271.0,79.0,13.316,0.1,95.626,34.248000000000005,0.066,0.0,243777.0,79.0,13.002,0.1,95.542,33.656,0.066,0.0,229951.0,97.0,13.666,0.066,96.126,34.906,0.066,0.0,261331.0,294.0,13.334,0.1,92.718,32.536,0.132,0.0,238705.0,59.0,14.046,0.102,96.292,32.424,0.066,0.0,3235200.0,39.0,13.008,1
0.1,95.626,34.248000000000005,0.066,0.0,243777.0,79.0,13.002,0.1,95.542,33.656,0.066,0.0,229951.0,97.0,13.666,0.066,96.126,34.906,0.066,0.0,261331.0,294.0,13.334,0.1,92.718,32.536,0.132,0.0,238705.0,59.0,14.046,0.102,96.292,32.424,0.066,0.0,3235200.0,39.0,13.008,0.102,94.916,33.03,0.066,0.0,238669.0,37.0,13.666,1
0.1,95.542,33.656,0.066,0.0,229951.0,97.0,13.666,0.066,96.126,34.906,0.066,0.0,261331.0,294.0,13.334,0.1,92.718,32.536,0.132,0.0,238705.0,59.0,14.046,0.102,96.292,32.424,0.066,0.0,3235200.0,39.0,13.008,0.102,94.916,33.03,0.066,0.0,238669.0,37.0,13.666,0.066,96.416,38.238,0.134,0.0,3238220.0,99.0,13.67,1
0.066,96.126,34.906,0.066,0.0,261331.0,294.0,13.334,0.1,92.718,32.536,0.132,0.0,238705.0,59.0,14.046,0.102,96.292,32.424,0.066,0.0,3235200.0,39.0,13.008,0.102,94.916,33.03,0.066,0.0,238669.0,37.0,13.666,0.066,96.416,38.238,0.134,0.0,3238220.0,99.0,13.67,0.102,92.166,29.108,0.066,0.0,241383.0,71.0,13.38,1
0.1,92.718,32.536,0.132,0.0,238705.0,59.0,14.046,0.102,96.292,32.424,0.066,0.0,3235200.0,39.0,13.008,0.102,94.916,33.03,0.066,0.0,238669.0,37.0,13.666,0.066,96.416,38.238,0.134,0.0,3238220.0,99.0,13.67,0.102,92.166,29.108,0.066,0.0,241383.0,71.0,13.38,0.1,93.666,35.086,0.066,0.0,242915.0,22.0,13.64,1
0.102,96.292,32.424,0.066,0.0,3235200.0,39.0,13.008,0.102,94.916,33.03,0.066,0.0,238669.0,37.0,13.666,0.066,96.416,38.238,0.134,0.0,3238220.0,99.0,13.67,0.102,92.166,29.108,0.066,0.0,241383.0,71.0,13.38,0.1,93.666,35.086,0.066,0.0,242915.0,22.0,13.64,0.1,95.292,30.778,0.066,0.0,242803.0,37.0,12.994000000000002,1
0.102,94.916,33.03,0.066,0.0,238669.0,37.0,13.666,0.066,96.416,38.238,0.134,0.0,3238220.0,99.0,13.67,0.102,92.166,29.108,0.066,0.0,241383.0,71.0,13.38,0.1,93.666,35.086,0.066,0.0,242915.0,22.0,13.64,0.1,95.292,30.778,0.066,0.0,242803.0,37.0,12.994000000000002,0.066,95.25,32.676,0.066,0.0,252122.0,87.0,12.996,1
0.066,96.416,38.238,0.134,0.0,3238220.0,99.0,13.67,0.102,92.166,29.108,0.066,0.0,241383.0,71.0,13.38,0.1,93.666,35.086,0.066,0.0,242915.0,22.0,13.64,0.1,95.292,30.778,0.066,0.0,242803.0,37.0,12.994000000000002,0.066,95.25,32.676,0.066,0.0,252122.0,87.0,12.996,0.134,94.334,35.774,0.068,0.0,245866.0,20.0,14.018,1
0.102,92.166,29.108,0.066,0.0,241383.0,71.0,13.38,0.1,93.666,35.086,0.066,0.0,242915.0,22.0,13.64,0.1,95.292,30.778,0.066,0.0,242803.0,37.0,12.994000000000002,0.066,95.25,32.676,0.066,0.0,252122.0,87.0,12.996,0.134,94.334,35.774,0.068,0.0,245866.0,20.0,14.018,0.1,93.126,34.342,0.134,0.0,244874.0,56.0,14.002,1
0.1,93.666,35.086,0.066,0.0,242915.0,22.0,13.64,0.1,95.292,30.778,0.066,0.0,242803.0,37.0,12.994000000000002,0.066,95.25,32.676,0.066,0.0,252122.0,87.0,12.996,0.134,94.334,35.774,0.068,0.0,245866.0,20.0,14.018,0.1,93.126,34.342,0.134,0.0,244874.0,56.0,14.002,0.066,96.876,32.108000000000004,0.066,0.0,259231.0,67.0,13.338,1
0.1,95.292,30.778,0.066,0.0,242803.0,37.0,12.994000000000002,0.066,95.25,32.676,0.066,0.0,252122.0,87.0,12.996,0.134,94.334,35.774,0.068,0.0,245866.0,20.0,14.018,0.1,93.126,34.342,0.134,0.0,244874.0,56.0,14.002,0.066,96.876,32.108000000000004,0.066,0.0,259231.0,67.0,13.338,0.1,94.458,37.496,0.066,0.0,237485.0,72.0,13.0,1
0.066,95.25,32.676,0.066,0.0,252122.0,87.0,12.996,0.134,94.334,35.774,0.068,0.0,245866.0,20.0,14.018,0.1,93.126,34.342,0.134,0.0,244874.0,56.0,14.002,0.066,96.876,32.108000000000004,0.066,0.0,259231.0,67.0,13.338,0.1,94.458,37.496,0.066,0.0,237485.0,72.0,13.0,0.068,93.958,30.352,0.068,0.0,251142.0,98.0,13.332,1
0.134,94.334,35.774,0.068,0.0,245866.0,20.0,14.018,0.1,93.126,34.342,0.134,0.0,244874.0,56.0,14.002,0.066,96.876,32.108000000000004,0.066,0.0,259231.0,67.0,13.338,0.1,94.458,37.496,0.066,0.0,237485.0,72.0,13.0,0.068,93.958,30.352,0.068,0.0,251142.0,98.0,13.332,0.102,96.376,33.27,0.134,0.0,3266010.0,95.0,13.666,1
0.1,93.126,34.342,0.134,0.0,244874.0,56.0,14.002,0.066,96.876,32.108000000000004,0.066,0.0,259231.0,67.0,13.338,0.1,94.458,37.496,0.066,0.0,237485.0,72.0,13.0,0.068,93.958,30.352,0.068,0.0,251142.0,98.0,13.332,0.102,96.376,33.27,0.134,0.0,3266010.0,95.0,13.666,0.102,92.766,34.766,0.066,0.0,268978.0,44.0,13.015999999999998,1
0.066,96.876,32.108000000000004,0.066,0.0,259231.0,67.0,13.338,0.1,94.458,37.496,0.066,0.0,237485.0,72.0,13.0,0.068,93.958,30.352,0.068,0.0,251142.0,98.0,13.332,0.102,96.376,33.27,0.134,0.0,3266010.0,95.0,13.666,0.102,92.766,34.766,0.066,0.0,268978.0,44.0,13.015999999999998,0.102,95.49,35.846,0.066,0.0,3219550.0,84.0,13.334,1
0.1,94.458,37.496,0.066,0.0,237485.0,72.0,13.0,0.068,93.958,30.352,0.068,0.0,251142.0,98.0,13.332,0.102,96.376,33.27,0.134,0.0,3266010.0,95.0,13.666,0.102,92.766,34.766,0.066,0.0,268978.0,44.0,13.015999999999998,0.102,95.49,35.846,0.066,0.0,3219550.0,84.0,13.334,0.1,92.452,34.718,0.066,0.0,250667.0,108.0,14.0,1
0.068,93.958,30.352,0.068,0.0,251142.0,98.0,13.332,0.102,96.376,33.27,0.134,0.0,3266010.0,95.0,13.666,0.102,92.766,34.766,0.066,0.0,268978.0,44.0,13.015999999999998,0.102,95.49,35.846,0.066,0.0,3219550.0,84.0,13.334,0.1,92.452,34.718,0.066,0.0,250667.0,108.0,14.0,0.068,92.126,32.066,0.066,0.0,226590.0,86.0,14.0,1
0.102,96.376,33.27,0.134,0.0,3266010.0,95.0,13.666,0.102,92.766,34.766,0.066,0.0,268978.0,44.0,13.015999999999998,0.102,95.49,35.846,0.066,0.0,3219550.0,84.0,13.334,0.1,92.452,34.718,0.066,0.0,250667.0,108.0,14.0,0.068,92.126,32.066,0.066,0.0,226590.0,86.0,14.0,0.1,95.062,35.108000000000004,0.134,0.0,250937.0,10.0,13.332,1
0.102,92.766,34.766,0.066,0.0,268978.0,44.0,13.015999999999998,0.102,95.49,35.846,0.066,0.0,3219550.0,84.0,13.334,0.1,92.452,34.718,0.066,0.0,250667.0,108.0,14.0,0.068,92.126,32.066,0.066,0.0,226590.0,86.0,14.0,0.1,95.062,35.108000000000004,0.134,0.0,250937.0,10.0,13.332,0.1,95.064,30.978,0.068,0.0,257391.0,12.0,13.29,1
0.102,95.49,35.846,0.066,0.0,3219550.0,84.0,13.334,0.1,92.452,34.718,0.066,0.0,250667.0,108.0,14.0,0.068,92.126,32.066,0.066,0.0,226590.0,86.0,14.0,0.1,95.062,35.108000000000004,0.134,0.0,250937.0,10.0,13.332,0.1,95.064,30.978,0.068,0.0,257391.0,12.0,13.29,0.068,92.75,33.818000000000005,0.068,0.0,239186.0,117.0,13.368,1
0.1,92.452,34.718,0.066,0.0,250667.0,108.0,14.0,0.068,92.126,32.066,0.066,0.0,226590.0,86.0,14.0,0.1,95.062,35.108000000000004,0.134,0.0,250937.0,10.0,13.332,0.1,95.064,30.978,0.068,0.0,257391.0,12.0,13.29,0.068,92.75,33.818000000000005,0.068,0.0,239186.0,117.0,13.368,0.102,94.854,36.152,0.066,0.0,265730.0,34.0,13.668,1
0.068,92.126,32.066,0.066,0.0,226590.0,86.0,14.0,0.1,95.062,35.108000000000004,0.134,0.0,250937.0,10.0,13.332,0.1,95.064,30.978,0.068,0.0,257391.0,12.0,13.29,0.068,92.75,33.818000000000005,0.068,0.0,239186.0,117.0,13.368,0.102,94.854,36.152,0.066,0.0,265730.0,34.0,13.668,0.102,96.812,31.55,0.066,0.0,244336.0,89.0,13.344,1
0.1,95.062,35.108000000000004,0.134,0.0,250937.0,10.0,13.332,0.1,95.064,30.978,0.068,0.0,257391.0,12.0,13.29,0.068,92.75,33.818000000000005,0.068,0.0,239186.0,117.0,13.368,0.102,94.854,36.152,0.066,0.0,265730.0,34.0,13.668,0.102,96.812,31.55,0.066,0.0,244336.0,89.0,13.344,0.068,93.456,36.838,0.066,0.0,273484.0,37.0,13.668,1
0.1,95.064,30.978,0.068,0.0,257391.0,12.0,13.29,0.068,92.75,33.818000000000005,0.068,0.0,239186.0,117.0,13.368,0.102,94.854,36.152,0.066,0.0,265730.0,34.0,13.668,0.102,96.812,31.55,0.066,0.0,244336.0,89.0,13.344,0.068,93.456,36.838,0.066,0.0,273484.0,37.0,13.668,0.1,94.496,31.22,0.132,0.0,260826.0,38.0,13.666,1
0.068,92.75,33.818000000000005,0.068,0.0,239186.0,117.0,13.368,0.102,94.854,36.152,0.066,0.0,265730.0,34.0,13.668,0.102,96.812,31.55,0.066,0.0,244336.0,89.0,13.344,0.068,93.456,36.838,0.066,0.0,273484.0,37.0,13.668,0.1,94.496,31.22,0.132,0.0,260826.0,38.0,13.666,0.1,94.638,32.558,0.068,0.0,3212430.0,26.0,13.332,1
0.102,94.854,36.152,0.066,0.0,265730.0,34.0,13.668,0.102,96.812,31.55,0.066,0.0,244336.0,89.0,13.344,0.068,93.456,36.838,0.066,0.0,273484.0,37.0,13.668,0.1,94.496,31.22,0.132,0.0,260826.0,38.0,13.666,0.1,94.638,32.558,0.068,0.0,3212430.0,26.0,13.332,0.068,94.874,33.24,0.066,0.0,250041.0,10.0,14.334,1
0.102,96.812,31.55,0.066,0.0,244336.0,89.0,13.344,0.068,93.456,36.838,0.066,0.0,273484.0,37.0,13.668,0.1,94.496,31.22,0.132,0.0,260826.0,38.0,13.666,0.1,94.638,32.558,0.068,0.0,3212430.0,26.0,13.332,0.068,94.874,33.24,0.066,0.0,250041.0,10.0,14.334,0.102,94.876,34.08,0.066,0.0,3229480.0,9.0,13.666,1
0.068,93.456,36.838,0.066,0.0,273484.0,37.0,13.668,0.1,94.496,31.22,0.132,0.0,260826.0,38.0,13.666,0.1,94.638,32.558,0.068,0.0,3212430.0,26.0,13.332,0.068,94.874,33.24,0.066,0.0,250041.0,10.0,14.334,0.102,94.876,34.08,0.066,0.0,3229480.0,9.0,13.666,0.1,93.084,32.934,0.132,0.0,252372.0,33.0,14.0,1
0.1,94.496,31.22,0.132,0.0,260826.0,38.0,13.666,0.1,94.638,32.558,0.068,0.0,3212430.0,26.0,13.332,0.068,94.874,33.24,0.066,0.0,250041.0,10.0,14.334,0.102,94.876,34.08,0.066,0.0,3229480.0,9.0,13.666,0.1,93.084,32.934,0.132,0.0,252372.0,33.0,14.0,0.066,94.666,33.122,0.066,0.0,228633.0,18.0,13.332,1
0.1,94.638,32.558,0.068,0.0,3212430.0,26.0,13.332,0.068,94.874,33.24,0.066,0.0,250041.0,10.0,14.334,0.102,94.876,34.08,0.066,0.0,3229480.0,9.0,13.666,0.1,93.084,32.934,0.132,0.0,252372.0,33.0,14.0,0.066,94.666,33.122,0.066,0.0,228633.0,18.0,13.332,0.1,94.868,35.74800000000001,0.066,0.0,253911.0,9.0,12.976,1
0.068,94.874,33.24,0.066,0.0,250041.0,10.0,14.334,0.102,94.876,34.08,0.066,0.0,3229480.0,9.0,13.666,0.1,93.084,32.934,0.132,0.0,252372.0,33.0,14.0,0.066,94.666,33.122,0.066,0.0,228633.0,18.0,13.332,0.1,94.868,35.74800000000001,0.066,0.0,253911.0,9.0,12.976,0.102,95.126,34.154,0.066,0.0,255604.0,62.0,14.0,1
0.102,94.876,34.08,0.066,0.0,3229480.0,9.0,13.666,0.1,93.084,32.934,0.132,0.0,252372.0,33.0,14.0,0.066,94.666,33.122,0.066,0.0,228633.0,18.0,13.332,0.1,94.868,35.74800000000001,0.066,0.0,253911.0,9.0,12.976,0.102,95.126,34.154,0.066,0.0,255604.0,62.0,14.0,0.068,91.542,31.45,0.068,0.0,252911.0,14.0,13.666,1
0.1,93.084,32.934,0.132,0.0,252372.0,33.0,14.0,0.066,94.666,33.122,0.066,0.0,228633.0,18.0,13.332,0.1,94.868,35.74800000000001,0.066,0.0,253911.0,9.0,12.976,0.102,95.126,34.154,0.066,0.0,255604.0,62.0,14.0,0.068,91.542,31.45,0.068,0.0,252911.0,14.0,13.666,0.102,88.97200000000002,32.488,0.066,0.0,240502.0,8.0,13.0,1
0.066,94.666,33.122,0.066,0.0,228633.0,18.0,13.332,0.1,94.868,35.74800000000001,0.066,0.0,253911.0,9.0,12.976,0.102,95.126,34.154,0.066,0.0,255604.0,62.0,14.0,0.068,91.542,31.45,0.068,0.0,252911.0,14.0,13.666,0.102,88.97200000000002,32.488,0.066,0.0,240502.0,8.0,13.0,0.1,91.788,32.794000000000004,0.134,0.0,251820.0,18.0,14.0,1
0.1,94.868,35.74800000000001,0.066,0.0,253911.0,9.0,12.976,0.102,95.126,34.154,0.066,0.0,255604.0,62.0,14.0,0.068,91.542,31.45,0.068,0.0,252911.0,14.0,13.666,0.102,88.97200000000002,32.488,0.066,0.0,240502.0,8.0,13.0,0.1,91.788,32.794000000000004,0.134,0.0,251820.0,18.0,14.0,0.068,93.126,32.864000000000004,0.066,0.0,244606.0,27.0,13.332,1
0.102,95.126,34.154,0.066,0.0,255604.0,62.0,14.0,0.068,91.542,31.45,0.068,0.0,252911.0,14.0,13.666,0.102,88.97200000000002,32.488,0.066,0.0,240502.0,8.0,13.0,0.1,91.788,32.794000000000004,0.134,0.0,251820.0,18.0,14.0,0.068,93.126,32.864000000000004,0.066,0.0,244606.0,27.0,13.332,0.102,93.956,34.884,0.068,0.0,258127.0,97.0,13.344,1
0.068,91.542,31.45,0.068,0.0,252911.0,14.0,13.666,0.102,88.97200000000002,32.488,0.066,0.0,240502.0,8.0,13.0,0.1,91.788,32.794000000000004,0.134,0.0,251820.0,18.0,14.0,0.068,93.126,32.864000000000004,0.066,0.0,244606.0,27.0,13.332,0.102,93.956,34.884,0.068,0.0,258127.0,97.0,13.344,0.102,94.334,33.146,0.066,0.0,3241530.0,131.0,13.666,1
0.102,88.97200000000002,32.488,0.066,0.0,240502.0,8.0,13.0,0.1,91.788,32.794000000000004,0.134,0.0,251820.0,18.0,14.0,0.068,93.126,32.864000000000004,0.066,0.0,244606.0,27.0,13.332,0.102,93.956,34.884,0.068,0.0,258127.0,97.0,13.344,0.102,94.334,33.146,0.066,0.0,3241530.0,131.0,13.666,0.068,93.238,37.276,0.134,0.0,268252.0,37.0,12.984000000000002,1
0.1,91.788,32.794000000000004,0.134,0.0,251820.0,18.0,14.0,0.068,93.126,32.864000000000004,0.066,0.0,244606.0,27.0,13.332,0.102,93.956,34.884,0.068,0.0,258127.0,97.0,13.344,0.102,94.334,33.146,0.066,0.0,3241530.0,131.0,13.666,0.068,93.238,37.276,0.134,0.0,268252.0,37.0,12.984000000000002,0.1,94.042,33.616,0.066,0.0,3224900.0,159.0,14.002,1
0.068,93.126,32.864000000000004,0.066,0.0,244606.0,27.0,13.332,0.102,93.956,34.884,0.068,0.0,258127.0,97.0,13.344,0.102,94.334,33.146,0.066,0.0,3241530.0,131.0,13.666,0.068,93.238,37.276,0.134,0.0,268252.0,37.0,12.984000000000002,0.1,94.042,33.616,0.066,0.0,3224900.0,159.0,14.002,0.102,97.25,30.32800000000001,0.068,0.0,249406.0,156.0,14.0,1
0.102,93.956,34.884,0.068,0.0,258127.0,97.0,13.344,0.102,94.334,33.146,0.066,0.0,3241530.0,131.0,13.666,0.068,93.238,37.276,0.134,0.0,268252.0,37.0,12.984000000000002,0.1,94.042,33.616,0.066,0.0,3224900.0,159.0,14.002,0.102,97.25,30.32800000000001,0.068,0.0,249406.0,156.0,14.0,0.066,93.876,32.864000000000004,0.066,0.0,247141.0,288.0,13.334,1
0.102,94.334,33.146,0.066,0.0,3241530.0,131.0,13.666,0.068,93.238,37.276,0.134,0.0,268252.0,37.0,12.984000000000002,0.1,94.042,33.616,0.066,0.0,3224900.0,159.0,14.002,0.102,97.25,30.32800000000001,0.068,0.0,249406.0,156.0,14.0,0.066,93.876,32.864000000000004,0.066,0.0,247141.0,288.0,13.334,0.102,97.382,33.076,0.066,0.0,251762.0,145.0,13.0,1
0.068,93.238,37.276,0.134,0.0,268252.0,37.0,12.984000000000002,0.1,94.042,33.616,0.066,0.0,3224900.0,159.0,14.002,0.102,97.25,30.32800000000001,0.068,0.0,249406.0,156.0,14.0,0.066,93.876,32.864000000000004,0.066,0.0,247141.0,288.0,13.334,0.102,97.382,33.076,0.066,0.0,251762.0,145.0,13.0,0.102,96.664,32.84,0.066,0.0,249979.0,162.0,14.0,1
0.1,94.042,33.616,0.066,0.0,3224900.0,159.0,14.002,0.102,97.25,30.32800000000001,0.068,0.0,249406.0,156.0,14.0,0.066,93.876,32.864000000000004,0.066,0.0,247141.0,288.0,13.334,0.102,97.382,33.076,0.066,0.0,251762.0,145.0,13.0,0.102,96.664,32.84,0.066,0.0,249979.0,162.0,14.0,0.068,97.004,35.292,0.132,0.0,246418.0,381.0,12.984000000000002,1
0.102,97.25,30.32800000000001,0.068,0.0,249406.0,156.0,14.0,0.066,93.876,32.864000000000004,0.066,0.0,247141.0,288.0,13.334,0.102,97.382,33.076,0.066,0.0,251762.0,145.0,13.0,0.102,96.664,32.84,0.066,0.0,249979.0,162.0,14.0,0.068,97.004,35.292,0.132,0.0,246418.0,381.0,12.984000000000002,0.1,96.876,32.606,0.066,0.0,251186.0,153.0,12.662,1
0.066,93.876,32.864000000000004,0.066,0.0,247141.0,288.0,13.334,0.102,97.382,33.076,0.066,0.0,251762.0,145.0,13.0,0.102,96.664,32.84,0.066,0.0,249979.0,162.0,14.0,0.068,97.004,35.292,0.132,0.0,246418.0,381.0,12.984000000000002,0.1,96.876,32.606,0.066,0.0,251186.0,153.0,12.662,0.066,95.042,31.912,0.134,0.0,244801.0,187.0,13.666,1
0.102,97.382,33.076,0.066,0.0,251762.0,145.0,13.0,0.102,96.664,32.84,0.066,0.0,249979.0,162.0,14.0,0.068,97.004,35.292,0.132,0.0,246418.0,381.0,12.984000000000002,0.1,96.876,32.606,0.066,0.0,251186.0,153.0,12.662,0.066,95.042,31.912,0.134,0.0,244801.0,187.0,13.666,0.102,95.458,35.142,0.068,0.0,253899.0,194.0,13.664,1
0.102,96.664,32.84,0.066,0.0,249979.0,162.0,14.0,0.068,97.004,35.292,0.132,0.0,246418.0,381.0,12.984000000000002,0.1,96.876,32.606,0.066,0.0,251186.0,153.0,12.662,0.066,95.042,31.912,0.134,0.0,244801.0,187.0,13.666,0.102,95.458,35.142,0.068,0.0,253899.0,194.0,13.664,0.102,96.792,32.738,0.134,0.0,238998.0,283.0,12.998,1
0.068,97.004,35.292,0.132,0.0,246418.0,381.0,12.984000000000002,0.1,96.876,32.606,0.066,0.0,251186.0,153.0,12.662,0.066,95.042,31.912,0.134,0.0,244801.0,187.0,13.666,0.102,95.458,35.142,0.068,0.0,253899.0,194.0,13.664,0.102,96.792,32.738,0.134,0.0,238998.0,283.0,12.998,0.068,93.042,32.84,0.066,0.0,3246630.0,381.0,14.0,1
0.1,96.876,32.606,0.066,0.0,251186.0,153.0,12.662,0.066,95.042,31.912,0.134,0.0,244801.0,187.0,13.666,0.102,95.458,35.142,0.068,0.0,253899.0,194.0,13.664,0.102,96.792,32.738,0.134,0.0,238998.0,283.0,12.998,0.068,93.042,32.84,0.066,0.0,3246630.0,381.0,14.0,0.1,96.642,36.032,0.066,0.0,268530.0,33.0,13.666,1
0.066,95.042,31.912,0.134,0.0,244801.0,187.0,13.666,0.102,95.458,35.142,0.068,0.0,253899.0,194.0,13.664,0.102,96.792,32.738,0.134,0.0,238998.0,283.0,12.998,0.068,93.042,32.84,0.066,0.0,3246630.0,381.0,14.0,0.1,96.642,36.032,0.066,0.0,268530.0,33.0,13.666,0.1,95.436,33.78,0.068,0.0,3231320.0,30.0,13.336,1
0.102,95.458,35.142,0.068,0.0,253899.0,194.0,13.664,0.102,96.792,32.738,0.134,0.0,238998.0,283.0,12.998,0.068,93.042,32.84,0.066,0.0,3246630.0,381.0,14.0,0.1,96.642,36.032,0.066,0.0,268530.0,33.0,13.666,0.1,95.436,33.78,0.068,0.0,3231320.0,30.0,13.336,0.068,95.312,33.544000000000004,0.134,0.0,238892.0,107.0,13.666,1
0.102,96.792,32.738,0.134,0.0,238998.0,283.0,12.998,0.068,93.042,32.84,0.066,0.0,3246630.0,381.0,14.0,0.1,96.642,36.032,0.066,0.0,268530.0,33.0,13.666,0.1,95.436,33.78,0.068,0.0,3231320.0,30.0,13.336,0.068,95.312,33.544000000000004,0.134,0.0,238892.0,107.0,13.666,0.1,94.5,33.37,0.066,0.0,236885.0,93.0,13.0,1
0.068,93.042,32.84,0.066,0.0,3246630.0,381.0,14.0,0.1,96.642,36.032,0.066,0.0,268530.0,33.0,13.666,0.1,95.436,33.78,0.068,0.0,3231320.0,30.0,13.336,0.068,95.312,33.544000000000004,0.134,0.0,238892.0,107.0,13.666,0.1,94.5,33.37,0.066,0.0,236885.0,93.0,13.0,0.102,94.782,34.32,0.066,0.0,257800.0,14.0,13.332,1
0.1,96.642,36.032,0.066,0.0,268530.0,33.0,13.666,0.1,95.436,33.78,0.068,0.0,3231320.0,30.0,13.336,0.068,95.312,33.544000000000004,0.134,0.0,238892.0,107.0,13.666,0.1,94.5,33.37,0.066,0.0,236885.0,93.0,13.0,0.102,94.782,34.32,0.066,0.0,257800.0,14.0,13.332,0.102,94.65,32.394,0.066,0.0,247053.0,19.0,14.368,1
0.1,95.436,33.78,0.068,0.0,3231320.0,30.0,13.336,0.068,95.312,33.544000000000004,0.134,0.0,238892.0,107.0,13.666,0.1,94.5,33.37,0.066,0.0,236885.0,93.0,13.0,0.102,94.782,34.32,0.066,0.0,257800.0,14.0,13.332,0.102,94.65,32.394,0.066,0.0,247053.0,19.0,14.368,0.068,89.28399999999998,37.816,0.066,0.0,259031.0,71.0,14.0,1
0.068,95.312,33.544000000000004,0.134,0.0,238892.0,107.0,13.666,0.1,94.5,33.37,0.066,0.0,236885.0,93.0,13.0,0.102,94.782,34.32,0.066,0.0,257800.0,14.0,13.332,0.102,94.65,32.394,0.066,0.0,247053.0,19.0,14.368,0.068,89.28399999999998,37.816,0.066,0.0,259031.0,71.0,14.0,0.102,90.51,38.522,0.066,0.0,235208.0,48.0,13.334,1
0.1,94.5,33.37,0.066,0.0,236885.0,93.0,13.0,0.102,94.782,34.32,0.066,0.0,257800.0,14.0,13.332,0.102,94.65,32.394,0.066,0.0,247053.0,19.0,14.368,0.068,89.28399999999998,37.816,0.066,0.0,259031.0,71.0,14.0,0.102,90.51,38.522,0.066,0.0,235208.0,48.0,13.334,0.102,91.334,33.404,0.132,0.0,255852.0,116.0,13.31,1
0.102,94.782,34.32,0.066,0.0,257800.0,14.0,13.332,0.102,94.65,32.394,0.066,0.0,247053.0,19.0,14.368,0.068,89.28399999999998,37.816,0.066,0.0,259031.0,71.0,14.0,0.102,90.51,38.522,0.066,0.0,235208.0,48.0,13.334,0.102,91.334,33.404,0.132,0.0,255852.0,116.0,13.31,0.068,95.166,36.268,0.066,0.0,239466.0,69.0,13.668,1
0.102,94.65,32.394,0.066,0.0,247053.0,19.0,14.368,0.068,89.28399999999998,37.816,0.066,0.0,259031.0,71.0,14.0,0.102,90.51,38.522,0.066,0.0,235208.0,48.0,13.334,0.102,91.334,33.404,0.132,0.0,255852.0,116.0,13.31,0.068,95.166,36.268,0.066,0.0,239466.0,69.0,13.668,0.1,94.292,32.84,0.066,0.0,241280.0,33.0,13.332,1
0.068,89.28399999999998,37.816,0.066,0.0,259031.0,71.0,14.0,0.102,90.51,38.522,0.066,0.0,235208.0,48.0,13.334,0.102,91.334,33.404,0.132,0.0,255852.0,116.0,13.31,0.068,95.166,36.268,0.066,0.0,239466.0,69.0,13.668,0.1,94.292,32.84,0.066,0.0,241280.0,33.0,13.332,0.1,93.834,35.282,0.134,0.0,3238610.0,102.0,13.662,1
0.102,90.51,38.522,0.066,0.0,235208.0,48.0,13.334,0.102,91.334,33.404,0.132,0.0,255852.0,116.0,13.31,0.068,95.166,36.268,0.066,0.0,239466.0,69.0,13.668,0.1,94.292,32.84,0.066,0.0,241280.0,33.0,13.332,0.1,93.834,35.282,0.134,0.0,3238610.0,102.0,13.662,0.1,95.542,34.038000000000004,0.066,0.0,247743.0,56.0,14.0,1
0.102,91.334,33.404,0.132,0.0,255852.0,116.0,13.31,0.068,95.166,36.268,0.066,0.0,239466.0,69.0,13.668,0.1,94.292,32.84,0.066,0.0,241280.0,33.0,13.332,0.1,93.834,35.282,0.134,0.0,3238610.0,102.0,13.662,0.1,95.542,34.038000000000004,0.066,0.0,247743.0,56.0,14.0,0.068,94.794,37.132,0.066,0.0,3247390.0,47.0,13.334,1
0.068,95.166,36.268,0.066,0.0,239466.0,69.0,13.668,0.1,94.292,32.84,0.066,0.0,241280.0,33.0,13.332,0.1,93.834,35.282,0.134,0.0,3238610.0,102.0,13.662,0.1,95.542,34.038000000000004,0.066,0.0,247743.0,56.0,14.0,0.068,94.794,37.132,0.066,0.0,3247390.0,47.0,13.334,0.1,95.018,35.774,0.066,0.0,263945.0,34.0,14.334,1
0.1,94.292,32.84,0.066,0.0,241280.0,33.0,13.332,0.1,93.834,35.282,0.134,0.0,3238610.0,102.0,13.662,0.1,95.542,34.038000000000004,0.066,0.0,247743.0,56.0,14.0,0.068,94.794,37.132,0.066,0.0,3247390.0,47.0,13.334,0.1,95.018,35.774,0.066,0.0,263945.0,34.0,14.334,0.102,94.876,31.306,0.068,0.0,223067.0,158.0,13.0,1
0.1,93.834,35.282,0.134,0.0,3238610.0,102.0,13.662,0.1,95.542,34.038000000000004,0.066,0.0,247743.0,56.0,14.0,0.068,94.794,37.132,0.066,0.0,3247390.0,47.0,13.334,0.1,95.018,35.774,0.066,0.0,263945.0,34.0,14.334,0.102,94.876,31.306,0.068,0.0,223067.0,158.0,13.0,0.068,96.084,33.251999999999995,0.066,0.0,242767.0,76.0,13.666,1
0.1,95.542,34.038000000000004,0.066,0.0,247743.0,56.0,14.0,0.068,94.794,37.132,0.066,0.0,3247390.0,47.0,13.334,0.1,95.018,35.774,0.066,0.0,263945.0,34.0,14.334,0.102,94.876,31.306,0.068,0.0,223067.0,158.0,13.0,0.068,96.084,33.251999999999995,0.066,0.0,242767.0,76.0,13.666,0.1,95.042,33.54,0.134,0.0,255704.0,24.0,13.334,1
0.068,94.794,37.132,0.066,0.0,3247390.0,47.0,13.334,0.1,95.018,35.774,0.066,0.0,263945.0,34.0,14.334,0.102,94.876,31.306,0.068,0.0,223067.0,158.0,13.0,0.068,96.084,33.251999999999995,0.066,0.0,242767.0,76.0,13.666,0.1,95.042,33.54,0.134,0.0,255704.0,24.0,13.334,0.1,93.584,34.062,0.068,0.0,239505.0,8.0,12.998,1
0.1,95.018,35.774,0.066,0.0,263945.0,34.0,14.334,0.102,94.876,31.306,0.068,0.0,223067.0,158.0,13.0,0.068,96.084,33.251999999999995,0.066,0.0,242767.0,76.0,13.666,0.1,95.042,33.54,0.134,0.0,255704.0,24.0,13.334,0.1,93.584,34.062,0.068,0.0,239505.0,8.0,12.998,0.102,95.668,35.492,0.068,0.0,257739.0,58.0,13.668,1
0.102,94.876,31.306,0.068,0.0,223067.0,158.0,13.0,0.068,96.084,33.251999999999995,0.066,0.0,242767.0,76.0,13.666,0.1,95.042,33.54,0.134,0.0,255704.0,24.0,13.334,0.1,93.584,34.062,0.068,0.0,239505.0,8.0,12.998,0.102,95.668,35.492,0.068,0.0,257739.0,58.0,13.668,0.066,95.666,36.972,0.066,0.0,238905.0,34.0,13.336,1
0.068,96.084,33.251999999999995,0.066,0.0,242767.0,76.0,13.666,0.1,95.042,33.54,0.134,0.0,255704.0,24.0,13.334,0.1,93.584,34.062,0.068,0.0,239505.0,8.0,12.998,0.102,95.668,35.492,0.068,0.0,257739.0,58.0,13.668,0.066,95.666,36.972,0.066,0.0,238905.0,34.0,13.336,0.1,95.042,30.212,0.066,0.0,232952.0,13.0,13.668,1
0.1,95.042,33.54,0.134,0.0,255704.0,24.0,13.334,0.1,93.584,34.062,0.068,0.0,239505.0,8.0,12.998,0.102,95.668,35.492,0.068,0.0,257739.0,58.0,13.668,0.066,95.666,36.972,0.066,0.0,238905.0,34.0,13.336,0.1,95.042,30.212,0.066,0.0,232952.0,13.0,13.668,0.102,95.702,35.822,0.068,0.0,253479.0,78.0,12.666,1
0.1,93.584,34.062,0.068,0.0,239505.0,8.0,12.998,0.102,95.668,35.492,0.068,0.0,257739.0,58.0,13.668,0.066,95.666,36.972,0.066,0.0,238905.0,34.0,13.336,0.1,95.042,30.212,0.066,0.0,232952.0,13.0,13.668,0.102,95.702,35.822,0.068,0.0,253479.0,78.0,12.666,0.102,94.912,33.868,0.134,0.0,3228590.0,105.0,15.334,1
0.102,95.668,35.492,0.068,0.0,257739.0,58.0,13.668,0.066,95.666,36.972,0.066,0.0,238905.0,34.0,13.336,0.1,95.042,30.212,0.066,0.0,232952.0,13.0,13.668,0.102,95.702,35.822,0.068,0.0,253479.0,78.0,12.666,0.102,94.912,33.868,0.134,0.0,3228590.0,105.0,15.334,0.068,94.512,34.282,0.066,0.0,258699.0,30.0,13.666,1
0.066,95.666,36.972,0.066,0.0,238905.0,34.0,13.336,0.1,95.042,30.212,0.066,0.0,232952.0,13.0,13.668,0.102,95.702,35.822,0.068,0.0,253479.0,78.0,12.666,0.102,94.912,33.868,0.134,0.0,3228590.0,105.0,15.334,0.068,94.512,34.282,0.066,0.0,258699.0,30.0,13.666,0.1,94.542,38.75,0.068,0.0,3238250.0,31.0,13.334,1
0.1,95.042,30.212,0.066,0.0,232952.0,13.0,13.668,0.102,95.702,35.822,0.068,0.0,253479.0,78.0,12.666,0.102,94.912,33.868,0.134,0.0,3228590.0,105.0,15.334,0.068,94.512,34.282,0.066,0.0,258699.0,30.0,13.666,0.1,94.542,38.75,0.068,0.0,3238250.0,31.0,13.334,0.102,93.204,37.18,0.134,0.0,248249.0,80.0,13.332,1
0.102,95.702,35.822,0.068,0.0,253479.0,78.0,12.666,0.102,94.912,33.868,0.134,0.0,3228590.0,105.0,15.334,0.068,94.512,34.282,0.066,0.0,258699.0,30.0,13.666,0.1,94.542,38.75,0.068,0.0,3238250.0,31.0,13.334,0.102,93.204,37.18,0.134,0.0,248249.0,80.0,13.332,0.1,96.506,30.704,0.068,0.0,244941.0,78.0,14.0,1
0.102,94.912,33.868,0.134,0.0,3228590.0,105.0,15.334,0.068,94.512,34.282,0.066,0.0,258699.0,30.0,13.666,0.1,94.542,38.75,0.068,0.0,3238250.0,31.0,13.334,0.102,93.204,37.18,0.134,0.0,248249.0,80.0,13.332,0.1,96.506,30.704,0.068,0.0,244941.0,78.0,14.0,0.068,93.88,33.92,0.068,0.0,260855.0,57.0,13.372,1
0.068,94.512,34.282,0.066,0.0,258699.0,30.0,13.666,0.1,94.542,38.75,0.068,0.0,3238250.0,31.0,13.334,0.102,93.204,37.18,0.134,0.0,248249.0,80.0,13.332,0.1,96.506,30.704,0.068,0.0,244941.0,78.0,14.0,0.068,93.88,33.92,0.068,0.0,260855.0,57.0,13.372,0.1,95.702,36.432,0.066,0.0,229059.0,63.0,13.968,1
0.1,94.542,38.75,0.068,0.0,3238250.0,31.0,13.334,0.102,93.204,37.18,0.134,0.0,248249.0,80.0,13.332,0.1,96.506,30.704,0.068,0.0,244941.0,78.0,14.0,0.068,93.88,33.92,0.068,0.0,260855.0,57.0,13.372,0.1,95.702,36.432,0.066,0.0,229059.0,63.0,13.968,0.102,93.666,31.314,0.068,0.0,252070.0,174.0,12.998,1
0.102,93.204,37.18,0.134,0.0,248249.0,80.0,13.332,0.1,96.506,30.704,0.068,0.0,244941.0,78.0,14.0,0.068,93.88,33.92,0.068,0.0,260855.0,57.0,13.372,0.1,95.702,36.432,0.066,0.0,229059.0,63.0,13.968,0.102,93.666,31.314,0.068,0.0,252070.0,174.0,12.998,0.1,91.834,34.384,0.068,0.0,250179.0,11.0,13.668,1
0.1,96.506,30.704,0.068,0.0,244941.0,78.0,14.0,0.068,93.88,33.92,0.068,0.0,260855.0,57.0,13.372,0.1,95.702,36.432,0.066,0.0,229059.0,63.0,13.968,0.102,93.666,31.314,0.068,0.0,252070.0,174.0,12.998,0.1,91.834,34.384,0.068,0.0,250179.0,11.0,13.668,0.068,95.572,36.362,0.134,0.0,234909.0,95.0,13.666,1
0.068,93.88,33.92,0.068,0.0,260855.0,57.0,13.372,0.1,95.702,36.432,0.066,0.0,229059.0,63.0,13.968,0.102,93.666,31.314,0.068,0.0,252070.0,174.0,12.998,0.1,91.834,34.384,0.068,0.0,250179.0,11.0,13.668,0.068,95.572,36.362,0.134,0.0,234909.0,95.0,13.666,0.102,94.334,33.662,0.066,0.0,262628.0,110.0,13.68,1
0.1,95.702,36.432,0.066,0.0,229059.0,63.0,13.968,0.102,93.666,31.314,0.068,0.0,252070.0,174.0,12.998,0.1,91.834,34.384,0.068,0.0,250179.0,11.0,13.668,0.068,95.572,36.362,0.134,0.0,234909.0,95.0,13.666,0.102,94.334,33.662,0.066,0.0,262628.0,110.0,13.68,0.1,95.542,34.436,0.068,0.0,244432.0,54.0,13.332,1
0.102,93.666,31.314,0.068,0.0,252070.0,174.0,12.998,0.1,91.834,34.384,0.068,0.0,250179.0,11.0,13.668,0.068,95.572,36.362,0.134,0.0,234909.0,95.0,13.666,0.102,94.334,33.662,0.066,0.0,262628.0,110.0,13.68,0.1,95.542,34.436,0.068,0.0,244432.0,54.0,13.332,0.068,96.084,33.662,0.132,0.0,3253610.0,13.0,14.666,1
0.1,91.834,34.384,0.068,0.0,250179.0,11.0,13.668,0.068,95.572,36.362,0.134,0.0,234909.0,95.0,13.666,0.102,94.334,33.662,0.066,0.0,262628.0,110.0,13.68,0.1,95.542,34.436,0.068,0.0,244432.0,54.0,13.332,0.068,96.084,33.662,0.132,0.0,3253610.0,13.0,14.666,0.1,95.334,33.568000000000005,0.066,0.0,249921.0,17.0,12.968,1
0.068,95.572,36.362,0.134,0.0,234909.0,95.0,13.666,0.102,94.334,33.662,0.066,0.0,262628.0,110.0,13.68,0.1,95.542,34.436,0.068,0.0,244432.0,54.0,13.332,0.068,96.084,33.662,0.132,0.0,3253610.0,13.0,14.666,0.1,95.334,33.568000000000005,0.066,0.0,249921.0,17.0,12.968,0.1,94.376,39.112,0.066,0.0,3234240.0,22.0,14.0,1
0.102,94.334,33.662,0.066,0.0,262628.0,110.0,13.68,0.1,95.542,34.436,0.068,0.0,244432.0,54.0,13.332,0.068,96.084,33.662,0.132,0.0,3253610.0,13.0,14.666,0.1,95.334,33.568000000000005,0.066,0.0,249921.0,17.0,12.968,0.1,94.376,39.112,0.066,0.0,3234240.0,22.0,14.0,0.1,92.248,32.934,0.066,0.0,245451.0,128.0,12.966,1
0.1,95.542,34.436,0.068,0.0,244432.0,54.0,13.332,0.068,96.084,33.662,0.132,0.0,3253610.0,13.0,14.666,0.1,95.334,33.568000000000005,0.066,0.0,249921.0,17.0,12.968,0.1,94.376,39.112,0.066,0.0,3234240.0,22.0,14.0,0.1,92.248,32.934,0.066,0.0,245451.0,128.0,12.966,0.068,95.626,31.666,0.066,0.0,257676.0,39.0,14.0,1
0.068,96.084,33.662,0.132,0.0,3253610.0,13.0,14.666,0.1,95.334,33.568000000000005,0.066,0.0,249921.0,17.0,12.968,0.1,94.376,39.112,0.066,0.0,3234240.0,22.0,14.0,0.1,92.248,32.934,0.066,0.0,245451.0,128.0,12.966,0.068,95.626,31.666,0.066,0.0,257676.0,39.0,14.0,0.102,93.624,35.33,0.066,0.0,254384.0,43.0,13.666,1
0.1,95.334,33.568000000000005,0.066,0.0,249921.0,17.0,12.968,0.1,94.376,39.112,0.066,0.0,3234240.0,22.0,14.0,0.1,92.248,32.934,0.066,0.0,245451.0,128.0,12.966,0.068,95.626,31.666,0.066,0.0,257676.0,39.0,14.0,0.102,93.624,35.33,0.066,0.0,254384.0,43.0,13.666,0.1,92.38,32.404,0.134,0.0,258928.0,73.0,14.334,1
0.1,94.376,39.112,0.066,0.0,3234240.0,22.0,14.0,0.1,92.248,32.934,0.066,0.0,245451.0,128.0,12.966,0.068,95.626,31.666,0.066,0.0,257676.0,39.0,14.0,0.102,93.624,35.33,0.066,0.0,254384.0,43.0,13.666,0.1,92.38,32.404,0.134,0.0,258928.0,73.0,14.334,0.1,92.374,33.944,0.066,0.0,225973.0,59.0,12.998,1
0.1,92.248,32.934,0.066,0.0,245451.0,128.0,12.966,0.068,95.626,31.666,0.066,0.0,257676.0,39.0,14.0,0.102,93.624,35.33,0.066,0.0,254384.0,43.0,13.666,0.1,92.38,32.404,0.134,0.0,258928.0,73.0,14.334,0.1,92.374,33.944,0.066,0.0,225973.0,59.0,12.998,0.068,95.708,34.578,0.066,0.0,248062.0,137.0,13.67,1
0.068,95.626,31.666,0.066,0.0,257676.0,39.0,14.0,0.102,93.624,35.33,0.066,0.0,254384.0,43.0,13.666,0.1,92.38,32.404,0.134,0.0,258928.0,73.0,14.334,0.1,92.374,33.944,0.066,0.0,225973.0,59.0,12.998,0.068,95.708,34.578,0.066,0.0,248062.0,137.0,13.67,0.1,94.586,36.104,0.066,0.0,252026.0,69.0,13.666,1
0.102,93.624,35.33,0.066,0.0,254384.0,43.0,13.666,0.1,92.38,32.404,0.134,0.0,258928.0,73.0,14.334,0.1,92.374,33.944,0.066,0.0,225973.0,59.0,12.998,0.068,95.708,34.578,0.066,0.0,248062.0,137.0,13.67,0.1,94.586,36.104,0.066,0.0,252026.0,69.0,13.666,0.102,92.586,31.574,0.068,0.0,239174.0,18.0,13.37,1
0.1,92.38,32.404,0.134,0.0,258928.0,73.0,14.334,0.1,92.374,33.944,0.066,0.0,225973.0,59.0,12.998,0.068,95.708,34.578,0.066,0.0,248062.0,137.0,13.67,0.1,94.586,36.104,0.066,0.0,252026.0,69.0,13.666,0.102,92.586,31.574,0.068,0.0,239174.0,18.0,13.37,0.068,91.458,34.654,0.068,0.0,271910.0,84.0,13.666,1
0.1,92.374,33.944,0.066,0.0,225973.0,59.0,12.998,0.068,95.708,34.578,0.066,0.0,248062.0,137.0,13.67,0.1,94.586,36.104,0.066,0.0,252026.0,69.0,13.666,0.102,92.586,31.574,0.068,0.0,239174.0,18.0,13.37,0.068,91.458,34.654,0.068,0.0,271910.0,84.0,13.666,0.1,95.292,33.846,0.136,0.0,3240900.0,8.0,14.332,1
0.068,95.708,34.578,0.066,0.0,248062.0,137.0,13.67,0.1,94.586,36.104,0.066,0.0,252026.0,69.0,13.666,0.102,92.586,31.574,0.068,0.0,239174.0,18.0,13.37,0.068,91.458,34.654,0.068,0.0,271910.0,84.0,13.666,0.1,95.292,33.846,0.136,0.0,3240900.0,8.0,14.332,0.1,96.0,34.2,0.066,0.0,265367.0,21.0,13.0,1
0.1,94.586,36.104,0.066,0.0,252026.0,69.0,13.666,0.102,92.586,31.574,0.068,0.0,239174.0,18.0,13.37,0.068,91.458,34.654,0.068,0.0,271910.0,84.0,13.666,0.1,95.292,33.846,0.136,0.0,3240900.0,8.0,14.332,0.1,96.0,34.2,0.066,0.0,265367.0,21.0,13.0,0.066,96.708,34.272,0.066,0.0,3232380.0,2.0,14.342,1
0.102,92.586,31.574,0.068,0.0,239174.0,18.0,13.37,0.068,91.458,34.654,0.068,0.0,271910.0,84.0,13.666,0.1,95.292,33.846,0.136,0.0,3240900.0,8.0,14.332,0.1,96.0,34.2,0.066,0.0,265367.0,21.0,13.0,0.066,96.708,34.272,0.066,0.0,3232380.0,2.0,14.342,0.102,91.708,34.02,0.134,0.0,267969.0,190.0,13.666,1
0.068,91.458,34.654,0.068,0.0,271910.0,84.0,13.666,0.1,95.292,33.846,0.136,0.0,3240900.0,8.0,14.332,0.1,96.0,34.2,0.066,0.0,265367.0,21.0,13.0,0.066,96.708,34.272,0.066,0.0,3232380.0,2.0,14.342,0.102,91.708,34.02,0.134,0.0,267969.0,190.0,13.666,0.1,93.772,35.838,0.068,0.0,245214.0,79.0,14.046,1
0.1,95.292,33.846,0.136,0.0,3240900.0,8.0,14.332,0.1,96.0,34.2,0.066,0.0,265367.0,21.0,13.0,0.066,96.708,34.272,0.066,0.0,3232380.0,2.0,14.342,0.102,91.708,34.02,0.134,0.0,267969.0,190.0,13.666,0.1,93.772,35.838,0.068,0.0,245214.0,79.0,14.046,0.068,96.734,31.834,0.066,0.0,259969.0,20.0,13.294,1
0.1,96.0,34.2,0.066,0.0,265367.0,21.0,13.0,0.066,96.708,34.272,0.066,0.0,3232380.0,2.0,14.342,0.102,91.708,34.02,0.134,0.0,267969.0,190.0,13.666,0.1,93.772,35.838,0.068,0.0,245214.0,79.0,14.046,0.068,96.734,31.834,0.066,0.0,259969.0,20.0,13.294,0.1,94.416,34.014,0.068,0.0,241839.0,7.0,14.0,1
0.066,96.708,34.272,0.066,0.0,3232380.0,2.0,14.342,0.102,91.708,34.02,0.134,0.0,267969.0,190.0,13.666,0.1,93.772,35.838,0.068,0.0,245214.0,79.0,14.046,0.068,96.734,31.834,0.066,0.0,259969.0,20.0,13.294,0.1,94.416,34.014,0.068,0.0,241839.0,7.0,14.0,0.1,94.0,33.874,0.066,0.0,248567.0,7.0,12.664,1
0.102,91.708,34.02,0.134,0.0,267969.0,190.0,13.666,0.1,93.772,35.838,0.068,0.0,245214.0,79.0,14.046,0.068,96.734,31.834,0.066,0.0,259969.0,20.0,13.294,0.1,94.416,34.014,0.068,0.0,241839.0,7.0,14.0,0.1,94.0,33.874,0.066,0.0,248567.0,7.0,12.664,0.102,95.54,33.04,0.066,0.0,251078.0,105.0,13.002,1
0.1,93.772,35.838,0.068,0.0,245214.0,79.0,14.046,0.068,96.734,31.834,0.066,0.0,259969.0,20.0,13.294,0.1,94.416,34.014,0.068,0.0,241839.0,7.0,14.0,0.1,94.0,33.874,0.066,0.0,248567.0,7.0,12.664,0.102,95.54,33.04,0.066,0.0,251078.0,105.0,13.002,0.068,95.166,34.316,0.136,0.0,245016.0,54.0,13.652,1
0.068,96.734,31.834,0.066,0.0,259969.0,20.0,13.294,0.1,94.416,34.014,0.068,0.0,241839.0,7.0,14.0,0.1,94.0,33.874,0.066,0.0,248567.0,7.0,12.664,0.102,95.54,33.04,0.066,0.0,251078.0,105.0,13.002,0.068,95.166,34.316,0.136,0.0,245016.0,54.0,13.652,0.1,95.58,37.7,0.066,0.0,262516.0,40.0,13.668,1
0.1,94.416,34.014,0.068,0.0,241839.0,7.0,14.0,0.1,94.0,33.874,0.066,0.0,248567.0,7.0,12.664,0.102,95.54,33.04,0.066,0.0,251078.0,105.0,13.002,0.068,95.166,34.316,0.136,0.0,245016.0,54.0,13.652,0.1,95.58,37.7,0.066,0.0,262516.0,40.0,13.668,0.102,96.418,33.916,0.066,0.0,243620.0,6.0,13.332,1
0.1,94.0,33.874,0.066,0.0,248567.0,7.0,12.664,0.102,95.54,33.04,0.066,0.0,251078.0,105.0,13.002,0.068,95.166,34.316,0.136,0.0,245016.0,54.0,13.652,0.1,95.58,37.7,0.066,0.0,262516.0,40.0,13.668,0.102,96.418,33.916,0.066,0.0,243620.0,6.0,13.332,0.1,92.856,31.902,0.066,0.0,3262360.0,12.0,14.322,1
0.102,95.54,33.04,0.066,0.0,251078.0,105.0,13.002,0.068,95.166,34.316,0.136,0.0,245016.0,54.0,13.652,0.1,95.58,37.7,0.066,0.0,262516.0,40.0,13.668,0.102,96.418,33.916,0.066,0.0,243620.0,6.0,13.332,0.1,92.856,31.902,0.066,0.0,3262360.0,12.0,14.322,0.068,94.604,34.726,0.132,0.0,251770.0,62.0,13.332,1
0.068,95.166,34.316,0.136,0.0,245016.0,54.0,13.652,0.1,95.58,37.7,0.066,0.0,262516.0,40.0,13.668,0.102,96.418,33.916,0.066,0.0,243620.0,6.0,13.332,0.1,92.856,31.902,0.066,0.0,3262360.0,12.0,14.322,0.068,94.604,34.726,0.132,0.0,251770.0,62.0,13.332,0.102,91.876,35.306,0.066,0.0,3255880.0,101.0,13.334,1
0.1,95.58,37.7,0.066,0.0,262516.0,40.0,13.668,0.102,96.418,33.916,0.066,0.0,243620.0,6.0,13.332,0.1,92.856,31.902,0.066,0.0,3262360.0,12.0,14.322,0.068,94.604,34.726,0.132,0.0,251770.0,62.0,13.332,0.102,91.876,35.306,0.066,0.0,3255880.0,101.0,13.334,0.102,92.708,33.826,0.066,0.0,246521.0,14.0,13.666,1
0.102,96.418,33.916,0.066,0.0,243620.0,6.0,13.332,0.1,92.856,31.902,0.066,0.0,3262360.0,12.0,14.322,0.068,94.604,34.726,0.132,0.0,251770.0,62.0,13.332,0.102,91.876,35.306,0.066,0.0,3255880.0,101.0,13.334,0.102,92.708,33.826,0.066,0.0,246521.0,14.0,13.666,0.066,94.416,34.32,0.068,0.0,257255.0,12.0,13.668,1
0.1,92.856,31.902,0.066,0.0,3262360.0,12.0,14.322,0.068,94.604,34.726,0.132,0.0,251770.0,62.0,13.332,0.102,91.876,35.306,0.066,0.0,3255880.0,101.0,13.334,0.102,92.708,33.826,0.066,0.0,246521.0,14.0,13.666,0.066,94.416,34.32,0.068,0.0,257255.0,12.0,13.668,0.098,92.402,38.662,0.066,0.0,253634.0,36.0,13.334,1
0.068,94.604,34.726,0.132,0.0,251770.0,62.0,13.332,0.102,91.876,35.306,0.066,0.0,3255880.0,101.0,13.334,0.102,92.708,33.826,0.066,0.0,246521.0,14.0,13.666,0.066,94.416,34.32,0.068,0.0,257255.0,12.0,13.668,0.098,92.402,38.662,0.066,0.0,253634.0,36.0,13.334,0.102,96.624,33.334,0.066,0.0,239959.0,13.0,13.666,1
0.102,91.876,35.306,0.066,0.0,3255880.0,101.0,13.334,0.102,92.708,33.826,0.066,0.0,246521.0,14.0,13.666,0.066,94.416,34.32,0.068,0.0,257255.0,12.0,13.668,0.098,92.402,38.662,0.066,0.0,253634.0,36.0,13.334,0.102,96.624,33.334,0.066,0.0,239959.0,13.0,13.666,0.068,96.584,38.286,0.132,0.0,252233.0,154.0,14.0,1
0.102,92.708,33.826,0.066,0.0,246521.0,14.0,13.666,0.066,94.416,34.32,0.068,0.0,257255.0,12.0,13.668,0.098,92.402,38.662,0.066,0.0,253634.0,36.0,13.334,0.102,96.624,33.334,0.066,0.0,239959.0,13.0,13.666,0.068,96.584,38.286,0.132,0.0,252233.0,154.0,14.0,0.1,94.666,31.526,0.066,0.0,232607.0,40.0,13.334,1
0.066,94.416,34.32,0.068,0.0,257255.0,12.0,13.668,0.098,92.402,38.662,0.066,0.0,253634.0,36.0,13.334,0.102,96.624,33.334,0.066,0.0,239959.0,13.0,13.666,0.068,96.584,38.286,0.132,0.0,252233.0,154.0,14.0,0.1,94.666,31.526,0.066,0.0,232607.0,40.0,13.334,0.1,96.042,34.624,0.066,0.0,268876.0,77.0,14.71,1
0.098,92.402,38.662,0.066,0.0,253634.0,36.0,13.334,0.102,96.624,33.334,0.066,0.0,239959.0,13.0,13.666,0.068,96.584,38.286,0.132,0.0,252233.0,154.0,14.0,0.1,94.666,31.526,0.066,0.0,232607.0,40.0,13.334,0.1,96.042,34.624,0.066,0.0,268876.0,77.0,14.71,0.1,93.972,33.976,0.068,0.0,237627.0,51.0,12.666,1
0.102,96.624,33.334,0.066,0.0,239959.0,13.0,13.666,0.068,96.584,38.286,0.132,0.0,252233.0,154.0,14.0,0.1,94.666,31.526,0.066,0.0,232607.0,40.0,13.334,0.1,96.042,34.624,0.066,0.0,268876.0,77.0,14.71,0.1,93.972,33.976,0.068,0.0,237627.0,51.0,12.666,0.068,99.118,35.662,0.066,0.0,248714.0,60.0,13.06,1
0.068,96.584,38.286,0.132,0.0,252233.0,154.0,14.0,0.1,94.666,31.526,0.066,0.0,232607.0,40.0,13.334,0.1,96.042,34.624,0.066,0.0,268876.0,77.0,14.71,0.1,93.972,33.976,0.068,0.0,237627.0,51.0,12.666,0.068,99.118,35.662,0.066,0.0,248714.0,60.0,13.06,0.1,95.042,35.916,0.134,0.0,3239780.0,3.0,13.834,1
0.1,94.666,31.526,0.066,0.0,232607.0,40.0,13.334,0.1,96.042,34.624,0.066,0.0,268876.0,77.0,14.71,0.1,93.972,33.976,0.068,0.0,237627.0,51.0,12.666,0.068,99.118,35.662,0.066,0.0,248714.0,60.0,13.06,0.1,95.042,35.916,0.134,0.0,3239780.0,3.0,13.834,0.102,95.318,33.334,0.068,0.0,264484.0,1.0,12.998,1
0.1,96.042,34.624,0.066,0.0,268876.0,77.0,14.71,0.1,93.972,33.976,0.068,0.0,237627.0,51.0,12.666,0.068,99.118,35.662,0.066,0.0,248714.0,60.0,13.06,0.1,95.042,35.916,0.134,0.0,3239780.0,3.0,13.834,0.102,95.318,33.334,0.068,0.0,264484.0,1.0,12.998,0.1,96.126,36.432,0.066,0.0,3221170.0,14.0,13.38,1
0.1,93.972,33.976,0.068,0.0,237627.0,51.0,12.666,0.068,99.118,35.662,0.066,0.0,248714.0,60.0,13.06,0.1,95.042,35.916,0.134,0.0,3239780.0,3.0,13.834,0.102,95.318,33.334,0.068,0.0,264484.0,1.0,12.998,0.1,96.126,36.432,0.066,0.0,3221170.0,14.0,13.38,0.102,94.34,33.544000000000004,0.068,0.0,257621.0,6.0,13.312,1
0.068,99.118,35.662,0.066,0.0,248714.0,60.0,13.06,0.1,95.042,35.916,0.134,0.0,3239780.0,3.0,13.834,0.102,95.318,33.334,0.068,0.0,264484.0,1.0,12.998,0.1,96.126,36.432,0.066,0.0,3221170.0,14.0,13.38,0.102,94.34,33.544000000000004,0.068,0.0,257621.0,6.0,13.312,0.068,95.85,35.61199999999999,0.136,0.0,243913.0,20.0,12.99,1
0.1,95.042,35.916,0.134,0.0,3239780.0,3.0,13.834,0.102,95.318,33.334,0.068,0.0,264484.0,1.0,12.998,0.1,96.126,36.432,0.066,0.0,3221170.0,14.0,13.38,0.102,94.34,33.544000000000004,0.068,0.0,257621.0,6.0,13.312,0.068,95.85,35.61199999999999,0.136,0.0,243913.0,20.0,12.99,0.1,94.042,37.746,0.066,0.0,252722.0,31.0,13.666,1
0.102,95.318,33.334,0.068,0.0,264484.0,1.0,12.998,0.1,96.126,36.432,0.066,0.0,3221170.0,14.0,13.38,0.102,94.34,33.544000000000004,0.068,0.0,257621.0,6.0,13.312,0.068,95.85,35.61199999999999,0.136,0.0,243913.0,20.0,12.99,0.1,94.042,37.746,0.066,0.0,252722.0,31.0,13.666,0.102,94.0,33.24,0.066,0.0,250845.0,9.0,14.0,1
0.1,96.126,36.432,0.066,0.0,3221170.0,14.0,13.38,0.102,94.34,33.544000000000004,0.068,0.0,257621.0,6.0,13.312,0.068,95.85,35.61199999999999,0.136,0.0,243913.0,20.0,12.99,0.1,94.042,37.746,0.066,0.0,252722.0,31.0,13.666,0.102,94.0,33.24,0.066,0.0,250845.0,9.0,14.0,0.102,93.542,31.706,0.066,0.0,237929.0,61.0,14.334,1
0.102,94.34,33.544000000000004,0.068,0.0,257621.0,6.0,13.312,0.068,95.85,35.61199999999999,0.136,0.0,243913.0,20.0,12.99,0.1,94.042,37.746,0.066,0.0,252722.0,31.0,13.666,0.102,94.0,33.24,0.066,0.0,250845.0,9.0,14.0,0.102,93.542,31.706,0.066,0.0,237929.0,61.0,14.334,0.102,96.666,34.772,0.066,0.0,262630.0,33.0,13.334,1
0.068,95.85,35.61199999999999,0.136,0.0,243913.0,20.0,12.99,0.1,94.042,37.746,0.066,0.0,252722.0,31.0,13.666,0.102,94.0,33.24,0.066,0.0,250845.0,9.0,14.0,0.102,93.542,31.706,0.066,0.0,237929.0,61.0,14.334,0.102,96.666,34.772,0.066,0.0,262630.0,33.0,13.334,0.066,97.292,32.92,0.066,0.0,229879.0,7.0,13.012,1
0.1,94.042,37.746,0.066,0.0,252722.0,31.0,13.666,0.102,94.0,33.24,0.066,0.0,250845.0,9.0,14.0,0.102,93.542,31.706,0.066,0.0,237929.0,61.0,14.334,0.102,96.666,34.772,0.066,0.0,262630.0,33.0,13.334,0.066,97.292,32.92,0.066,0.0,229879.0,7.0,13.012,0.1,95.75,34.014,0.134,0.0,251109.0,5.0,13.334,1
0.102,94.0,33.24,0.066,0.0,250845.0,9.0,14.0,0.102,93.542,31.706,0.066,0.0,237929.0,61.0,14.334,0.102,96.666,34.772,0.066,0.0,262630.0,33.0,13.334,0.066,97.292,32.92,0.066,0.0,229879.0,7.0,13.012,0.1,95.75,34.014,0.134,0.0,251109.0,5.0,13.334,0.102,96.416,37.864,0.066,0.0,244945.0,60.0,13.666,1
0.102,93.542,31.706,0.066,0.0,237929.0,61.0,14.334,0.102,96.666,34.772,0.066,0.0,262630.0,33.0,13.334,0.066,97.292,32.92,0.066,0.0,229879.0,7.0,13.012,0.1,95.75,34.014,0.134,0.0,251109.0,5.0,13.334,0.102,96.416,37.864,0.066,0.0,244945.0,60.0,13.666,0.068,95.528,31.526,0.134,0.0,3258040.0,125.0,13.666,1
0.102,96.666,34.772,0.066,0.0,262630.0,33.0,13.334,0.066,97.292,32.92,0.066,0.0,229879.0,7.0,13.012,0.1,95.75,34.014,0.134,0.0,251109.0,5.0,13.334,0.102,96.416,37.864,0.066,0.0,244945.0,60.0,13.666,0.068,95.528,31.526,0.134,0.0,3258040.0,125.0,13.666,0.102,96.136,34.108000000000004,0.066,0.0,239235.0,138.0,13.666,1
0.066,97.292,32.92,0.066,0.0,229879.0,7.0,13.012,0.1,95.75,34.014,0.134,0.0,251109.0,5.0,13.334,0.102,96.416,37.864,0.066,0.0,244945.0,60.0,13.666,0.068,95.528,31.526,0.134,0.0,3258040.0,125.0,13.666,0.102,96.136,34.108000000000004,0.066,0.0,239235.0,138.0,13.666,0.1,95.148,36.244,0.066,0.0,3255800.0,136.0,13.334,1
0.1,95.75,34.014,0.134,0.0,251109.0,5.0,13.334,0.102,96.416,37.864,0.066,0.0,244945.0,60.0,13.666,0.068,95.528,31.526,0.134,0.0,3258040.0,125.0,13.666,0.102,96.136,34.108000000000004,0.066,0.0,239235.0,138.0,13.666,0.1,95.148,36.244,0.066,0.0,3255800.0,136.0,13.334,0.098,93.518,38.432,0.066,0.0,233708.0,3.0,14.35,1
0.102,96.416,37.864,0.066,0.0,244945.0,60.0,13.666,0.068,95.528,31.526,0.134,0.0,3258040.0,125.0,13.666,0.102,96.136,34.108000000000004,0.066,0.0,239235.0,138.0,13.666,0.1,95.148,36.244,0.066,0.0,3255800.0,136.0,13.334,0.098,93.518,38.432,0.066,0.0,233708.0,3.0,14.35,0.066,94.458,33.156,0.068,0.0,241161.0,6.0,14.0,1
0.068,95.528,31.526,0.134,0.0,3258040.0,125.0,13.666,0.102,96.136,34.108000000000004,0.066,0.0,239235.0,138.0,13.666,0.1,95.148,36.244,0.066,0.0,3255800.0,136.0,13.334,0.098,93.518,38.432,0.066,0.0,233708.0,3.0,14.35,0.066,94.458,33.156,0.068,0.0,241161.0,6.0,14.0,0.1,96.042,36.37,0.134,0.0,262493.0,48.0,13.722,1
0.102,96.136,34.108000000000004,0.066,0.0,239235.0,138.0,13.666,0.1,95.148,36.244,0.066,0.0,3255800.0,136.0,13.334,0.098,93.518,38.432,0.066,0.0,233708.0,3.0,14.35,0.066,94.458,33.156,0.068,0.0,241161.0,6.0,14.0,0.1,96.042,36.37,0.134,0.0,262493.0,48.0,13.722,0.068,95.874,31.268,0.068,0.0,236477.0,140.0,13.968,1
0.1,95.148,36.244,0.066,0.0,3255800.0,136.0,13.334,0.098,93.518,38.432,0.066,0.0,233708.0,3.0,14.35,0.066,94.458,33.156,0.068,0.0,241161.0,6.0,14.0,0.1,96.042,36.37,0.134,0.0,262493.0,48.0,13.722,0.068,95.874,31.268,0.068,0.0,236477.0,140.0,13.968,0.1,95.598,34.954,0.066,0.0,260941.0,11.0,13.332,1
0.098,93.518,38.432,0.066,0.0,233708.0,3.0,14.35,0.066,94.458,33.156,0.068,0.0,241161.0,6.0,14.0,0.1,96.042,36.37,0.134,0.0,262493.0,48.0,13.722,0.068,95.874,31.268,0.068,0.0,236477.0,140.0,13.968,0.1,95.598,34.954,0.066,0.0,260941.0,11.0,13.332,0.098,96.042,34.288000000000004,0.068,0.0,240957.0,9.0,13.332,1
0.066,94.458,33.156,0.068,0.0,241161.0,6.0,14.0,0.1,96.042,36.37,0.134,0.0,262493.0,48.0,13.722,0.068,95.874,31.268,0.068,0.0,236477.0,140.0,13.968,0.1,95.598,34.954,0.066,0.0,260941.0,11.0,13.332,0.098,96.042,34.288000000000004,0.068,0.0,240957.0,9.0,13.332,0.068,95.75,33.498000000000005,0.066,0.0,238547.0,9.0,13.334,1
0.1,96.042,36.37,0.134,0.0,262493.0,48.0,13.722,0.068,95.874,31.268,0.068,0.0,236477.0,140.0,13.968,0.1,95.598,34.954,0.066,0.0,260941.0,11.0,13.332,0.098,96.042,34.288000000000004,0.068,0.0,240957.0,9.0,13.332,0.068,95.75,33.498000000000005,0.066,0.0,238547.0,9.0,13.334,0.1,93.166,34.718,0.066,0.0,250110.0,57.0,13.334,1
0.068,95.874,31.268,0.068,0.0,236477.0,140.0,13.968,0.1,95.598,34.954,0.066,0.0,260941.0,11.0,13.332,0.098,96.042,34.288000000000004,0.068,0.0,240957.0,9.0,13.332,0.068,95.75,33.498000000000005,0.066,0.0,238547.0,9.0,13.334,0.1,93.166,34.718,0.066,0.0,250110.0,57.0,13.334,0.1,97.176,34.428000000000004,0.136,0.0,266236.0,34.0,13.666,1
0.1,95.598,34.954,0.066,0.0,260941.0,11.0,13.332,0.098,96.042,34.288000000000004,0.068,0.0,240957.0,9.0,13.332,0.068,95.75,33.498000000000005,0.066,0.0,238547.0,9.0,13.334,0.1,93.166,34.718,0.066,0.0,250110.0,57.0,13.334,0.1,97.176,34.428000000000004,0.136,0.0,266236.0,34.0,13.666,0.068,93.874,38.706,0.066,0.0,3233970.0,8.0,13.626,1
0.098,96.042,34.288000000000004,0.068,0.0,240957.0,9.0,13.332,0.068,95.75,33.498000000000005,0.066,0.0,238547.0,9.0,13.334,0.1,93.166,34.718,0.066,0.0,250110.0,57.0,13.334,0.1,97.176,34.428000000000004,0.136,0.0,266236.0,34.0,13.666,0.068,93.874,38.706,0.066,0.0,3233970.0,8.0,13.626,0.102,93.666,31.08,0.068,0.0,252152.0,2.0,13.666,1
0.068,95.75,33.498000000000005,0.066,0.0,238547.0,9.0,13.334,0.1,93.166,34.718,0.066,0.0,250110.0,57.0,13.334,0.1,97.176,34.428000000000004,0.136,0.0,266236.0,34.0,13.666,0.068,93.874,38.706,0.066,0.0,3233970.0,8.0,13.626,0.102,93.666,31.08,0.068,0.0,252152.0,2.0,13.666,0.102,96.39,36.738,0.134,0.0,3236800.0,31.0,13.702,1
0.1,93.166,34.718,0.066,0.0,250110.0,57.0,13.334,0.1,97.176,34.428000000000004,0.136,0.0,266236.0,34.0,13.666,0.068,93.874,38.706,0.066,0.0,3233970.0,8.0,13.626,0.102,93.666,31.08,0.068,0.0,252152.0,2.0,13.666,0.102,96.39,36.738,0.134,0.0,3236800.0,31.0,13.702,0.102,94.124,33.704,0.066,0.0,253102.0,49.0,13.666,1
0.1,97.176,34.428000000000004,0.136,0.0,266236.0,34.0,13.666,0.068,93.874,38.706,0.066,0.0,3233970.0,8.0,13.626,0.102,93.666,31.08,0.068,0.0,252152.0,2.0,13.666,0.102,96.39,36.738,0.134,0.0,3236800.0,31.0,13.702,0.102,94.124,33.704,0.066,0.0,253102.0,49.0,13.666,0.068,93.736,34.058,0.066,0.0,237171.0,18.0,14.334,1
0.068,93.874,38.706,0.066,0.0,3233970.0,8.0,13.626,0.102,93.666,31.08,0.068,0.0,252152.0,2.0,13.666,0.102,96.39,36.738,0.134,0.0,3236800.0,31.0,13.702,0.102,94.124,33.704,0.066,0.0,253102.0,49.0,13.666,0.068,93.736,34.058,0.066,0.0,237171.0,18.0,14.334,0.102,95.708,33.534,0.066,0.0,244675.0,22.0,13.666,1
0.102,93.666,31.08,0.068,0.0,252152.0,2.0,13.666,0.102,96.39,36.738,0.134,0.0,3236800.0,31.0,13.702,0.102,94.124,33.704,0.066,0.0,253102.0,49.0,13.666,0.068,93.736,34.058,0.066,0.0,237171.0,18.0,14.334,0.102,95.708,33.534,0.066,0.0,244675.0,22.0,13.666,0.102,96.166,33.522,0.066,0.0,236178.0,29.0,13.332,1
0.102,96.39,36.738,0.134,0.0,3236800.0,31.0,13.702,0.102,94.124,33.704,0.066,0.0,253102.0,49.0,13.666,0.068,93.736,34.058,0.066,0.0,237171.0,18.0,14.334,0.102,95.708,33.534,0.066,0.0,244675.0,22.0,13.666,0.102,96.166,33.522,0.066,0.0,236178.0,29.0,13.332,0.068,95.708,34.484,0.134,0.0,243647.0,118.0,14.0,1
0.102,94.124,33.704,0.066,0.0,253102.0,49.0,13.666,0.068,93.736,34.058,0.066,0.0,237171.0,18.0,14.334,0.102,95.708,33.534,0.066,0.0,244675.0,22.0,13.666,0.102,96.166,33.522,0.066,0.0,236178.0,29.0,13.332,0.068,95.708,34.484,0.134,0.0,243647.0,118.0,14.0,0.098,95.666,34.392,0.066,0.0,253757.0,89.0,12.666,1
0.068,93.736,34.058,0.066,0.0,237171.0,18.0,14.334,0.102,95.708,33.534,0.066,0.0,244675.0,22.0,13.666,0.102,96.166,33.522,0.066,0.0,236178.0,29.0,13.332,0.068,95.708,34.484,0.134,0.0,243647.0,118.0,14.0,0.098,95.666,34.392,0.066,0.0,253757.0,89.0,12.666,0.102,96.208,31.924,0.068,0.0,247602.0,5.0,14.0,1
0.102,95.708,33.534,0.066,0.0,244675.0,22.0,13.666,0.102,96.166,33.522,0.066,0.0,236178.0,29.0,13.332,0.068,95.708,34.484,0.134,0.0,243647.0,118.0,14.0,0.098,95.666,34.392,0.066,0.0,253757.0,89.0,12.666,0.102,96.208,31.924,0.068,0.0,247602.0,5.0,14.0,0.102,95.166,33.776,0.066,0.0,250890.0,94.0,13.334,1
0.102,96.166,33.522,0.066,0.0,236178.0,29.0,13.332,0.068,95.708,34.484,0.134,0.0,243647.0,118.0,14.0,0.098,95.666,34.392,0.066,0.0,253757.0,89.0,12.666,0.102,96.208,31.924,0.068,0.0,247602.0,5.0,14.0,0.102,95.166,33.776,0.066,0.0,250890.0,94.0,13.334,0.1,96.642,37.586,0.068,0.0,248602.0,37.0,13.334,1
0.068,95.708,34.484,0.134,0.0,243647.0,118.0,14.0,0.098,95.666,34.392,0.066,0.0,253757.0,89.0,12.666,0.102,96.208,31.924,0.068,0.0,247602.0,5.0,14.0,0.102,95.166,33.776,0.066,0.0,250890.0,94.0,13.334,0.1,96.642,37.586,0.068,0.0,248602.0,37.0,13.334,0.066,96.666,30.97,0.134,0.0,3255100.0,34.0,14.0,1
0.098,95.666,34.392,0.066,0.0,253757.0,89.0,12.666,0.102,96.208,31.924,0.068,0.0,247602.0,5.0,14.0,0.102,95.166,33.776,0.066,0.0,250890.0,94.0,13.334,0.1,96.642,37.586,0.068,0.0,248602.0,37.0,13.334,0.066,96.666,30.97,0.134,0.0,3255100.0,34.0,14.0,0.1,93.624,33.672,0.066,0.0,248113.0,58.0,13.382,1
0.102,96.208,31.924,0.068,0.0,247602.0,5.0,14.0,0.102,95.166,33.776,0.066,0.0,250890.0,94.0,13.334,0.1,96.642,37.586,0.068,0.0,248602.0,37.0,13.334,0.066,96.666,30.97,0.134,0.0,3255100.0,34.0,14.0,0.1,93.624,33.672,0.066,0.0,248113.0,58.0,13.382,0.1,94.5,41.034,0.066,0.0,3284780.0,10.0,13.026,1
0.102,95.166,33.776,0.066,0.0,250890.0,94.0,13.334,0.1,96.642,37.586,0.068,0.0,248602.0,37.0,13.334,0.066,96.666,30.97,0.134,0.0,3255100.0,34.0,14.0,0.1,93.624,33.672,0.066,0.0,248113.0,58.0,13.382,0.1,94.5,41.034,0.066,0.0,3284780.0,10.0,13.026,0.068,95.396,34.17,0.066,0.0,260754.0,30.0,14.666,1
0.1,96.642,37.586,0.068,0.0,248602.0,37.0,13.334,0.066,96.666,30.97,0.134,0.0,3255100.0,34.0,14.0,0.1,93.624,33.672,0.066,0.0,248113.0,58.0,13.382,0.1,94.5,41.034,0.066,0.0,3284780.0,10.0,13.026,0.068,95.396,34.17,0.066,0.0,260754.0,30.0,14.666,0.102,92.774,33.474000000000004,0.134,0.0,219839.0,4.0,14.0,1
0.066,96.666,30.97,0.134,0.0,3255100.0,34.0,14.0,0.1,93.624,33.672,0.066,0.0,248113.0,58.0,13.382,0.1,94.5,41.034,0.066,0.0,3284780.0,10.0,13.026,0.068,95.396,34.17,0.066,0.0,260754.0,30.0,14.666,0.102,92.774,33.474000000000004,0.134,0.0,219839.0,4.0,14.0,0.1,94.958,34.73,0.066,0.0,254068.0,7.0,13.332,1
0.1,93.624,33.672,0.066,0.0,248113.0,58.0,13.382,0.1,94.5,41.034,0.066,0.0,3284780.0,10.0,13.026,0.068,95.396,34.17,0.066,0.0,260754.0,30.0,14.666,0.102,92.774,33.474000000000004,0.134,0.0,219839.0,4.0,14.0,0.1,94.958,34.73,0.066,0.0,254068.0,7.0,13.332,0.102,94.916,35.164,0.134,0.0,229355.0,38.0,13.968,1
0.1,94.5,41.034,0.066,0.0,3284780.0,10.0,13.026,0.068,95.396,34.17,0.066,0.0,260754.0,30.0,14.666,0.102,92.774,33.474000000000004,0.134,0.0,219839.0,4.0,14.0,0.1,94.958,34.73,0.066,0.0,254068.0,7.0,13.332,0.102,94.916,35.164,0.134,0.0,229355.0,38.0,13.968,0.068,94.334,36.62,0.134,0.0,257058.0,111.0,13.666,1
0.068,95.396,34.17,0.066,0.0,260754.0,30.0,14.666,0.102,92.774,33.474000000000004,0.134,0.0,219839.0,4.0,14.0,0.1,94.958,34.73,0.066,0.0,254068.0,7.0,13.332,0.102,94.916,35.164,0.134,0.0,229355.0,38.0,13.968,0.068,94.334,36.62,0.134,0.0,257058.0,111.0,13.666,0.102,95.94,36.654,0.068,0.0,262446.0,18.0,13.0,1
0.102,92.774,33.474000000000004,0.134,0.0,219839.0,4.0,14.0,0.1,94.958,34.73,0.066,0.0,254068.0,7.0,13.332,0.102,94.916,35.164,0.134,0.0,229355.0,38.0,13.968,0.068,94.334,36.62,0.134,0.0,257058.0,111.0,13.666,0.102,95.94,36.654,0.068,0.0,262446.0,18.0,13.0,0.1,96.75,33.46,0.066,0.0,2271080.0,1.0,13.372,1
0.1,94.958,34.73,0.066,0.0,254068.0,7.0,13.332,0.102,94.916,35.164,0.134,0.0,229355.0,38.0,13.968,0.068,94.334,36.62,0.134,0.0,257058.0,111.0,13.666,0.102,95.94,36.654,0.068,0.0,262446.0,18.0,13.0,0.1,96.75,33.46,0.066,0.0,2271080.0,1.0,13.372,0.068,95.542,35.304,0.068,0.0,259978.0,47.0,13.294,1
0.102,94.916,35.164,0.134,0.0,229355.0,38.0,13.968,0.068,94.334,36.62,0.134,0.0,257058.0,111.0,13.666,0.102,95.94,36.654,0.068,0.0,262446.0,18.0,13.0,0.1,96.75,33.46,0.066,0.0,2271080.0,1.0,13.372,0.068,95.542,35.304,0.068,0.0,259978.0,47.0,13.294,0.102,95.126,34.672,0.132,0.0,3230890.0,114.0,14.302,1
0.068,94.334,36.62,0.134,0.0,257058.0,111.0,13.666,0.102,95.94,36.654,0.068,0.0,262446.0,18.0,13.0,0.1,96.75,33.46,0.066,0.0,2271080.0,1.0,13.372,0.068,95.542,35.304,0.068,0.0,259978.0,47.0,13.294,0.102,95.126,34.672,0.132,0.0,3230890.0,114.0,14.302,0.1,95.21,37.442,0.066,0.0,248757.0,3.0,12.984000000000002,1
0.102,95.94,36.654,0.068,0.0,262446.0,18.0,13.0,0.1,96.75,33.46,0.066,0.0,2271080.0,1.0,13.372,0.068,95.542,35.304,0.068,0.0,259978.0,47.0,13.294,0.102,95.126,34.672,0.132,0.0,3230890.0,114.0,14.302,0.1,95.21,37.442,0.066,0.0,248757.0,3.0,12.984000000000002,0.068,93.888,34.6,1.422,0.0,3258180.0,6.0,13.668,1
0.1,96.75,33.46,0.066,0.0,2271080.0,1.0,13.372,0.068,95.542,35.304,0.068,0.0,259978.0,47.0,13.294,0.102,95.126,34.672,0.132,0.0,3230890.0,114.0,14.302,0.1,95.21,37.442,0.066,0.0,248757.0,3.0,12.984000000000002,0.068,93.888,34.6,1.422,0.0,3258180.0,6.0,13.668,0.102,93.012,36.256,0.068,0.0,228558.0,37.0,13.656,1
0.068,95.542,35.304,0.068,0.0,259978.0,47.0,13.294,0.102,95.126,34.672,0.132,0.0,3230890.0,114.0,14.302,0.1,95.21,37.442,0.066,0.0,248757.0,3.0,12.984000000000002,0.068,93.888,34.6,1.422,0.0,3258180.0,6.0,13.668,0.102,93.012,36.256,0.068,0.0,228558.0,37.0,13.656,0.102,95.292,32.536,0.068,0.0,267060.0,1.0,12.962,1
0.102,95.126,34.672,0.132,0.0,3230890.0,114.0,14.302,0.1,95.21,37.442,0.066,0.0,248757.0,3.0,12.984000000000002,0.068,93.888,34.6,1.422,0.0,3258180.0,6.0,13.668,0.102,93.012,36.256,0.068,0.0,228558.0,37.0,13.656,0.102,95.292,32.536,0.068,0.0,267060.0,1.0,12.962,0.068,94.0,36.22,0.134,0.0,241959.0,20.0,14.0,1
0.1,95.21,37.442,0.066,0.0,248757.0,3.0,12.984000000000002,0.068,93.888,34.6,1.422,0.0,3258180.0,6.0,13.668,0.102,93.012,36.256,0.068,0.0,228558.0,37.0,13.656,0.102,95.292,32.536,0.068,0.0,267060.0,1.0,12.962,0.068,94.0,36.22,0.134,0.0,241959.0,20.0,14.0,0.102,95.042,33.44,0.068,0.0,273871.0,81.0,13.362,1
0.068,93.888,34.6,1.422,0.0,3258180.0,6.0,13.668,0.102,93.012,36.256,0.068,0.0,228558.0,37.0,13.656,0.102,95.292,32.536,0.068,0.0,267060.0,1.0,12.962,0.068,94.0,36.22,0.134,0.0,241959.0,20.0,14.0,0.102,95.042,33.44,0.068,0.0,273871.0,81.0,13.362,0.068,94.124,31.666,0.066,0.0,239560.0,22.0,13.294,1
0.102,93.012,36.256,0.068,0.0,228558.0,37.0,13.656,0.102,95.292,32.536,0.068,0.0,267060.0,1.0,12.962,0.068,94.0,36.22,0.134,0.0,241959.0,20.0,14.0,0.102,95.042,33.44,0.068,0.0,273871.0,81.0,13.362,0.068,94.124,31.666,0.066,0.0,239560.0,22.0,13.294,0.1,89.916,33.17,0.066,0.0,266201.0,133.0,13.334,1
0.102,95.292,32.536,0.068,0.0,267060.0,1.0,12.962,0.068,94.0,36.22,0.134,0.0,241959.0,20.0,14.0,0.102,95.042,33.44,0.068,0.0,273871.0,81.0,13.362,0.068,94.124,31.666,0.066,0.0,239560.0,22.0,13.294,0.1,89.916,33.17,0.066,0.0,266201.0,133.0,13.334,0.102,94.138,33.756,0.068,0.0,248236.0,6.0,13.668,1
0.068,94.0,36.22,0.134,0.0,241959.0,20.0,14.0,0.102,95.042,33.44,0.068,0.0,273871.0,81.0,13.362,0.068,94.124,31.666,0.066,0.0,239560.0,22.0,13.294,0.1,89.916,33.17,0.066,0.0,266201.0,133.0,13.334,0.102,94.138,33.756,0.068,0.0,248236.0,6.0,13.668,0.1,95.084,35.0,0.066,0.0,252657.0,1.0,13.0,1
0.102,95.042,33.44,0.068,0.0,273871.0,81.0,13.362,0.068,94.124,31.666,0.066,0.0,239560.0,22.0,13.294,0.1,89.916,33.17,0.066,0.0,266201.0,133.0,13.334,0.102,94.138,33.756,0.068,0.0,248236.0,6.0,13.668,0.1,95.084,35.0,0.066,0.0,252657.0,1.0,13.0,0.068,94.816,33.638000000000005,0.134,0.0,251742.0,10.0,13.332,1
0.068,94.124,31.666,0.066,0.0,239560.0,22.0,13.294,0.1,89.916,33.17,0.066,0.0,266201.0,133.0,13.334,0.102,94.138,33.756,0.068,0.0,248236.0,6.0,13.668,0.1,95.084,35.0,0.066,0.0,252657.0,1.0,13.0,0.068,94.816,33.638000000000005,0.134,0.0,251742.0,10.0,13.332,0.1,95.814,34.86,0.066,0.0,3236980.0,42.0,13.706,1
0.1,89.916,33.17,0.066,0.0,266201.0,133.0,13.334,0.102,94.138,33.756,0.068,0.0,248236.0,6.0,13.668,0.1,95.084,35.0,0.066,0.0,252657.0,1.0,13.0,0.068,94.816,33.638000000000005,0.134,0.0,251742.0,10.0,13.332,0.1,95.814,34.86,0.066,0.0,3236980.0,42.0,13.706,0.102,93.794,34.308,0.066,0.0,268579.0,42.0,13.294,1
0.102,94.138,33.756,0.068,0.0,248236.0,6.0,13.668,0.1,95.084,35.0,0.066,0.0,252657.0,1.0,13.0,0.068,94.816,33.638000000000005,0.134,0.0,251742.0,10.0,13.332,0.1,95.814,34.86,0.066,0.0,3236980.0,42.0,13.706,0.102,93.794,34.308,0.066,0.0,268579.0,42.0,13.294,0.068,92.142,33.146,0.066,0.0,3319490.0,11.0,13.666,1
0.1,95.084,35.0,0.066,0.0,252657.0,1.0,13.0,0.068,94.816,33.638000000000005,0.134,0.0,251742.0,10.0,13.332,0.1,95.814,34.86,0.066,0.0,3236980.0,42.0,13.706,0.102,93.794,34.308,0.066,0.0,268579.0,42.0,13.294,0.068,92.142,33.146,0.066,0.0,3319490.0,11.0,13.666,0.102,92.348,36.174,0.134,0.0,266101.0,261.0,13.0,1
0.068,94.816,33.638000000000005,0.134,0.0,251742.0,10.0,13.332,0.1,95.814,34.86,0.066,0.0,3236980.0,42.0,13.706,0.102,93.794,34.308,0.066,0.0,268579.0,42.0,13.294,0.068,92.142,33.146,0.066,0.0,3319490.0,11.0,13.666,0.102,92.348,36.174,0.134,0.0,266101.0,261.0,13.0,0.066,96.01,35.198,0.066,0.0,243991.0,6.0,14.0,1
0.1,95.814,34.86,0.066,0.0,3236980.0,42.0,13.706,0.102,93.794,34.308,0.066,0.0,268579.0,42.0,13.294,0.068,92.142,33.146,0.066,0.0,3319490.0,11.0,13.666,0.102,92.348,36.174,0.134,0.0,266101.0,261.0,13.0,0.066,96.01,35.198,0.066,0.0,243991.0,6.0,14.0,0.102,94.708,34.866,0.068,0.0,251850.0,7.0,12.666,1
0.102,93.794,34.308,0.066,0.0,268579.0,42.0,13.294,0.068,92.142,33.146,0.066,0.0,3319490.0,11.0,13.666,0.102,92.348,36.174,0.134,0.0,266101.0,261.0,13.0,0.066,96.01,35.198,0.066,0.0,243991.0,6.0,14.0,0.102,94.708,34.866,0.068,0.0,251850.0,7.0,12.666,0.102,94.75,31.738000000000003,0.066,0.0,251105.0,55.0,13.334,1
0.068,92.142,33.146,0.066,0.0,3319490.0,11.0,13.666,0.102,92.348,36.174,0.134,0.0,266101.0,261.0,13.0,0.066,96.01,35.198,0.066,0.0,243991.0,6.0,14.0,0.102,94.708,34.866,0.068,0.0,251850.0,7.0,12.666,0.102,94.75,31.738000000000003,0.066,0.0,251105.0,55.0,13.334,0.1,93.834,35.33,0.066,0.0,257054.0,35.0,12.664,1
0.102,92.348,36.174,0.134,0.0,266101.0,261.0,13.0,0.066,96.01,35.198,0.066,0.0,243991.0,6.0,14.0,0.102,94.708,34.866,0.068,0.0,251850.0,7.0,12.666,0.102,94.75,31.738000000000003,0.066,0.0,251105.0,55.0,13.334,0.1,93.834,35.33,0.066,0.0,257054.0,35.0,12.664,0.066,97.042,31.802,0.066,0.0,250622.0,42.0,13.67,1
0.066,96.01,35.198,0.066,0.0,243991.0,6.0,14.0,0.102,94.708,34.866,0.068,0.0,251850.0,7.0,12.666,0.102,94.75,31.738000000000003,0.066,0.0,251105.0,55.0,13.334,0.1,93.834,35.33,0.066,0.0,257054.0,35.0,12.664,0.066,97.042,31.802,0.066,0.0,250622.0,42.0,13.67,0.102,94.874,33.262,0.134,0.0,253562.0,108.0,13.666,1
0.102,94.708,34.866,0.068,0.0,251850.0,7.0,12.666,0.102,94.75,31.738000000000003,0.066,0.0,251105.0,55.0,13.334,0.1,93.834,35.33,0.066,0.0,257054.0,35.0,12.664,0.066,97.042,31.802,0.066,0.0,250622.0,42.0,13.67,0.102,94.874,33.262,0.134,0.0,253562.0,108.0,13.666,0.102,93.65,33.146,0.068,0.0,250469.0,3.0,13.37,1
0.102,94.75,31.738000000000003,0.066,0.0,251105.0,55.0,13.334,0.1,93.834,35.33,0.066,0.0,257054.0,35.0,12.664,0.066,97.042,31.802,0.066,0.0,250622.0,42.0,13.67,0.102,94.874,33.262,0.134,0.0,253562.0,108.0,13.666,0.102,93.65,33.146,0.068,0.0,250469.0,3.0,13.37,0.102,93.94,34.976,0.066,0.0,240984.0,17.0,12.666,1
0.1,93.834,35.33,0.066,0.0,257054.0,35.0,12.664,0.066,97.042,31.802,0.066,0.0,250622.0,42.0,13.67,0.102,94.874,33.262,0.134,0.0,253562.0,108.0,13.666,0.102,93.65,33.146,0.068,0.0,250469.0,3.0,13.37,0.102,93.94,34.976,0.066,0.0,240984.0,17.0,12.666,0.068,95.466,33.592,0.066,0.0,3257310.0,10.0,14.002,1
0.066,97.042,31.802,0.066,0.0,250622.0,42.0,13.67,0.102,94.874,33.262,0.134,0.0,253562.0,108.0,13.666,0.102,93.65,33.146,0.068,0.0,250469.0,3.0,13.37,0.102,93.94,34.976,0.066,0.0,240984.0,17.0,12.666,0.068,95.466,33.592,0.066,0.0,3257310.0,10.0,14.002,0.1,96.538,35.082,0.132,0.0,243435.0,17.0,13.666,1
0.102,94.874,33.262,0.134,0.0,253562.0,108.0,13.666,0.102,93.65,33.146,0.068,0.0,250469.0,3.0,13.37,0.102,93.94,34.976,0.066,0.0,240984.0,17.0,12.666,0.068,95.466,33.592,0.066,0.0,3257310.0,10.0,14.002,0.1,96.538,35.082,0.132,0.0,243435.0,17.0,13.666,0.102,94.542,36.456,0.068,0.0,3244700.0,3.0,13.336,1
0.102,93.65,33.146,0.068,0.0,250469.0,3.0,13.37,0.102,93.94,34.976,0.066,0.0,240984.0,17.0,12.666,0.068,95.466,33.592,0.066,0.0,3257310.0,10.0,14.002,0.1,96.538,35.082,0.132,0.0,243435.0,17.0,13.666,0.102,94.542,36.456,0.068,0.0,3244700.0,3.0,13.336,0.068,92.192,32.092,0.066,0.0,251797.0,41.0,13.666,1
0.102,93.94,34.976,0.066,0.0,240984.0,17.0,12.666,0.068,95.466,33.592,0.066,0.0,3257310.0,10.0,14.002,0.1,96.538,35.082,0.132,0.0,243435.0,17.0,13.666,0.102,94.542,36.456,0.068,0.0,3244700.0,3.0,13.336,0.068,92.192,32.092,0.066,0.0,251797.0,41.0,13.666,0.102,95.372,34.366,0.066,0.0,242999.0,58.0,13.002,1
0.068,95.466,33.592,0.066,0.0,3257310.0,10.0,14.002,0.1,96.538,35.082,0.132,0.0,243435.0,17.0,13.666,0.102,94.542,36.456,0.068,0.0,3244700.0,3.0,13.336,0.068,92.192,32.092,0.066,0.0,251797.0,41.0,13.666,0.102,95.372,34.366,0.066,0.0,242999.0,58.0,13.002,0.102,94.584,35.586,0.066,0.0,253667.0,7.0,13.666,1
0.1,96.538,35.082,0.132,0.0,243435.0,17.0,13.666,0.102,94.542,36.456,0.068,0.0,3244700.0,3.0,13.336,0.068,92.192,32.092,0.066,0.0,251797.0,41.0,13.666,0.102,95.372,34.366,0.066,0.0,242999.0,58.0,13.002,0.102,94.584,35.586,0.066,0.0,253667.0,7.0,13.666,0.102,97.036,32.828,0.134,0.0,245419.0,28.0,13.666,1
0.102,94.542,36.456,0.068,0.0,3244700.0,3.0,13.336,0.068,92.192,32.092,0.066,0.0,251797.0,41.0,13.666,0.102,95.372,34.366,0.066,0.0,242999.0,58.0,13.002,0.102,94.584,35.586,0.066,0.0,253667.0,7.0,13.666,0.102,97.036,32.828,0.134,0.0,245419.0,28.0,13.666,0.068,93.084,34.984,0.066,0.0,238899.0,57.0,12.998,1
0.068,92.192,32.092,0.066,0.0,251797.0,41.0,13.666,0.102,95.372,34.366,0.066,0.0,242999.0,58.0,13.002,0.102,94.584,35.586,0.066,0.0,253667.0,7.0,13.666,0.102,97.036,32.828,0.134,0.0,245419.0,28.0,13.666,0.068,93.084,34.984,0.066,0.0,238899.0,57.0,12.998,0.102,94.4,32.096,0.066,0.0,264696.0,6.0,14.374,1
0.102,95.372,34.366,0.066,0.0,242999.0,58.0,13.002,0.102,94.584,35.586,0.066,0.0,253667.0,7.0,13.666,0.102,97.036,32.828,0.134,0.0,245419.0,28.0,13.666,0.068,93.084,34.984,0.066,0.0,238899.0,57.0,12.998,0.102,94.4,32.096,0.066,0.0,264696.0,6.0,14.374,0.102,92.402,31.526,0.068,0.0,249501.0,44.0,13.666,1
0.102,94.584,35.586,0.066,0.0,253667.0,7.0,13.666,0.102,97.036,32.828,0.134,0.0,245419.0,28.0,13.666,0.068,93.084,34.984,0.066,0.0,238899.0,57.0,12.998,0.102,94.4,32.096,0.066,0.0,264696.0,6.0,14.374,0.102,92.402,31.526,0.068,0.0,249501.0,44.0,13.666,0.102,94.82,35.516,0.066,0.0,232831.0,6.0,13.706,1
0.102,97.036,32.828,0.134,0.0,245419.0,28.0,13.666,0.068,93.084,34.984,0.066,0.0,238899.0,57.0,12.998,0.102,94.4,32.096,0.066,0.0,264696.0,6.0,14.374,0.102,92.402,31.526,0.068,0.0,249501.0,44.0,13.666,0.102,94.82,35.516,0.066,0.0,232831.0,6.0,13.706,0.102,92.354,31.996,0.068,0.0,267964.0,2.0,76.23,1
0.068,93.084,34.984,0.066,0.0,238899.0,57.0,12.998,0.102,94.4,32.096,0.066,0.0,264696.0,6.0,14.374,0.102,92.402,31.526,0.068,0.0,249501.0,44.0,13.666,0.102,94.82,35.516,0.066,0.0,232831.0,6.0,13.706,0.102,92.354,31.996,0.068,0.0,267964.0,2.0,76.23,0.066,91.814,34.46,0.134,0.0,3249990.0,80.0,65.835,1
0.102,94.4,32.096,0.066,0.0,264696.0,6.0,14.374,0.102,92.402,31.526,0.068,0.0,249501.0,44.0,13.666,0.102,94.82,35.516,0.066,0.0,232831.0,6.0,13.706,0.102,92.354,31.996,0.068,0.0,267964.0,2.0,76.23,0.066,91.814,34.46,0.134,0.0,3249990.0,80.0,65.835,0.102,87.958,30.774,0.066,0.0,259527.0,29.0,21.666,1
0.102,92.402,31.526,0.068,0.0,249501.0,44.0,13.666,0.102,94.82,35.516,0.066,0.0,232831.0,6.0,13.706,0.102,92.354,31.996,0.068,0.0,267964.0,2.0,76.23,0.066,91.814,34.46,0.134,0.0,3249990.0,80.0,65.835,0.102,87.958,30.774,0.066,0.0,259527.0,29.0,21.666,0.1,93.206,34.788000000000004,0.066,0.0,3238240.0,3.0,17.668,1
0.102,94.82,35.516,0.066,0.0,232831.0,6.0,13.706,0.102,92.354,31.996,0.068,0.0,267964.0,2.0,76.23,0.066,91.814,34.46,0.134,0.0,3249990.0,80.0,65.835,0.102,87.958,30.774,0.066,0.0,259527.0,29.0,21.666,0.1,93.206,34.788000000000004,0.066,0.0,3238240.0,3.0,17.668,0.102,94.902,34.04,0.134,0.0,260225.0,3.0,16.668,1
0.102,92.354,31.996,0.068,0.0,267964.0,2.0,76.23,0.066,91.814,34.46,0.134,0.0,3249990.0,80.0,65.835,0.102,87.958,30.774,0.066,0.0,259527.0,29.0,21.666,0.1,93.206,34.788000000000004,0.066,0.0,3238240.0,3.0,17.668,0.102,94.902,34.04,0.134,0.0,260225.0,3.0,16.668,0.102,88.834,34.722,0.066,0.0,239487.0,3.0,16.666,1
0.066,91.814,34.46,0.134,0.0,3249990.0,80.0,65.835,0.102,87.958,30.774,0.066,0.0,259527.0,29.0,21.666,0.1,93.206,34.788000000000004,0.066,0.0,3238240.0,3.0,17.668,0.102,94.902,34.04,0.134,0.0,260225.0,3.0,16.668,0.102,88.834,34.722,0.066,0.0,239487.0,3.0,16.666,0.068,90.666,35.798,0.068,0.0,249820.0,32.0,15.668,1
0.102,87.958,30.774,0.066,0.0,259527.0,29.0,21.666,0.1,93.206,34.788000000000004,0.066,0.0,3238240.0,3.0,17.668,0.102,94.902,34.04,0.134,0.0,260225.0,3.0,16.668,0.102,88.834,34.722,0.066,0.0,239487.0,3.0,16.666,0.068,90.666,35.798,0.068,0.0,249820.0,32.0,15.668,0.102,90.584,34.6,0.066,0.0,243441.0,4.0,17.0,1
0.1,93.206,34.788000000000004,0.066,0.0,3238240.0,3.0,17.668,0.102,94.902,34.04,0.134,0.0,260225.0,3.0,16.668,0.102,88.834,34.722,0.066,0.0,239487.0,3.0,16.666,0.068,90.666,35.798,0.068,0.0,249820.0,32.0,15.668,0.102,90.584,34.6,0.066,0.0,243441.0,4.0,17.0,0.102,92.374,30.798,0.066,0.0,252087.0,30.0,15.666,1
0.102,94.902,34.04,0.134,0.0,260225.0,3.0,16.668,0.102,88.834,34.722,0.066,0.0,239487.0,3.0,16.666,0.068,90.666,35.798,0.068,0.0,249820.0,32.0,15.668,0.102,90.584,34.6,0.066,0.0,243441.0,4.0,17.0,0.102,92.374,30.798,0.066,0.0,252087.0,30.0,15.666,0.102,93.5,33.326,0.066,0.0,249695.0,22.0,16.296,1
0.102,88.834,34.722,0.066,0.0,239487.0,3.0,16.666,0.068,90.666,35.798,0.068,0.0,249820.0,32.0,15.668,0.102,90.584,34.6,0.066,0.0,243441.0,4.0,17.0,0.102,92.374,30.798,0.066,0.0,252087.0,30.0,15.666,0.102,93.5,33.326,0.066,0.0,249695.0,22.0,16.296,0.068,92.376,34.46,0.134,0.0,241480.0,5.0,16.336,1
0.068,90.666,35.798,0.068,0.0,249820.0,32.0,15.668,0.102,90.584,34.6,0.066,0.0,243441.0,4.0,17.0,0.102,92.374,30.798,0.066,0.0,252087.0,30.0,15.666,0.102,93.5,33.326,0.066,0.0,249695.0,22.0,16.296,0.068,92.376,34.46,0.134,0.0,241480.0,5.0,16.336,0.102,85.818,36.232,0.066,0.0,260207.0,68.0,16.668,1
0.102,90.584,34.6,0.066,0.0,243441.0,4.0,17.0,0.102,92.374,30.798,0.066,0.0,252087.0,30.0,15.666,0.102,93.5,33.326,0.066,0.0,249695.0,22.0,16.296,0.068,92.376,34.46,0.134,0.0,241480.0,5.0,16.336,0.102,85.818,36.232,0.066,0.0,260207.0,68.0,16.668,0.102,91.72,36.478,0.066,0.0,251933.0,16.0,17.334,1
0.102,92.374,30.798,0.066,0.0,252087.0,30.0,15.666,0.102,93.5,33.326,0.066,0.0,249695.0,22.0,16.296,0.068,92.376,34.46,0.134,0.0,241480.0,5.0,16.336,0.102,85.818,36.232,0.066,0.0,260207.0,68.0,16.668,0.102,91.72,36.478,0.066,0.0,251933.0,16.0,17.334,0.102,89.25,33.556,0.136,0.0,3240240.0,5.0,18.334,1
0.102,93.5,33.326,0.066,0.0,249695.0,22.0,16.296,0.068,92.376,34.46,0.134,0.0,241480.0,5.0,16.336,0.102,85.818,36.232,0.066,0.0,260207.0,68.0,16.668,0.102,91.72,36.478,0.066,0.0,251933.0,16.0,17.334,0.102,89.25,33.556,0.136,0.0,3240240.0,5.0,18.334,0.068,91.166,33.216,0.066,0.0,252160.0,31.0,16.652,1
0.068,92.376,34.46,0.134,0.0,241480.0,5.0,16.336,0.102,85.818,36.232,0.066,0.0,260207.0,68.0,16.668,0.102,91.72,36.478,0.066,0.0,251933.0,16.0,17.334,0.102,89.25,33.556,0.136,0.0,3240240.0,5.0,18.334,0.068,91.166,33.216,0.066,0.0,252160.0,31.0,16.652,0.1,90.5,34.46,0.066,0.0,3247100.0,2.0,16.0,1
0.102,85.818,36.232,0.066,0.0,260207.0,68.0,16.668,0.102,91.72,36.478,0.066,0.0,251933.0,16.0,17.334,0.102,89.25,33.556,0.136,0.0,3240240.0,5.0,18.334,0.068,91.166,33.216,0.066,0.0,252160.0,31.0,16.652,0.1,90.5,34.46,0.066,0.0,3247100.0,2.0,16.0,0.102,90.916,35.376,0.066,0.0,242626.0,11.0,16.738,1
0.102,91.72,36.478,0.066,0.0,251933.0,16.0,17.334,0.102,89.25,33.556,0.136,0.0,3240240.0,5.0,18.334,0.068,91.166,33.216,0.066,0.0,252160.0,31.0,16.652,0.1,90.5,34.46,0.066,0.0,3247100.0,2.0,16.0,0.102,90.916,35.376,0.066,0.0,242626.0,11.0,16.738,0.1,90.584,30.212,0.066,0.0,258707.0,1.0,16.62,1
0.102,89.25,33.556,0.136,0.0,3240240.0,5.0,18.334,0.068,91.166,33.216,0.066,0.0,252160.0,31.0,16.652,0.1,90.5,34.46,0.066,0.0,3247100.0,2.0,16.0,0.102,90.916,35.376,0.066,0.0,242626.0,11.0,16.738,0.1,90.584,30.212,0.066,0.0,258707.0,1.0,16.62,0.068,93.292,36.056,0.066,0.0,231018.0,118.0,16.336,1
0.068,91.166,33.216,0.066,0.0,252160.0,31.0,16.652,0.1,90.5,34.46,0.066,0.0,3247100.0,2.0,16.0,0.102,90.916,35.376,0.066,0.0,242626.0,11.0,16.738,0.1,90.584,30.212,0.066,0.0,258707.0,1.0,16.62,0.068,93.292,36.056,0.066,0.0,231018.0,118.0,16.336,0.102,93.876,29.27,0.134,0.0,261194.0,82.0,16.668,1
0.1,90.5,34.46,0.066,0.0,3247100.0,2.0,16.0,0.102,90.916,35.376,0.066,0.0,242626.0,11.0,16.738,0.1,90.584,30.212,0.066,0.0,258707.0,1.0,16.62,0.068,93.292,36.056,0.066,0.0,231018.0,118.0,16.336,0.102,93.876,29.27,0.134,0.0,261194.0,82.0,16.668,0.1,92.126,32.814,0.068,0.0,235631.0,73.0,16.012,1
0.102,90.916,35.376,0.066,0.0,242626.0,11.0,16.738,0.1,90.584,30.212,0.066,0.0,258707.0,1.0,16.62,0.068,93.292,36.056,0.066,0.0,231018.0,118.0,16.336,0.102,93.876,29.27,0.134,0.0,261194.0,82.0,16.668,0.1,92.126,32.814,0.068,0.0,235631.0,73.0,16.012,0.102,90.292,32.652,0.068,0.0,249281.0,16.0,16.0,1
0.1,90.584,30.212,0.066,0.0,258707.0,1.0,16.62,0.068,93.292,36.056,0.066,0.0,231018.0,118.0,16.336,0.102,93.876,29.27,0.134,0.0,261194.0,82.0,16.668,0.1,92.126,32.814,0.068,0.0,235631.0,73.0,16.012,0.102,90.292,32.652,0.068,0.0,249281.0,16.0,16.0,0.068,91.636,32.942,0.066,0.0,256689.0,90.0,17.018,1
0.068,93.292,36.056,0.066,0.0,231018.0,118.0,16.336,0.102,93.876,29.27,0.134,0.0,261194.0,82.0,16.668,0.1,92.126,32.814,0.068,0.0,235631.0,73.0,16.012,0.102,90.292,32.652,0.068,0.0,249281.0,16.0,16.0,0.068,91.636,32.942,0.066,0.0,256689.0,90.0,17.018,0.1,91.21,33.416,0.066,0.0,238528.0,8.0,16.334,1
0.102,93.876,29.27,0.134,0.0,261194.0,82.0,16.668,0.1,92.126,32.814,0.068,0.0,235631.0,73.0,16.012,0.102,90.292,32.652,0.068,0.0,249281.0,16.0,16.0,0.068,91.636,32.942,0.066,0.0,256689.0,90.0,17.018,0.1,91.21,33.416,0.066,0.0,238528.0,8.0,16.334,0.1,93.156,37.56,0.066,0.0,262248.0,7.0,16.392,1
0.1,92.126,32.814,0.068,0.0,235631.0,73.0,16.012,0.102,90.292,32.652,0.068,0.0,249281.0,16.0,16.0,0.068,91.636,32.942,0.066,0.0,256689.0,90.0,17.018,0.1,91.21,33.416,0.066,0.0,238528.0,8.0,16.334,0.1,93.156,37.56,0.066,0.0,262248.0,7.0,16.392,0.102,90.084,36.158,0.132,0.0,3240490.0,18.0,15.958,1
0.102,90.292,32.652,0.068,0.0,249281.0,16.0,16.0,0.068,91.636,32.942,0.066,0.0,256689.0,90.0,17.018,0.1,91.21,33.416,0.066,0.0,238528.0,8.0,16.334,0.1,93.156,37.56,0.066,0.0,262248.0,7.0,16.392,0.102,90.084,36.158,0.132,0.0,3240490.0,18.0,15.958,0.066,88.416,30.658,0.066,0.0,251283.0,7.0,17.0,1
0.068,91.636,32.942,0.066,0.0,256689.0,90.0,17.018,0.1,91.21,33.416,0.066,0.0,238528.0,8.0,16.334,0.1,93.156,37.56,0.066,0.0,262248.0,7.0,16.392,0.102,90.084,36.158,0.132,0.0,3240490.0,18.0,15.958,0.066,88.416,30.658,0.066,0.0,251283.0,7.0,17.0,0.102,90.042,35.892,0.066,0.0,3227320.0,36.0,16.334,1
0.1,91.21,33.416,0.066,0.0,238528.0,8.0,16.334,0.1,93.156,37.56,0.066,0.0,262248.0,7.0,16.392,0.102,90.084,36.158,0.132,0.0,3240490.0,18.0,15.958,0.066,88.416,30.658,0.066,0.0,251283.0,7.0,17.0,0.102,90.042,35.892,0.066,0.0,3227320.0,36.0,16.334,0.1,90.126,34.226,0.068,0.0,256052.0,35.0,17.0,1
0.1,93.156,37.56,0.066,0.0,262248.0,7.0,16.392,0.102,90.084,36.158,0.132,0.0,3240490.0,18.0,15.958,0.066,88.416,30.658,0.066,0.0,251283.0,7.0,17.0,0.102,90.042,35.892,0.066,0.0,3227320.0,36.0,16.334,0.1,90.126,34.226,0.068,0.0,256052.0,35.0,17.0,0.068,88.584,33.122,0.132,0.0,226626.0,38.0,17.0,1
0.102,90.084,36.158,0.132,0.0,3240490.0,18.0,15.958,0.066,88.416,30.658,0.066,0.0,251283.0,7.0,17.0,0.102,90.042,35.892,0.066,0.0,3227320.0,36.0,16.334,0.1,90.126,34.226,0.068,0.0,256052.0,35.0,17.0,0.068,88.584,33.122,0.132,0.0,226626.0,38.0,17.0,0.102,90.626,34.84,0.068,0.0,256158.0,98.0,16.334,1
0.066,88.416,30.658,0.066,0.0,251283.0,7.0,17.0,0.102,90.042,35.892,0.066,0.0,3227320.0,36.0,16.334,0.1,90.126,34.226,0.068,0.0,256052.0,35.0,17.0,0.068,88.584,33.122,0.132,0.0,226626.0,38.0,17.0,0.102,90.626,34.84,0.068,0.0,256158.0,98.0,16.334,0.1,89.834,30.822,0.066,0.0,242633.0,141.0,16.334,1
0.102,90.042,35.892,0.066,0.0,3227320.0,36.0,16.334,0.1,90.126,34.226,0.068,0.0,256052.0,35.0,17.0,0.068,88.584,33.122,0.132,0.0,226626.0,38.0,17.0,0.102,90.626,34.84,0.068,0.0,256158.0,98.0,16.334,0.1,89.834,30.822,0.066,0.0,242633.0,141.0,16.334,0.1,92.334,34.968,0.066,0.0,243717.0,53.0,17.012,1
0.1,90.126,34.226,0.068,0.0,256052.0,35.0,17.0,0.068,88.584,33.122,0.132,0.0,226626.0,38.0,17.0,0.102,90.626,34.84,0.068,0.0,256158.0,98.0,16.334,0.1,89.834,30.822,0.066,0.0,242633.0,141.0,16.334,0.1,92.334,34.968,0.066,0.0,243717.0,53.0,17.012,0.066,88.084,32.276,0.066,0.0,251162.0,57.0,16.334,1
0.068,88.584,33.122,0.132,0.0,226626.0,38.0,17.0,0.102,90.626,34.84,0.068,0.0,256158.0,98.0,16.334,0.1,89.834,30.822,0.066,0.0,242633.0,141.0,16.334,0.1,92.334,34.968,0.066,0.0,243717.0,53.0,17.012,0.066,88.084,32.276,0.066,0.0,251162.0,57.0,16.334,0.102,94.964,35.774,0.134,0.0,240877.0,34.0,16.32,1
0.102,90.626,34.84,0.068,0.0,256158.0,98.0,16.334,0.1,89.834,30.822,0.066,0.0,242633.0,141.0,16.334,0.1,92.334,34.968,0.066,0.0,243717.0,53.0,17.012,0.066,88.084,32.276,0.066,0.0,251162.0,57.0,16.334,0.102,94.964,35.774,0.134,0.0,240877.0,34.0,16.32,0.1,94.416,30.54,0.066,0.0,261025.0,77.0,16.334,1
0.1,89.834,30.822,0.066,0.0,242633.0,141.0,16.334,0.1,92.334,34.968,0.066,0.0,243717.0,53.0,17.012,0.066,88.084,32.276,0.066,0.0,251162.0,57.0,16.334,0.102,94.964,35.774,0.134,0.0,240877.0,34.0,16.32,0.1,94.416,30.54,0.066,0.0,261025.0,77.0,16.334,0.068,89.666,34.75,0.068,0.0,245658.0,55.0,16.668,1
0.1,92.334,34.968,0.066,0.0,243717.0,53.0,17.012,0.066,88.084,32.276,0.066,0.0,251162.0,57.0,16.334,0.102,94.964,35.774,0.134,0.0,240877.0,34.0,16.32,0.1,94.416,30.54,0.066,0.0,261025.0,77.0,16.334,0.068,89.666,34.75,0.068,0.0,245658.0,55.0,16.668,0.102,90.084,35.188,0.066,0.0,3252100.0,12.0,16.666,1
0.066,88.084,32.276,0.066,0.0,251162.0,57.0,16.334,0.102,94.964,35.774,0.134,0.0,240877.0,34.0,16.32,0.1,94.416,30.54,0.066,0.0,261025.0,77.0,16.334,0.068,89.666,34.75,0.068,0.0,245658.0,55.0,16.668,0.102,90.084,35.188,0.066,0.0,3252100.0,12.0,16.666,0.1,87.292,31.338,0.134,0.0,236063.0,12.0,16.392,1
0.102,94.964,35.774,0.134,0.0,240877.0,34.0,16.32,0.1,94.416,30.54,0.066,0.0,261025.0,77.0,16.334,0.068,89.666,34.75,0.068,0.0,245658.0,55.0,16.668,0.102,90.084,35.188,0.066,0.0,3252100.0,12.0,16.666,0.1,87.292,31.338,0.134,0.0,236063.0,12.0,16.392,0.068,93.834,37.254,0.066,0.0,3239200.0,55.0,16.298,1
0.1,94.416,30.54,0.066,0.0,261025.0,77.0,16.334,0.068,89.666,34.75,0.068,0.0,245658.0,55.0,16.668,0.102,90.084,35.188,0.066,0.0,3252100.0,12.0,16.666,0.1,87.292,31.338,0.134,0.0,236063.0,12.0,16.392,0.068,93.834,37.254,0.066,0.0,3239200.0,55.0,16.298,0.1,92.0,35.468,0.066,0.0,237628.0,11.0,16.334,1
0.068,89.666,34.75,0.068,0.0,245658.0,55.0,16.668,0.102,90.084,35.188,0.066,0.0,3252100.0,12.0,16.666,0.1,87.292,31.338,0.134,0.0,236063.0,12.0,16.392,0.068,93.834,37.254,0.066,0.0,3239200.0,55.0,16.298,0.1,92.0,35.468,0.066,0.0,237628.0,11.0,16.334,0.102,91.11,31.49,0.068,0.0,259796.0,11.0,16.666,1
0.102,90.084,35.188,0.066,0.0,3252100.0,12.0,16.666,0.1,87.292,31.338,0.134,0.0,236063.0,12.0,16.392,0.068,93.834,37.254,0.066,0.0,3239200.0,55.0,16.298,0.1,92.0,35.468,0.066,0.0,237628.0,11.0,16.334,0.102,91.11,31.49,0.068,0.0,259796.0,11.0,16.666,0.102,88.07,32.978,0.068,0.0,251316.0,39.0,16.67,1
0.1,87.292,31.338,0.134,0.0,236063.0,12.0,16.392,0.068,93.834,37.254,0.066,0.0,3239200.0,55.0,16.298,0.1,92.0,35.468,0.066,0.0,237628.0,11.0,16.334,0.102,91.11,31.49,0.068,0.0,259796.0,11.0,16.666,0.102,88.07,32.978,0.068,0.0,251316.0,39.0,16.67,0.068,90.542,37.636,0.134,0.0,242875.0,7.0,16.334,1
0.068,93.834,37.254,0.066,0.0,3239200.0,55.0,16.298,0.1,92.0,35.468,0.066,0.0,237628.0,11.0,16.334,0.102,91.11,31.49,0.068,0.0,259796.0,11.0,16.666,0.102,88.07,32.978,0.068,0.0,251316.0,39.0,16.67,0.068,90.542,37.636,0.134,0.0,242875.0,7.0,16.334,0.102,93.834,28.204,0.068,0.0,254477.0,51.0,16.336,1
0.1,92.0,35.468,0.066,0.0,237628.0,11.0,16.334,0.102,91.11,31.49,0.068,0.0,259796.0,11.0,16.666,0.102,88.07,32.978,0.068,0.0,251316.0,39.0,16.67,0.068,90.542,37.636,0.134,0.0,242875.0,7.0,16.334,0.102,93.834,28.204,0.068,0.0,254477.0,51.0,16.336,0.102,92.542,32.676,0.066,0.0,248382.0,12.0,16.666,1
0.102,91.11,31.49,0.068,0.0,259796.0,11.0,16.666,0.102,88.07,32.978,0.068,0.0,251316.0,39.0,16.67,0.068,90.542,37.636,0.134,0.0,242875.0,7.0,16.334,0.102,93.834,28.204,0.068,0.0,254477.0,51.0,16.336,0.102,92.542,32.676,0.066,0.0,248382.0,12.0,16.666,0.066,90.126,32.934,0.066,0.0,246525.0,17.0,16.666,1
0.102,88.07,32.978,0.068,0.0,251316.0,39.0,16.67,0.068,90.542,37.636,0.134,0.0,242875.0,7.0,16.334,0.102,93.834,28.204,0.068,0.0,254477.0,51.0,16.336,0.102,92.542,32.676,0.066,0.0,248382.0,12.0,16.666,0.066,90.126,32.934,0.066,0.0,246525.0,17.0,16.666,0.1,90.708,33.82,0.066,0.0,240007.0,157.0,16.042,1
0.068,90.542,37.636,0.134,0.0,242875.0,7.0,16.334,0.102,93.834,28.204,0.068,0.0,254477.0,51.0,16.336,0.102,92.542,32.676,0.066,0.0,248382.0,12.0,16.666,0.066,90.126,32.934,0.066,0.0,246525.0,17.0,16.666,0.1,90.708,33.82,0.066,0.0,240007.0,157.0,16.042,0.102,91.084,33.382,0.068,0.0,269959.0,73.0,16.334,1
0.102,93.834,28.204,0.068,0.0,254477.0,51.0,16.336,0.102,92.542,32.676,0.066,0.0,248382.0,12.0,16.666,0.066,90.126,32.934,0.066,0.0,246525.0,17.0,16.666,0.1,90.708,33.82,0.066,0.0,240007.0,157.0,16.042,0.102,91.084,33.382,0.068,0.0,269959.0,73.0,16.334,0.102,91.708,35.0,0.134,0.0,3233790.0,18.0,16.334,1
0.102,92.542,32.676,0.066,0.0,248382.0,12.0,16.666,0.066,90.126,32.934,0.066,0.0,246525.0,17.0,16.666,0.1,90.708,33.82,0.066,0.0,240007.0,157.0,16.042,0.102,91.084,33.382,0.068,0.0,269959.0,73.0,16.334,0.102,91.708,35.0,0.134,0.0,3233790.0,18.0,16.334,0.068,92.124,31.202,0.068,0.0,256958.0,5.0,16.336,1
0.066,90.126,32.934,0.066,0.0,246525.0,17.0,16.666,0.1,90.708,33.82,0.066,0.0,240007.0,157.0,16.042,0.102,91.084,33.382,0.068,0.0,269959.0,73.0,16.334,0.102,91.708,35.0,0.134,0.0,3233790.0,18.0,16.334,0.068,92.124,31.202,0.068,0.0,256958.0,5.0,16.336,0.1,90.958,34.702,0.066,0.0,3221950.0,63.0,16.988,1
0.1,90.708,33.82,0.066,0.0,240007.0,157.0,16.042,0.102,91.084,33.382,0.068,0.0,269959.0,73.0,16.334,0.102,91.708,35.0,0.134,0.0,3233790.0,18.0,16.334,0.068,92.124,31.202,0.068,0.0,256958.0,5.0,16.336,0.1,90.958,34.702,0.066,0.0,3221950.0,63.0,16.988,0.1,90.626,37.412,0.066,0.0,255516.0,44.0,16.666,1
0.102,91.084,33.382,0.068,0.0,269959.0,73.0,16.334,0.102,91.708,35.0,0.134,0.0,3233790.0,18.0,16.334,0.068,92.124,31.202,0.068,0.0,256958.0,5.0,16.336,0.1,90.958,34.702,0.066,0.0,3221950.0,63.0,16.988,0.1,90.626,37.412,0.066,0.0,255516.0,44.0,16.666,0.066,90.5,33.544000000000004,0.136,0.0,241014.0,77.0,16.0,1
0.102,91.708,35.0,0.134,0.0,3233790.0,18.0,16.334,0.068,92.124,31.202,0.068,0.0,256958.0,5.0,16.336,0.1,90.958,34.702,0.066,0.0,3221950.0,63.0,16.988,0.1,90.626,37.412,0.066,0.0,255516.0,44.0,16.666,0.066,90.5,33.544000000000004,0.136,0.0,241014.0,77.0,16.0,0.136,92.75,34.014,0.068,0.0,244072.0,39.0,16.668,1
0.068,92.124,31.202,0.068,0.0,256958.0,5.0,16.336,0.1,90.958,34.702,0.066,0.0,3221950.0,63.0,16.988,0.1,90.626,37.412,0.066,0.0,255516.0,44.0,16.666,0.066,90.5,33.544000000000004,0.136,0.0,241014.0,77.0,16.0,0.136,92.75,34.014,0.068,0.0,244072.0,39.0,16.668,0.102,93.44,33.8,0.068,0.0,257380.0,11.0,16.656,1
0.1,90.958,34.702,0.066,0.0,3221950.0,63.0,16.988,0.1,90.626,37.412,0.066,0.0,255516.0,44.0,16.666,0.066,90.5,33.544000000000004,0.136,0.0,241014.0,77.0,16.0,0.136,92.75,34.014,0.068,0.0,244072.0,39.0,16.668,0.102,93.44,33.8,0.068,0.0,257380.0,11.0,16.656,0.068,95.262,32.111999999999995,0.066,0.0,244383.0,52.0,16.352,1
0.1,90.626,37.412,0.066,0.0,255516.0,44.0,16.666,0.066,90.5,33.544000000000004,0.136,0.0,241014.0,77.0,16.0,0.136,92.75,34.014,0.068,0.0,244072.0,39.0,16.668,0.102,93.44,33.8,0.068,0.0,257380.0,11.0,16.656,0.068,95.262,32.111999999999995,0.066,0.0,244383.0,52.0,16.352,0.1,92.208,33.99,0.068,0.0,257467.0,63.0,16.002,1
0.066,90.5,33.544000000000004,0.136,0.0,241014.0,77.0,16.0,0.136,92.75,34.014,0.068,0.0,244072.0,39.0,16.668,0.102,93.44,33.8,0.068,0.0,257380.0,11.0,16.656,0.068,95.262,32.111999999999995,0.066,0.0,244383.0,52.0,16.352,0.1,92.208,33.99,0.068,0.0,257467.0,63.0,16.002,0.102,93.338,34.824,0.066,0.0,247320.0,8.0,16.668,1
0.136,92.75,34.014,0.068,0.0,244072.0,39.0,16.668,0.102,93.44,33.8,0.068,0.0,257380.0,11.0,16.656,0.068,95.262,32.111999999999995,0.066,0.0,244383.0,52.0,16.352,0.1,92.208,33.99,0.068,0.0,257467.0,63.0,16.002,0.102,93.338,34.824,0.066,0.0,247320.0,8.0,16.668,0.102,94.292,33.708,0.134,0.0,253115.0,87.0,16.0,1
0.102,93.44,33.8,0.068,0.0,257380.0,11.0,16.656,0.068,95.262,32.111999999999995,0.066,0.0,244383.0,52.0,16.352,0.1,92.208,33.99,0.068,0.0,257467.0,63.0,16.002,0.102,93.338,34.824,0.066,0.0,247320.0,8.0,16.668,0.102,94.292,33.708,0.134,0.0,253115.0,87.0,16.0,0.068,94.836,34.624,0.068,0.0,247766.0,72.0,16.002,1
0.068,95.262,32.111999999999995,0.066,0.0,244383.0,52.0,16.352,0.1,92.208,33.99,0.068,0.0,257467.0,63.0,16.002,0.102,93.338,34.824,0.066,0.0,247320.0,8.0,16.668,0.102,94.292,33.708,0.134,0.0,253115.0,87.0,16.0,0.068,94.836,34.624,0.068,0.0,247766.0,72.0,16.002,0.102,94.624,33.888000000000005,0.068,0.0,3236930.0,30.0,17.0,1
0.1,92.208,33.99,0.068,0.0,257467.0,63.0,16.002,0.102,93.338,34.824,0.066,0.0,247320.0,8.0,16.668,0.102,94.292,33.708,0.134,0.0,253115.0,87.0,16.0,0.068,94.836,34.624,0.068,0.0,247766.0,72.0,16.002,0.102,94.624,33.888000000000005,0.068,0.0,3236930.0,30.0,17.0,0.102,93.166,39.994,0.134,0.0,240256.0,7.0,16.336,1
0.102,93.338,34.824,0.066,0.0,247320.0,8.0,16.668,0.102,94.292,33.708,0.134,0.0,253115.0,87.0,16.0,0.068,94.836,34.624,0.068,0.0,247766.0,72.0,16.002,0.102,94.624,33.888000000000005,0.068,0.0,3236930.0,30.0,17.0,0.102,93.166,39.994,0.134,0.0,240256.0,7.0,16.336,0.102,96.376,33.498000000000005,0.066,0.0,3255640.0,9.0,16.666,1
0.102,94.292,33.708,0.134,0.0,253115.0,87.0,16.0,0.068,94.836,34.624,0.068,0.0,247766.0,72.0,16.002,0.102,94.624,33.888000000000005,0.068,0.0,3236930.0,30.0,17.0,0.102,93.166,39.994,0.134,0.0,240256.0,7.0,16.336,0.102,96.376,33.498000000000005,0.066,0.0,3255640.0,9.0,16.666,0.068,93.824,31.54,0.066,0.0,250895.0,16.0,16.0,1
0.068,94.836,34.624,0.068,0.0,247766.0,72.0,16.002,0.102,94.624,33.888000000000005,0.068,0.0,3236930.0,30.0,17.0,0.102,93.166,39.994,0.134,0.0,240256.0,7.0,16.336,0.102,96.376,33.498000000000005,0.066,0.0,3255640.0,9.0,16.666,0.068,93.824,31.54,0.066,0.0,250895.0,16.0,16.0,0.1,95.542,32.79,0.068,0.0,226420.0,8.0,15.998,1
0.102,94.624,33.888000000000005,0.068,0.0,3236930.0,30.0,17.0,0.102,93.166,39.994,0.134,0.0,240256.0,7.0,16.336,0.102,96.376,33.498000000000005,0.066,0.0,3255640.0,9.0,16.666,0.068,93.824,31.54,0.066,0.0,250895.0,16.0,16.0,0.1,95.542,32.79,0.068,0.0,226420.0,8.0,15.998,0.102,94.584,32.982,0.066,0.0,267511.0,12.0,16.334,1
0.102,93.166,39.994,0.134,0.0,240256.0,7.0,16.336,0.102,96.376,33.498000000000005,0.066,0.0,3255640.0,9.0,16.666,0.068,93.824,31.54,0.066,0.0,250895.0,16.0,16.0,0.1,95.542,32.79,0.068,0.0,226420.0,8.0,15.998,0.102,94.584,32.982,0.066,0.0,267511.0,12.0,16.334,0.1,93.24,32.652,0.134,0.0,237518.0,97.0,16.0,1
0.102,96.376,33.498000000000005,0.066,0.0,3255640.0,9.0,16.666,0.068,93.824,31.54,0.066,0.0,250895.0,16.0,16.0,0.1,95.542,32.79,0.068,0.0,226420.0,8.0,15.998,0.102,94.584,32.982,0.066,0.0,267511.0,12.0,16.334,0.1,93.24,32.652,0.134,0.0,237518.0,97.0,16.0,0.068,93.094,35.282,0.066,0.0,249753.0,12.0,16.666,1
0.068,93.824,31.54,0.066,0.0,250895.0,16.0,16.0,0.1,95.542,32.79,0.068,0.0,226420.0,8.0,15.998,0.102,94.584,32.982,0.066,0.0,267511.0,12.0,16.334,0.1,93.24,32.652,0.134,0.0,237518.0,97.0,16.0,0.068,93.094,35.282,0.066,0.0,249753.0,12.0,16.666,0.102,94.458,32.418,0.066,0.0,255457.0,50.0,15.63,1
0.1,95.542,32.79,0.068,0.0,226420.0,8.0,15.998,0.102,94.584,32.982,0.066,0.0,267511.0,12.0,16.334,0.1,93.24,32.652,0.134,0.0,237518.0,97.0,16.0,0.068,93.094,35.282,0.066,0.0,249753.0,12.0,16.666,0.102,94.458,32.418,0.066,0.0,255457.0,50.0,15.63,0.1,92.416,31.76,0.066,0.0,246707.0,8.0,17.392,1
0.102,94.584,32.982,0.066,0.0,267511.0,12.0,16.334,0.1,93.24,32.652,0.134,0.0,237518.0,97.0,16.0,0.068,93.094,35.282,0.066,0.0,249753.0,12.0,16.666,0.102,94.458,32.418,0.066,0.0,255457.0,50.0,15.63,0.1,92.416,31.76,0.066,0.0,246707.0,8.0,17.392,0.102,92.97,34.624,0.066,0.0,238203.0,57.0,17.33,1
0.1,93.24,32.652,0.134,0.0,237518.0,97.0,16.0,0.068,93.094,35.282,0.066,0.0,249753.0,12.0,16.666,0.102,94.458,32.418,0.066,0.0,255457.0,50.0,15.63,0.1,92.416,31.76,0.066,0.0,246707.0,8.0,17.392,0.102,92.97,34.624,0.066,0.0,238203.0,57.0,17.33,0.068,98.078,33.428000000000004,0.066,0.0,266068.0,63.0,16.0,1
0.068,93.094,35.282,0.066,0.0,249753.0,12.0,16.666,0.102,94.458,32.418,0.066,0.0,255457.0,50.0,15.63,0.1,92.416,31.76,0.066,0.0,246707.0,8.0,17.392,0.102,92.97,34.624,0.066,0.0,238203.0,57.0,17.33,0.068,98.078,33.428000000000004,0.066,0.0,266068.0,63.0,16.0,0.1,94.172,33.334,0.134,0.0,3224110.0,9.0,16.668,1
0.102,94.458,32.418,0.066,0.0,255457.0,50.0,15.63,0.1,92.416,31.76,0.066,0.0,246707.0,8.0,17.392,0.102,92.97,34.624,0.066,0.0,238203.0,57.0,17.33,0.068,98.078,33.428000000000004,0.066,0.0,266068.0,63.0,16.0,0.1,94.172,33.334,0.134,0.0,3224110.0,9.0,16.668,0.102,93.006,32.764,0.066,0.0,288656.0,38.0,16.605999999999998,1
0.1,92.416,31.76,0.066,0.0,246707.0,8.0,17.392,0.102,92.97,34.624,0.066,0.0,238203.0,57.0,17.33,0.068,98.078,33.428000000000004,0.066,0.0,266068.0,63.0,16.0,0.1,94.172,33.334,0.134,0.0,3224110.0,9.0,16.668,0.102,93.006,32.764,0.066,0.0,288656.0,38.0,16.605999999999998,0.102,93.956,37.374,0.068,0.0,3221660.0,13.0,16.38,1
0.102,92.97,34.624,0.066,0.0,238203.0,57.0,17.33,0.068,98.078,33.428000000000004,0.066,0.0,266068.0,63.0,16.0,0.1,94.172,33.334,0.134,0.0,3224110.0,9.0,16.668,0.102,93.006,32.764,0.066,0.0,288656.0,38.0,16.605999999999998,0.102,93.956,37.374,0.068,0.0,3221660.0,13.0,16.38,0.066,95.126,31.922,0.2,0.0,252607.0,8.0,17.668,1
0.068,98.078,33.428000000000004,0.066,0.0,266068.0,63.0,16.0,0.1,94.172,33.334,0.134,0.0,3224110.0,9.0,16.668,0.102,93.006,32.764,0.066,0.0,288656.0,38.0,16.605999999999998,0.102,93.956,37.374,0.068,0.0,3221660.0,13.0,16.38,0.066,95.126,31.922,0.2,0.0,252607.0,8.0,17.668,0.1,93.36,31.76,0.066,0.0,240767.0,44.0,15.668,1
0.1,94.172,33.334,0.134,0.0,3224110.0,9.0,16.668,0.102,93.006,32.764,0.066,0.0,288656.0,38.0,16.605999999999998,0.102,93.956,37.374,0.068,0.0,3221660.0,13.0,16.38,0.066,95.126,31.922,0.2,0.0,252607.0,8.0,17.668,0.1,93.36,31.76,0.066,0.0,240767.0,44.0,15.668,0.1,91.708,35.492,0.066,0.0,237554.0,9.0,16.668,1
0.102,93.006,32.764,0.066,0.0,288656.0,38.0,16.605999999999998,0.102,93.956,37.374,0.068,0.0,3221660.0,13.0,16.38,0.066,95.126,31.922,0.2,0.0,252607.0,8.0,17.668,0.1,93.36,31.76,0.066,0.0,240767.0,44.0,15.668,0.1,91.708,35.492,0.066,0.0,237554.0,9.0,16.668,0.068,94.542,35.516,0.132,0.0,260285.0,127.0,15.656,1
0.102,93.956,37.374,0.068,0.0,3221660.0,13.0,16.38,0.066,95.126,31.922,0.2,0.0,252607.0,8.0,17.668,0.1,93.36,31.76,0.066,0.0,240767.0,44.0,15.668,0.1,91.708,35.492,0.066,0.0,237554.0,9.0,16.668,0.068,94.542,35.516,0.132,0.0,260285.0,127.0,15.656,0.1,93.11,34.578,0.066,0.0,238979.0,10.0,16.65,1
0.066,95.126,31.922,0.2,0.0,252607.0,8.0,17.668,0.1,93.36,31.76,0.066,0.0,240767.0,44.0,15.668,0.1,91.708,35.492,0.066,0.0,237554.0,9.0,16.668,0.068,94.542,35.516,0.132,0.0,260285.0,127.0,15.656,0.1,93.11,34.578,0.066,0.0,238979.0,10.0,16.65,0.1,93.916,34.62,0.066,0.0,258649.0,49.0,16.332,1
0.1,93.36,31.76,0.066,0.0,240767.0,44.0,15.668,0.1,91.708,35.492,0.066,0.0,237554.0,9.0,16.668,0.068,94.542,35.516,0.132,0.0,260285.0,127.0,15.656,0.1,93.11,34.578,0.066,0.0,238979.0,10.0,16.65,0.1,93.916,34.62,0.066,0.0,258649.0,49.0,16.332,0.102,93.792,32.096,0.068,0.0,229923.0,34.0,16.666,1
0.1,91.708,35.492,0.066,0.0,237554.0,9.0,16.668,0.068,94.542,35.516,0.132,0.0,260285.0,127.0,15.656,0.1,93.11,34.578,0.066,0.0,238979.0,10.0,16.65,0.1,93.916,34.62,0.066,0.0,258649.0,49.0,16.332,0.102,93.792,32.096,0.068,0.0,229923.0,34.0,16.666,0.066,94.82,32.018,0.068,0.0,253306.0,9.0,15.998,1
0.068,94.542,35.516,0.132,0.0,260285.0,127.0,15.656,0.1,93.11,34.578,0.066,0.0,238979.0,10.0,16.65,0.1,93.916,34.62,0.066,0.0,258649.0,49.0,16.332,0.102,93.792,32.096,0.068,0.0,229923.0,34.0,16.666,0.066,94.82,32.018,0.068,0.0,253306.0,9.0,15.998,0.102,95.654,36.314,0.066,0.0,254196.0,9.0,16.67,1
0.1,93.11,34.578,0.066,0.0,238979.0,10.0,16.65,0.1,93.916,34.62,0.066,0.0,258649.0,49.0,16.332,0.102,93.792,32.096,0.068,0.0,229923.0,34.0,16.666,0.066,94.82,32.018,0.068,0.0,253306.0,9.0,15.998,0.102,95.654,36.314,0.066,0.0,254196.0,9.0,16.67,0.102,94.47,31.478,0.132,0.0,3250310.0,75.0,17.002,1
0.1,93.916,34.62,0.066,0.0,258649.0,49.0,16.332,0.102,93.792,32.096,0.068,0.0,229923.0,34.0,16.666,0.066,94.82,32.018,0.068,0.0,253306.0,9.0,15.998,0.102,95.654,36.314,0.066,0.0,254196.0,9.0,16.67,0.102,94.47,31.478,0.132,0.0,3250310.0,75.0,17.002,0.1,93.772,35.586,0.066,0.0,245628.0,64.0,16.317999999999998,1
0.102,93.792,32.096,0.068,0.0,229923.0,34.0,16.666,0.066,94.82,32.018,0.068,0.0,253306.0,9.0,15.998,0.102,95.654,36.314,0.066,0.0,254196.0,9.0,16.67,0.102,94.47,31.478,0.132,0.0,3250310.0,75.0,17.002,0.1,93.772,35.586,0.066,0.0,245628.0,64.0,16.317999999999998,0.098,95.458,32.8,0.068,0.0,3228560.0,166.0,16.332,1
0.066,94.82,32.018,0.068,0.0,253306.0,9.0,15.998,0.102,95.654,36.314,0.066,0.0,254196.0,9.0,16.67,0.102,94.47,31.478,0.132,0.0,3250310.0,75.0,17.002,0.1,93.772,35.586,0.066,0.0,245628.0,64.0,16.317999999999998,0.098,95.458,32.8,0.068,0.0,3228560.0,166.0,16.332,0.102,94.416,33.95,0.134,0.0,258316.0,51.0,16.334,1
0.102,95.654,36.314,0.066,0.0,254196.0,9.0,16.67,0.102,94.47,31.478,0.132,0.0,3250310.0,75.0,17.002,0.1,93.772,35.586,0.066,0.0,245628.0,64.0,16.317999999999998,0.098,95.458,32.8,0.068,0.0,3228560.0,166.0,16.332,0.102,94.416,33.95,0.134,0.0,258316.0,51.0,16.334,0.1,94.298,35.824,0.066,0.0,238328.0,9.0,17.0,1
0.102,94.47,31.478,0.132,0.0,3250310.0,75.0,17.002,0.1,93.772,35.586,0.066,0.0,245628.0,64.0,16.317999999999998,0.098,95.458,32.8,0.068,0.0,3228560.0,166.0,16.332,0.102,94.416,33.95,0.134,0.0,258316.0,51.0,16.334,0.1,94.298,35.824,0.066,0.0,238328.0,9.0,17.0,0.066,91.842,38.874,0.068,0.0,253330.0,13.0,15.668,1
0.1,93.772,35.586,0.066,0.0,245628.0,64.0,16.317999999999998,0.098,95.458,32.8,0.068,0.0,3228560.0,166.0,16.332,0.102,94.416,33.95,0.134,0.0,258316.0,51.0,16.334,0.1,94.298,35.824,0.066,0.0,238328.0,9.0,17.0,0.066,91.842,38.874,0.068,0.0,253330.0,13.0,15.668,0.1,94.798,36.054,0.068,0.0,238631.0,173.0,17.334,1
0.098,95.458,32.8,0.068,0.0,3228560.0,166.0,16.332,0.102,94.416,33.95,0.134,0.0,258316.0,51.0,16.334,0.1,94.298,35.824,0.066,0.0,238328.0,9.0,17.0,0.066,91.842,38.874,0.068,0.0,253330.0,13.0,15.668,0.1,94.798,36.054,0.068,0.0,238631.0,173.0,17.334,0.102,96.28,33.262,0.066,0.0,250253.0,212.0,16.668,1
0.102,94.416,33.95,0.134,0.0,258316.0,51.0,16.334,0.1,94.298,35.824,0.066,0.0,238328.0,9.0,17.0,0.066,91.842,38.874,0.068,0.0,253330.0,13.0,15.668,0.1,94.798,36.054,0.068,0.0,238631.0,173.0,17.334,0.102,96.28,33.262,0.066,0.0,250253.0,212.0,16.668,0.102,95.042,33.544000000000004,0.068,0.0,240730.0,84.0,16.666,1
0.1,94.298,35.824,0.066,0.0,238328.0,9.0,17.0,0.066,91.842,38.874,0.068,0.0,253330.0,13.0,15.668,0.1,94.798,36.054,0.068,0.0,238631.0,173.0,17.334,0.102,96.28,33.262,0.066,0.0,250253.0,212.0,16.668,0.102,95.042,33.544000000000004,0.068,0.0,240730.0,84.0,16.666,0.068,95.25,33.568000000000005,0.136,0.0,257320.0,20.0,16.002,1
0.066,91.842,38.874,0.068,0.0,253330.0,13.0,15.668,0.1,94.798,36.054,0.068,0.0,238631.0,173.0,17.334,0.102,96.28,33.262,0.066,0.0,250253.0,212.0,16.668,0.102,95.042,33.544000000000004,0.068,0.0,240730.0,84.0,16.666,0.068,95.25,33.568000000000005,0.136,0.0,257320.0,20.0,16.002,0.102,96.376,33.45,0.066,0.0,243771.0,37.0,17.0,1
0.1,94.798,36.054,0.068,0.0,238631.0,173.0,17.334,0.102,96.28,33.262,0.066,0.0,250253.0,212.0,16.668,0.102,95.042,33.544000000000004,0.068,0.0,240730.0,84.0,16.666,0.068,95.25,33.568000000000005,0.136,0.0,257320.0,20.0,16.002,0.102,96.376,33.45,0.066,0.0,243771.0,37.0,17.0,0.102,95.208,34.882,0.066,0.0,275431.0,210.0,15.684,1
0.102,96.28,33.262,0.066,0.0,250253.0,212.0,16.668,0.102,95.042,33.544000000000004,0.068,0.0,240730.0,84.0,16.666,0.068,95.25,33.568000000000005,0.136,0.0,257320.0,20.0,16.002,0.102,96.376,33.45,0.066,0.0,243771.0,37.0,17.0,0.102,95.208,34.882,0.066,0.0,275431.0,210.0,15.684,0.068,93.478,33.474000000000004,0.134,0.0,3241840.0,68.0,17.0,1
0.102,95.042,33.544000000000004,0.068,0.0,240730.0,84.0,16.666,0.068,95.25,33.568000000000005,0.136,0.0,257320.0,20.0,16.002,0.102,96.376,33.45,0.066,0.0,243771.0,37.0,17.0,0.102,95.208,34.882,0.066,0.0,275431.0,210.0,15.684,0.068,93.478,33.474000000000004,0.134,0.0,3241840.0,68.0,17.0,0.1,94.586,36.596,0.066,0.0,252521.0,136.0,16.018,1
0.068,95.25,33.568000000000005,0.136,0.0,257320.0,20.0,16.002,0.102,96.376,33.45,0.066,0.0,243771.0,37.0,17.0,0.102,95.208,34.882,0.066,0.0,275431.0,210.0,15.684,0.068,93.478,33.474000000000004,0.134,0.0,3241840.0,68.0,17.0,0.1,94.586,36.596,0.066,0.0,252521.0,136.0,16.018,0.102,93.622,33.001999999999995,0.066,0.0,3247290.0,196.0,16.666,1
0.102,96.376,33.45,0.066,0.0,243771.0,37.0,17.0,0.102,95.208,34.882,0.066,0.0,275431.0,210.0,15.684,0.068,93.478,33.474000000000004,0.134,0.0,3241840.0,68.0,17.0,0.1,94.586,36.596,0.066,0.0,252521.0,136.0,16.018,0.102,93.622,33.001999999999995,0.066,0.0,3247290.0,196.0,16.666,0.102,93.834,32.582,0.066,0.0,230172.0,12.0,16.0,0
0.102,95.208,34.882,0.066,0.0,275431.0,210.0,15.684,0.068,93.478,33.474000000000004,0.134,0.0,3241840.0,68.0,17.0,0.1,94.586,36.596,0.066,0.0,252521.0,136.0,16.018,0.102,93.622,33.001999999999995,0.066,0.0,3247290.0,196.0,16.666,0.102,93.834,32.582,0.066,0.0,230172.0,12.0,16.0,0.068,94.834,37.6,0.066,0.0,257449.0,24.0,17.046,0
0.068,93.478,33.474000000000004,0.134,0.0,3241840.0,68.0,17.0,0.1,94.586,36.596,0.066,0.0,252521.0,136.0,16.018,0.102,93.622,33.001999999999995,0.066,0.0,3247290.0,196.0,16.666,0.102,93.834,32.582,0.066,0.0,230172.0,12.0,16.0,0.068,94.834,37.6,0.066,0.0,257449.0,24.0,17.046,0.1,93.652,33.438,0.066,0.0,247812.0,69.0,15.958,0
0.1,94.586,36.596,0.066,0.0,252521.0,136.0,16.018,0.102,93.622,33.001999999999995,0.066,0.0,3247290.0,196.0,16.666,0.102,93.834,32.582,0.066,0.0,230172.0,12.0,16.0,0.068,94.834,37.6,0.066,0.0,257449.0,24.0,17.046,0.1,93.652,33.438,0.066,0.0,247812.0,69.0,15.958,0.1,93.762,33.292,0.134,0.0,259260.0,21.0,16.31,0
0.102,93.622,33.001999999999995,0.066,0.0,3247290.0,196.0,16.666,0.102,93.834,32.582,0.066,0.0,230172.0,12.0,16.0,0.068,94.834,37.6,0.066,0.0,257449.0,24.0,17.046,0.1,93.652,33.438,0.066,0.0,247812.0,69.0,15.958,0.1,93.762,33.292,0.134,0.0,259260.0,21.0,16.31,0.066,92.762,35.942,0.066,0.0,241602.0,10.0,17.0,0
0.102,93.834,32.582,0.066,0.0,230172.0,12.0,16.0,0.068,94.834,37.6,0.066,0.0,257449.0,24.0,17.046,0.1,93.652,33.438,0.066,0.0,247812.0,69.0,15.958,0.1,93.762,33.292,0.134,0.0,259260.0,21.0,16.31,0.066,92.762,35.942,0.066,0.0,241602.0,10.0,17.0,0.1,94.584,33.484,0.068,0.0,250854.0,16.0,17.0,0
0.068,94.834,37.6,0.066,0.0,257449.0,24.0,17.046,0.1,93.652,33.438,0.066,0.0,247812.0,69.0,15.958,0.1,93.762,33.292,0.134,0.0,259260.0,21.0,16.31,0.066,92.762,35.942,0.066,0.0,241602.0,10.0,17.0,0.1,94.584,33.484,0.068,0.0,250854.0,16.0,17.0,0.102,92.792,33.004,0.068,0.0,241955.0,131.0,16.0,0
0.1,93.652,33.438,0.066,0.0,247812.0,69.0,15.958,0.1,93.762,33.292,0.134,0.0,259260.0,21.0,16.31,0.066,92.762,35.942,0.066,0.0,241602.0,10.0,17.0,0.1,94.584,33.484,0.068,0.0,250854.0,16.0,17.0,0.102,92.792,33.004,0.068,0.0,241955.0,131.0,16.0,0.068,94.084,33.514,0.066,0.0,261971.0,12.0,17.384,0
0.1,93.762,33.292,0.134,0.0,259260.0,21.0,16.31,0.066,92.762,35.942,0.066,0.0,241602.0,10.0,17.0,0.1,94.584,33.484,0.068,0.0,250854.0,16.0,17.0,0.102,92.792,33.004,0.068,0.0,241955.0,131.0,16.0,0.068,94.084,33.514,0.066,0.0,261971.0,12.0,17.384,0.102,92.766,35.306,0.134,0.0,256386.0,11.0,16.288,0
0.066,92.762,35.942,0.066,0.0,241602.0,10.0,17.0,0.1,94.584,33.484,0.068,0.0,250854.0,16.0,17.0,0.102,92.792,33.004,0.068,0.0,241955.0,131.0,16.0,0.068,94.084,33.514,0.066,0.0,261971.0,12.0,17.384,0.102,92.766,35.306,0.134,0.0,256386.0,11.0,16.288,0.1,94.916,34.32,0.066,0.0,3231220.0,21.0,16.666,0
0.1,94.584,33.484,0.068,0.0,250854.0,16.0,17.0,0.102,92.792,33.004,0.068,0.0,241955.0,131.0,16.0,0.068,94.084,33.514,0.066,0.0,261971.0,12.0,17.384,0.102,92.766,35.306,0.134,0.0,256386.0,11.0,16.288,0.1,94.916,34.32,0.066,0.0,3231220.0,21.0,16.666,0.1,93.8,34.766,0.068,0.0,273132.0,179.0,16.334,0
0.102,92.792,33.004,0.068,0.0,241955.0,131.0,16.0,0.068,94.084,33.514,0.066,0.0,261971.0,12.0,17.384,0.102,92.766,35.306,0.134,0.0,256386.0,11.0,16.288,0.1,94.916,34.32,0.066,0.0,3231220.0,21.0,16.666,0.1,93.8,34.766,0.068,0.0,273132.0,179.0,16.334,0.068,93.124,33.076,0.066,0.0,3242380.0,37.0,17.0,0
0.068,94.084,33.514,0.066,0.0,261971.0,12.0,17.384,0.102,92.766,35.306,0.134,0.0,256386.0,11.0,16.288,0.1,94.916,34.32,0.066,0.0,3231220.0,21.0,16.666,0.1,93.8,34.766,0.068,0.0,273132.0,179.0,16.334,0.068,93.124,33.076,0.066,0.0,3242380.0,37.0,17.0,0.1,93.208,34.282,0.132,0.0,257765.0,8.0,16.002,0
0.102,92.766,35.306,0.134,0.0,256386.0,11.0,16.288,0.1,94.916,34.32,0.066,0.0,3231220.0,21.0,16.666,0.1,93.8,34.766,0.068,0.0,273132.0,179.0,16.334,0.068,93.124,33.076,0.066,0.0,3242380.0,37.0,17.0,0.1,93.208,34.282,0.132,0.0,257765.0,8.0,16.002,0.102,94.624,33.592,0.068,0.0,253928.0,26.0,17.0,0
0.1,94.916,34.32,0.066,0.0,3231220.0,21.0,16.666,0.1,93.8,34.766,0.068,0.0,273132.0,179.0,16.334,0.068,93.124,33.076,0.066,0.0,3242380.0,37.0,17.0,0.1,93.208,34.282,0.132,0.0,257765.0,8.0,16.002,0.102,94.624,33.592,0.068,0.0,253928.0,26.0,17.0,0.1,97.166,32.276,0.066,0.0,271604.0,50.0,16.334,0
0.1,93.8,34.766,0.068,0.0,273132.0,179.0,16.334,0.068,93.124,33.076,0.066,0.0,3242380.0,37.0,17.0,0.1,93.208,34.282,0.132,0.0,257765.0,8.0,16.002,0.102,94.624,33.592,0.068,0.0,253928.0,26.0,17.0,0.1,97.166,32.276,0.066,0.0,271604.0,50.0,16.334,0.068,96.208,38.852,0.068,0.0,246087.0,64.0,17.668,0
0.068,93.124,33.076,0.066,0.0,3242380.0,37.0,17.0,0.1,93.208,34.282,0.132,0.0,257765.0,8.0,16.002,0.102,94.624,33.592,0.068,0.0,253928.0,26.0,17.0,0.1,97.166,32.276,0.066,0.0,271604.0,50.0,16.334,0.068,96.208,38.852,0.068,0.0,246087.0,64.0,17.668,0.1,93.562,32.882,0.066,0.0,268441.0,12.0,16.724,0
0.1,93.208,34.282,0.132,0.0,257765.0,8.0,16.002,0.102,94.624,33.592,0.068,0.0,253928.0,26.0,17.0,0.1,97.166,32.276,0.066,0.0,271604.0,50.0,16.334,0.068,96.208,38.852,0.068,0.0,246087.0,64.0,17.668,0.1,93.562,32.882,0.066,0.0,268441.0,12.0,16.724,0.102,93.34,33.216,0.132,0.0,245622.0,121.0,15.954,0
0.102,94.624,33.592,0.068,0.0,253928.0,26.0,17.0,0.1,97.166,32.276,0.066,0.0,271604.0,50.0,16.334,0.068,96.208,38.852,0.068,0.0,246087.0,64.0,17.668,0.1,93.562,32.882,0.066,0.0,268441.0,12.0,16.724,0.102,93.34,33.216,0.132,0.0,245622.0,121.0,15.954,0.1,94.192,34.234,0.068,0.0,262116.0,39.0,17.0,0
0.1,97.166,32.276,0.066,0.0,271604.0,50.0,16.334,0.068,96.208,38.852,0.068,0.0,246087.0,64.0,17.668,0.1,93.562,32.882,0.066,0.0,268441.0,12.0,16.724,0.102,93.34,33.216,0.132,0.0,245622.0,121.0,15.954,0.1,94.192,34.234,0.068,0.0,262116.0,39.0,17.0,0.068,95.042,32.582,0.068,0.0,230303.0,133.0,16.666,0
0.068,96.208,38.852,0.068,0.0,246087.0,64.0,17.668,0.1,93.562,32.882,0.066,0.0,268441.0,12.0,16.724,0.102,93.34,33.216,0.132,0.0,245622.0,121.0,15.954,0.1,94.192,34.234,0.068,0.0,262116.0,39.0,17.0,0.068,95.042,32.582,0.068,0.0,230303.0,133.0,16.666,0.1,93.834,35.282,0.068,0.0,245845.0,200.0,15.666,0
0.1,93.562,32.882,0.066,0.0,268441.0,12.0,16.724,0.102,93.34,33.216,0.132,0.0,245622.0,121.0,15.954,0.1,94.192,34.234,0.068,0.0,262116.0,39.0,17.0,0.068,95.042,32.582,0.068,0.0,230303.0,133.0,16.666,0.1,93.834,35.282,0.068,0.0,245845.0,200.0,15.666,0.1,95.374,36.948,0.134,0.0,3252220.0,133.0,17.332,0
0.102,93.34,33.216,0.132,0.0,245622.0,121.0,15.954,0.1,94.192,34.234,0.068,0.0,262116.0,39.0,17.0,0.068,95.042,32.582,0.068,0.0,230303.0,133.0,16.666,0.1,93.834,35.282,0.068,0.0,245845.0,200.0,15.666,0.1,95.374,36.948,0.134,0.0,3252220.0,133.0,17.332,0.1,95.872,31.472,0.068,0.0,242016.0,151.0,16.668,0
0.1,94.192,34.234,0.068,0.0,262116.0,39.0,17.0,0.068,95.042,32.582,0.068,0.0,230303.0,133.0,16.666,0.1,93.834,35.282,0.068,0.0,245845.0,200.0,15.666,0.1,95.374,36.948,0.134,0.0,3252220.0,133.0,17.332,0.1,95.872,31.472,0.068,0.0,242016.0,151.0,16.668,0.1,97.166,33.614000000000004,0.068,0.0,3261850.0,29.0,16.7,0
0.068,95.042,32.582,0.068,0.0,230303.0,133.0,16.666,0.1,93.834,35.282,0.068,0.0,245845.0,200.0,15.666,0.1,95.374,36.948,0.134,0.0,3252220.0,133.0,17.332,0.1,95.872,31.472,0.068,0.0,242016.0,151.0,16.668,0.1,97.166,33.614000000000004,0.068,0.0,3261850.0,29.0,16.7,0.068,93.822,34.4,0.066,0.0,255013.0,203.0,17.332,0
0.1,93.834,35.282,0.068,0.0,245845.0,200.0,15.666,0.1,95.374,36.948,0.134,0.0,3252220.0,133.0,17.332,0.1,95.872,31.472,0.068,0.0,242016.0,151.0,16.668,0.1,97.166,33.614000000000004,0.068,0.0,3261850.0,29.0,16.7,0.068,93.822,34.4,0.066,0.0,255013.0,203.0,17.332,0.102,94.992,35.008,0.066,0.0,252346.0,99.0,16.0,0
0.1,95.374,36.948,0.134,0.0,3252220.0,133.0,17.332,0.1,95.872,31.472,0.068,0.0,242016.0,151.0,16.668,0.1,97.166,33.614000000000004,0.068,0.0,3261850.0,29.0,16.7,0.068,93.822,34.4,0.066,0.0,255013.0,203.0,17.332,0.102,94.992,35.008,0.066,0.0,252346.0,99.0,16.0,0.1,93.542,33.07,0.136,0.0,248963.0,18.0,17.334,0
0.1,95.872,31.472,0.068,0.0,242016.0,151.0,16.668,0.1,97.166,33.614000000000004,0.068,0.0,3261850.0,29.0,16.7,0.068,93.822,34.4,0.066,0.0,255013.0,203.0,17.332,0.102,94.992,35.008,0.066,0.0,252346.0,99.0,16.0,0.1,93.542,33.07,0.136,0.0,248963.0,18.0,17.334,0.068,96.48,35.116,0.066,0.0,260418.0,66.0,17.044,0
0.1,97.166,33.614000000000004,0.068,0.0,3261850.0,29.0,16.7,0.068,93.822,34.4,0.066,0.0,255013.0,203.0,17.332,0.102,94.992,35.008,0.066,0.0,252346.0,99.0,16.0,0.1,93.542,33.07,0.136,0.0,248963.0,18.0,17.334,0.068,96.48,35.116,0.066,0.0,260418.0,66.0,17.044,0.102,94.542,34.452,0.066,0.0,243351.0,40.0,16.724,0
0.068,93.822,34.4,0.066,0.0,255013.0,203.0,17.332,0.102,94.992,35.008,0.066,0.0,252346.0,99.0,16.0,0.1,93.542,33.07,0.136,0.0,248963.0,18.0,17.334,0.068,96.48,35.116,0.066,0.0,260418.0,66.0,17.044,0.102,94.542,34.452,0.066,0.0,243351.0,40.0,16.724,0.1,94.462,31.39,0.066,0.0,271355.0,82.0,16.29,0
0.102,94.992,35.008,0.066,0.0,252346.0,99.0,16.0,0.1,93.542,33.07,0.136,0.0,248963.0,18.0,17.334,0.068,96.48,35.116,0.066,0.0,260418.0,66.0,17.044,0.102,94.542,34.452,0.066,0.0,243351.0,40.0,16.724,0.1,94.462,31.39,0.066,0.0,271355.0,82.0,16.29,0.102,94.828,33.512,0.066,0.0,251294.0,9.0,17.0,0
0.1,93.542,33.07,0.136,0.0,248963.0,18.0,17.334,0.068,96.48,35.116,0.066,0.0,260418.0,66.0,17.044,0.102,94.542,34.452,0.066,0.0,243351.0,40.0,16.724,0.1,94.462,31.39,0.066,0.0,271355.0,82.0,16.29,0.102,94.828,33.512,0.066,0.0,251294.0,9.0,17.0,0.068,94.958,33.47,0.066,0.0,226718.0,66.0,16.052,0
0.068,96.48,35.116,0.066,0.0,260418.0,66.0,17.044,0.102,94.542,34.452,0.066,0.0,243351.0,40.0,16.724,0.1,94.462,31.39,0.066,0.0,271355.0,82.0,16.29,0.102,94.828,33.512,0.066,0.0,251294.0,9.0,17.0,0.068,94.958,33.47,0.066,0.0,226718.0,66.0,16.052,0.1,95.834,37.746,0.134,0.0,268437.0,11.0,17.0,0
0.102,94.542,34.452,0.066,0.0,243351.0,40.0,16.724,0.1,94.462,31.39,0.066,0.0,271355.0,82.0,16.29,0.102,94.828,33.512,0.066,0.0,251294.0,9.0,17.0,0.068,94.958,33.47,0.066,0.0,226718.0,66.0,16.052,0.1,95.834,37.746,0.134,0.0,268437.0,11.0,17.0,0.1,96.626,31.69,0.066,0.0,3233020.0,87.0,17.0,0
0.1,94.462,31.39,0.066,0.0,271355.0,82.0,16.29,0.102,94.828,33.512,0.066,0.0,251294.0,9.0,17.0,0.068,94.958,33.47,0.066,0.0,226718.0,66.0,16.052,0.1,95.834,37.746,0.134,0.0,268437.0,11.0,17.0,0.1,96.626,31.69,0.066,0.0,3233020.0,87.0,17.0,0.102,95.334,33.67,0.066,0.0,256032.0,57.0,16.317999999999998,0
0.102,94.828,33.512,0.066,0.0,251294.0,9.0,17.0,0.068,94.958,33.47,0.066,0.0,226718.0,66.0,16.052,0.1,95.834,37.746,0.134,0.0,268437.0,11.0,17.0,0.1,96.626,31.69,0.066,0.0,3233020.0,87.0,17.0,0.102,95.334,33.67,0.066,0.0,256032.0,57.0,16.317999999999998,0.066,94.584,36.208,0.134,0.0,3255440.0,12.0,16.998,0
0.068,94.958,33.47,0.066,0.0,226718.0,66.0,16.052,0.1,95.834,37.746,0.134,0.0,268437.0,11.0,17.0,0.1,96.626,31.69,0.066,0.0,3233020.0,87.0,17.0,0.102,95.334,33.67,0.066,0.0,256032.0,57.0,16.317999999999998,0.066,94.584,36.208,0.134,0.0,3255440.0,12.0,16.998,0.1,92.63,32.042,0.066,0.0,260018.0,60.0,16.998,0
0.1,95.834,37.746,0.134,0.0,268437.0,11.0,17.0,0.1,96.626,31.69,0.066,0.0,3233020.0,87.0,17.0,0.102,95.334,33.67,0.066,0.0,256032.0,57.0,16.317999999999998,0.066,94.584,36.208,0.134,0.0,3255440.0,12.0,16.998,0.1,92.63,32.042,0.066,0.0,260018.0,60.0,16.998,0.1,97.558,37.298,0.066,0.0,239642.0,63.0,17.002,0
0.1,96.626,31.69,0.066,0.0,3233020.0,87.0,17.0,0.102,95.334,33.67,0.066,0.0,256032.0,57.0,16.317999999999998,0.066,94.584,36.208,0.134,0.0,3255440.0,12.0,16.998,0.1,92.63,32.042,0.066,0.0,260018.0,60.0,16.998,0.1,97.558,37.298,0.066,0.0,239642.0,63.0,17.002,0.102,96.294,30.32800000000001,0.066,0.0,262088.0,124.0,16.0,0
0.102,95.334,33.67,0.066,0.0,256032.0,57.0,16.317999999999998,0.066,94.584,36.208,0.134,0.0,3255440.0,12.0,16.998,0.1,92.63,32.042,0.066,0.0,260018.0,60.0,16.998,0.1,97.558,37.298,0.066,0.0,239642.0,63.0,17.002,0.102,96.294,30.32800000000001,0.066,0.0,262088.0,124.0,16.0,0.068,94.916,35.846,0.068,0.0,251806.0,103.0,16.378,0
0.066,94.584,36.208,0.134,0.0,3255440.0,12.0,16.998,0.1,92.63,32.042,0.066,0.0,260018.0,60.0,16.998,0.1,97.558,37.298,0.066,0.0,239642.0,63.0,17.002,0.102,96.294,30.32800000000001,0.066,0.0,262088.0,124.0,16.0,0.068,94.916,35.846,0.068,0.0,251806.0,103.0,16.378,0.1,94.458,37.566,0.132,0.0,248498.0,72.0,16.622,0
0.1,92.63,32.042,0.066,0.0,260018.0,60.0,16.998,0.1,97.558,37.298,0.066,0.0,239642.0,63.0,17.002,0.102,96.294,30.32800000000001,0.066,0.0,262088.0,124.0,16.0,0.068,94.916,35.846,0.068,0.0,251806.0,103.0,16.378,0.1,94.458,37.566,0.132,0.0,248498.0,72.0,16.622,0.1,93.936,33.04,0.068,0.0,255248.0,188.0,15.634,0
0.1,97.558,37.298,0.066,0.0,239642.0,63.0,17.002,0.102,96.294,30.32800000000001,0.066,0.0,262088.0,124.0,16.0,0.068,94.916,35.846,0.068,0.0,251806.0,103.0,16.378,0.1,94.458,37.566,0.132,0.0,248498.0,72.0,16.622,0.1,93.936,33.04,0.068,0.0,255248.0,188.0,15.634,0.1,95.126,34.642,0.066,0.0,248198.0,113.0,16.684,0
0.102,96.294,30.32800000000001,0.066,0.0,262088.0,124.0,16.0,0.068,94.916,35.846,0.068,0.0,251806.0,103.0,16.378,0.1,94.458,37.566,0.132,0.0,248498.0,72.0,16.622,0.1,93.936,33.04,0.068,0.0,255248.0,188.0,15.634,0.1,95.126,34.642,0.066,0.0,248198.0,113.0,16.684,0.068,95.5,32.124,0.066,0.0,250553.0,85.0,16.0,0
0.068,94.916,35.846,0.068,0.0,251806.0,103.0,16.378,0.1,94.458,37.566,0.132,0.0,248498.0,72.0,16.622,0.1,93.936,33.04,0.068,0.0,255248.0,188.0,15.634,0.1,95.126,34.642,0.066,0.0,248198.0,113.0,16.684,0.068,95.5,32.124,0.066,0.0,250553.0,85.0,16.0,0.1,94.692,35.352,0.066,0.0,245044.0,57.0,15.984000000000002,0
0.1,94.458,37.566,0.132,0.0,248498.0,72.0,16.622,0.1,93.936,33.04,0.068,0.0,255248.0,188.0,15.634,0.1,95.126,34.642,0.066,0.0,248198.0,113.0,16.684,0.068,95.5,32.124,0.066,0.0,250553.0,85.0,16.0,0.1,94.692,35.352,0.066,0.0,245044.0,57.0,15.984000000000002,0.102,95.086,34.536,0.134,0.0,3257440.0,70.0,17.038,0
0.1,93.936,33.04,0.068,0.0,255248.0,188.0,15.634,0.1,95.126,34.642,0.066,0.0,248198.0,113.0,16.684,0.068,95.5,32.124,0.066,0.0,250553.0,85.0,16.0,0.1,94.692,35.352,0.066,0.0,245044.0,57.0,15.984000000000002,0.102,95.086,34.536,0.134,0.0,3257440.0,70.0,17.038,0.102,94.542,32.464,0.068,0.0,252943.0,9.0,16.332,0
0.1,95.126,34.642,0.066,0.0,248198.0,113.0,16.684,0.068,95.5,32.124,0.066,0.0,250553.0,85.0,16.0,0.1,94.692,35.352,0.066,0.0,245044.0,57.0,15.984000000000002,0.102,95.086,34.536,0.134,0.0,3257440.0,70.0,17.038,0.102,94.542,32.464,0.068,0.0,252943.0,9.0,16.332,0.068,95.626,37.348,0.066,0.0,3245980.0,17.0,15.668,0
0.068,95.5,32.124,0.066,0.0,250553.0,85.0,16.0,0.1,94.692,35.352,0.066,0.0,245044.0,57.0,15.984000000000002,0.102,95.086,34.536,0.134,0.0,3257440.0,70.0,17.038,0.102,94.542,32.464,0.068,0.0,252943.0,9.0,16.332,0.068,95.626,37.348,0.066,0.0,3245980.0,17.0,15.668,0.1,94.084,31.384,0.068,0.0,233187.0,94.0,17.002,0
0.1,94.692,35.352,0.066,0.0,245044.0,57.0,15.984000000000002,0.102,95.086,34.536,0.134,0.0,3257440.0,70.0,17.038,0.102,94.542,32.464,0.068,0.0,252943.0,9.0,16.332,0.068,95.626,37.348,0.066,0.0,3245980.0,17.0,15.668,0.1,94.084,31.384,0.068,0.0,233187.0,94.0,17.002,0.1,97.584,34.718,0.132,0.0,255574.0,10.0,15.668,0
0.102,95.086,34.536,0.134,0.0,3257440.0,70.0,17.038,0.102,94.542,32.464,0.068,0.0,252943.0,9.0,16.332,0.068,95.626,37.348,0.066,0.0,3245980.0,17.0,15.668,0.1,94.084,31.384,0.068,0.0,233187.0,94.0,17.002,0.1,97.584,34.718,0.132,0.0,255574.0,10.0,15.668,1.082,94.308,34.342,0.066,10649.6,256643.0,41.0,16.334,0
0.102,94.542,32.464,0.068,0.0,252943.0,9.0,16.332,0.068,95.626,37.348,0.066,0.0,3245980.0,17.0,15.668,0.1,94.084,31.384,0.068,0.0,233187.0,94.0,17.002,0.1,97.584,34.718,0.132,0.0,255574.0,10.0,15.668,1.082,94.308,34.342,0.066,10649.6,256643.0,41.0,16.334,6.666,93.92,35.164,0.066,1374620.0,247717.0,47.0,16.332,0
0.068,95.626,37.348,0.066,0.0,3245980.0,17.0,15.668,0.1,94.084,31.384,0.068,0.0,233187.0,94.0,17.002,0.1,97.584,34.718,0.132,0.0,255574.0,10.0,15.668,1.082,94.308,34.342,0.066,10649.6,256643.0,41.0,16.334,6.666,93.92,35.164,0.066,1374620.0,247717.0,47.0,16.332,0.068,94.134,35.328,0.066,0.0,244907.0,175.0,16.334,0
0.1,94.084,31.384,0.068,0.0,233187.0,94.0,17.002,0.1,97.584,34.718,0.132,0.0,255574.0,10.0,15.668,1.082,94.308,34.342,0.066,10649.6,256643.0,41.0,16.334,6.666,93.92,35.164,0.066,1374620.0,247717.0,47.0,16.332,0.068,94.134,35.328,0.066,0.0,244907.0,175.0,16.334,0.102,93.672,34.86,0.066,0.0,247128.0,77.0,16.977999999999998,0
0.1,97.584,34.718,0.132,0.0,255574.0,10.0,15.668,1.082,94.308,34.342,0.066,10649.6,256643.0,41.0,16.334,6.666,93.92,35.164,0.066,1374620.0,247717.0,47.0,16.332,0.068,94.134,35.328,0.066,0.0,244907.0,175.0,16.334,0.102,93.672,34.86,0.066,0.0,247128.0,77.0,16.977999999999998,0.1,95.278,37.288,0.066,0.0,247600.0,11.0,16.666,0
1.082,94.308,34.342,0.066,10649.6,256643.0,41.0,16.334,6.666,93.92,35.164,0.066,1374620.0,247717.0,47.0,16.332,0.068,94.134,35.328,0.066,0.0,244907.0,175.0,16.334,0.102,93.672,34.86,0.066,0.0,247128.0,77.0,16.977999999999998,0.1,95.278,37.288,0.066,0.0,247600.0,11.0,16.666,0.1,95.102,31.072,0.134,0.0,248156.0,77.0,16.0,0
6.666,93.92,35.164,0.066,1374620.0,247717.0,47.0,16.332,0.068,94.134,35.328,0.066,0.0,244907.0,175.0,16.334,0.102,93.672,34.86,0.066,0.0,247128.0,77.0,16.977999999999998,0.1,95.278,37.288,0.066,0.0,247600.0,11.0,16.666,0.1,95.102,31.072,0.134,0.0,248156.0,77.0,16.0,0.068,93.916,36.032,0.066,0.0,265150.0,23.0,16.055999999999994,0
0.068,94.134,35.328,0.066,0.0,244907.0,175.0,16.334,0.102,93.672,34.86,0.066,0.0,247128.0,77.0,16.977999999999998,0.1,95.278,37.288,0.066,0.0,247600.0,11.0,16.666,0.1,95.102,31.072,0.134,0.0,248156.0,77.0,16.0,0.068,93.916,36.032,0.066,0.0,265150.0,23.0,16.055999999999994,0.6679999999999999,94.606,33.394,0.066,11468.8,3233210.0,8.0,16.29,0
0.102,93.672,34.86,0.066,0.0,247128.0,77.0,16.977999999999998,0.1,95.278,37.288,0.066,0.0,247600.0,11.0,16.666,0.1,95.102,31.072,0.134,0.0,248156.0,77.0,16.0,0.068,93.916,36.032,0.066,0.0,265150.0,23.0,16.055999999999994,0.6679999999999999,94.606,33.394,0.066,11468.8,3233210.0,8.0,16.29,7.5,94.168,33.004,0.066,1179650.0,265336.0,14.0,16.666,0
0.1,95.278,37.288,0.066,0.0,247600.0,11.0,16.666,0.1,95.102,31.072,0.134,0.0,248156.0,77.0,16.0,0.068,93.916,36.032,0.066,0.0,265150.0,23.0,16.055999999999994,0.6679999999999999,94.606,33.394,0.066,11468.8,3233210.0,8.0,16.29,7.5,94.168,33.004,0.066,1179650.0,265336.0,14.0,16.666,0.1,95.75,35.418,0.132,0.0,3230190.0,76.0,15.334,0
0.1,95.102,31.072,0.134,0.0,248156.0,77.0,16.0,0.068,93.916,36.032,0.066,0.0,265150.0,23.0,16.055999999999994,0.6679999999999999,94.606,33.394,0.066,11468.8,3233210.0,8.0,16.29,7.5,94.168,33.004,0.066,1179650.0,265336.0,14.0,16.666,0.1,95.75,35.418,0.132,0.0,3230190.0,76.0,15.334,8.22,94.678,35.47,0.066,1173090.0,252375.0,104.0,16.68,0
0.068,93.916,36.032,0.066,0.0,265150.0,23.0,16.055999999999994,0.6679999999999999,94.606,33.394,0.066,11468.8,3233210.0,8.0,16.29,7.5,94.168,33.004,0.066,1179650.0,265336.0,14.0,16.666,0.1,95.75,35.418,0.132,0.0,3230190.0,76.0,15.334,8.22,94.678,35.47,0.066,1173090.0,252375.0,104.0,16.68,0.102,95.166,31.056,0.066,0.0,243211.0,100.0,16.336,0
0.6679999999999999,94.606,33.394,0.066,11468.8,3233210.0,8.0,16.29,7.5,94.168,33.004,0.066,1179650.0,265336.0,14.0,16.666,0.1,95.75,35.418,0.132,0.0,3230190.0,76.0,15.334,8.22,94.678,35.47,0.066,1173090.0,252375.0,104.0,16.68,0.102,95.166,31.056,0.066,0.0,243211.0,100.0,16.336,41.048,95.18,33.098,0.066,8907160.0,251390.0,98.0,17.352,0
7.5,94.168,33.004,0.066,1179650.0,265336.0,14.0,16.666,0.1,95.75,35.418,0.132,0.0,3230190.0,76.0,15.334,8.22,94.678,35.47,0.066,1173090.0,252375.0,104.0,16.68,0.102,95.166,31.056,0.066,0.0,243211.0,100.0,16.336,41.048,95.18,33.098,0.066,8907160.0,251390.0,98.0,17.352,97.27,94.376,33.31,0.068,106147000.0,245563.0,15.0,16.666,0
0.1,95.75,35.418,0.132,0.0,3230190.0,76.0,15.334,8.22,94.678,35.47,0.066,1173090.0,252375.0,104.0,16.68,0.102,95.166,31.056,0.066,0.0,243211.0,100.0,16.336,41.048,95.18,33.098,0.066,8907160.0,251390.0,98.0,17.352,97.27,94.376,33.31,0.068,106147000.0,245563.0,15.0,16.666,83.47399999999998,92.958,33.248000000000005,0.066,46968800.0,228244.0,64.0,16.334,0
8.22,94.678,35.47,0.066,1173090.0,252375.0,104.0,16.68,0.102,95.166,31.056,0.066,0.0,243211.0,100.0,16.336,41.048,95.18,33.098,0.066,8907160.0,251390.0,98.0,17.352,97.27,94.376,33.31,0.068,106147000.0,245563.0,15.0,16.666,83.47399999999998,92.958,33.248000000000005,0.066,46968800.0,228244.0,64.0,16.334,76.666,95.084,35.962,0.132,657946000.0,254345.0,90.0,15.99,0
0.102,95.166,31.056,0.066,0.0,243211.0,100.0,16.336,41.048,95.18,33.098,0.066,8907160.0,251390.0,98.0,17.352,97.27,94.376,33.31,0.068,106147000.0,245563.0,15.0,16.666,83.47399999999998,92.958,33.248000000000005,0.066,46968800.0,228244.0,64.0,16.334,76.666,95.084,35.962,0.132,657946000.0,254345.0,90.0,15.99,99.534,95.126,32.744,0.066,1476200.0,240311.0,54.0,16.334,0
41.048,95.18,33.098,0.066,8907160.0,251390.0,98.0,17.352,97.27,94.376,33.31,0.068,106147000.0,245563.0,15.0,16.666,83.47399999999998,92.958,33.248000000000005,0.066,46968800.0,228244.0,64.0,16.334,76.666,95.084,35.962,0.132,657946000.0,254345.0,90.0,15.99,99.534,95.126,32.744,0.066,1476200.0,240311.0,54.0,16.334,99.704,93.96,31.528,0.068,0.0,259417.0,73.0,15.998,0
97.27,94.376,33.31,0.068,106147000.0,245563.0,15.0,16.666,83.47399999999998,92.958,33.248000000000005,0.066,46968800.0,228244.0,64.0,16.334,76.666,95.084,35.962,0.132,657946000.0,254345.0,90.0,15.99,99.534,95.126,32.744,0.066,1476200.0,240311.0,54.0,16.334,99.704,93.96,31.528,0.068,0.0,259417.0,73.0,15.998,74.34,93.584,34.624,0.066,122100000.0,249510.0,116.0,16.674,0
83.47399999999998,92.958,33.248000000000005,0.066,46968800.0,228244.0,64.0,16.334,76.666,95.084,35.962,0.132,657946000.0,254345.0,90.0,15.99,99.534,95.126,32.744,0.066,1476200.0,240311.0,54.0,16.334,99.704,93.96,31.528,0.068,0.0,259417.0,73.0,15.998,74.34,93.584,34.624,0.066,122100000.0,249510.0,116.0,16.674,2.6260000000000003,94.156,34.788000000000004,0.132,22937.6,3237050.0,57.0,16.285999999999998,0
76.666,95.084,35.962,0.132,657946000.0,254345.0,90.0,15.99,99.534,95.126,32.744,0.066,1476200.0,240311.0,54.0,16.334,99.704,93.96,31.528,0.068,0.0,259417.0,73.0,15.998,74.34,93.584,34.624,0.066,122100000.0,249510.0,116.0,16.674,2.6260000000000003,94.156,34.788000000000004,0.132,22937.6,3237050.0,57.0,16.285999999999998,0.098,93.99,35.004,0.066,0.0,3254990.0,146.0,16.0,0
99.534,95.126,32.744,0.066,1476200.0,240311.0,54.0,16.334,99.704,93.96,31.528,0.068,0.0,259417.0,73.0,15.998,74.34,93.584,34.624,0.066,122100000.0,249510.0,116.0,16.674,2.6260000000000003,94.156,34.788000000000004,0.132,22937.6,3237050.0,57.0,16.285999999999998,0.098,93.99,35.004,0.066,0.0,3254990.0,146.0,16.0,0.102,93.274,34.52,0.068,0.0,243685.0,73.0,16.334,0
99.704,93.96,31.528,0.068,0.0,259417.0,73.0,15.998,74.34,93.584,34.624,0.066,122100000.0,249510.0,116.0,16.674,2.6260000000000003,94.156,34.788000000000004,0.132,22937.6,3237050.0,57.0,16.285999999999998,0.098,93.99,35.004,0.066,0.0,3254990.0,146.0,16.0,0.102,93.274,34.52,0.068,0.0,243685.0,73.0,16.334,0.462,94.162,34.014,0.066,0.0,232350.0,56.0,16.666,0
74.34,93.584,34.624,0.066,122100000.0,249510.0,116.0,16.674,2.6260000000000003,94.156,34.788000000000004,0.132,22937.6,3237050.0,57.0,16.285999999999998,0.098,93.99,35.004,0.066,0.0,3254990.0,146.0,16.0,0.102,93.274,34.52,0.068,0.0,243685.0,73.0,16.334,0.462,94.162,34.014,0.066,0.0,232350.0,56.0,16.666,8.202,94.0,32.464,0.134,1193570.0,254957.0,35.0,17.0,0
2.6260000000000003,94.156,34.788000000000004,0.132,22937.6,3237050.0,57.0,16.285999999999998,0.098,93.99,35.004,0.066,0.0,3254990.0,146.0,16.0,0.102,93.274,34.52,0.068,0.0,243685.0,73.0,16.334,0.462,94.162,34.014,0.066,0.0,232350.0,56.0,16.666,8.202,94.0,32.464,0.134,1193570.0,254957.0,35.0,17.0,0.1,95.0,32.042,0.066,0.0,247025.0,57.0,16.706,0
0.098,93.99,35.004,0.066,0.0,3254990.0,146.0,16.0,0.102,93.274,34.52,0.068,0.0,243685.0,73.0,16.334,0.462,94.162,34.014,0.066,0.0,232350.0,56.0,16.666,8.202,94.0,32.464,0.134,1193570.0,254957.0,35.0,17.0,0.1,95.0,32.042,0.066,0.0,247025.0,57.0,16.706,0.068,96.584,34.038000000000004,0.066,0.0,254224.0,4.0,16.302,0
0.102,93.274,34.52,0.068,0.0,243685.0,73.0,16.334,0.462,94.162,34.014,0.066,0.0,232350.0,56.0,16.666,8.202,94.0,32.464,0.134,1193570.0,254957.0,35.0,17.0,0.1,95.0,32.042,0.066,0.0,247025.0,57.0,16.706,0.068,96.584,34.038000000000004,0.066,0.0,254224.0,4.0,16.302,0.1,92.75,34.566,0.068,0.0,258667.0,69.0,16.0,0
0.462,94.162,34.014,0.066,0.0,232350.0,56.0,16.666,8.202,94.0,32.464,0.134,1193570.0,254957.0,35.0,17.0,0.1,95.0,32.042,0.066,0.0,247025.0,57.0,16.706,0.068,96.584,34.038000000000004,0.066,0.0,254224.0,4.0,16.302,0.1,92.75,34.566,0.068,0.0,258667.0,69.0,16.0,0.1,94.458,35.282,0.068,0.0,249934.0,107.0,16.666,0
8.202,94.0,32.464,0.134,1193570.0,254957.0,35.0,17.0,0.1,95.0,32.042,0.066,0.0,247025.0,57.0,16.706,0.068,96.584,34.038000000000004,0.066,0.0,254224.0,4.0,16.302,0.1,92.75,34.566,0.068,0.0,258667.0,69.0,16.0,0.1,94.458,35.282,0.068,0.0,249934.0,107.0,16.666,0.068,97.29,34.664,0.134,0.0,252552.0,114.0,16.332,0
0.1,95.0,32.042,0.066,0.0,247025.0,57.0,16.706,0.068,96.584,34.038000000000004,0.066,0.0,254224.0,4.0,16.302,0.1,92.75,34.566,0.068,0.0,258667.0,69.0,16.0,0.1,94.458,35.282,0.068,0.0,249934.0,107.0,16.666,0.068,97.29,34.664,0.134,0.0,252552.0,114.0,16.332,89.96600000000002,93.75,39.236,0.066,107747000.0,257755.0,78.0,16.668,0
0.068,96.584,34.038000000000004,0.066,0.0,254224.0,4.0,16.302,0.1,92.75,34.566,0.068,0.0,258667.0,69.0,16.0,0.1,94.458,35.282,0.068,0.0,249934.0,107.0,16.666,0.068,97.29,34.664,0.134,0.0,252552.0,114.0,16.332,89.96600000000002,93.75,39.236,0.066,107747000.0,257755.0,78.0,16.668,94.52,94.666,28.338,0.068,29367500.0,3234060.0,38.0,17.002,0
0.1,92.75,34.566,0.068,0.0,258667.0,69.0,16.0,0.1,94.458,35.282,0.068,0.0,249934.0,107.0,16.666,0.068,97.29,34.664,0.134,0.0,252552.0,114.0,16.332,89.96600000000002,93.75,39.236,0.066,107747000.0,257755.0,78.0,16.668,94.52,94.666,28.338,0.068,29367500.0,3234060.0,38.0,17.002,76.734,95.082,33.494,0.066,547312000.0,243386.0,16.0,16.064,0
0.1,94.458,35.282,0.068,0.0,249934.0,107.0,16.666,0.068,97.29,34.664,0.134,0.0,252552.0,114.0,16.332,89.96600000000002,93.75,39.236,0.066,107747000.0,257755.0,78.0,16.668,94.52,94.666,28.338,0.068,29367500.0,3234060.0,38.0,17.002,76.734,95.082,33.494,0.066,547312000.0,243386.0,16.0,16.064,89.912,93.714,34.766,0.134,132561000.0,3238850.0,16.0,16.95,0
0.068,97.29,34.664,0.134,0.0,252552.0,114.0,16.332,89.96600000000002,93.75,39.236,0.066,107747000.0,257755.0,78.0,16.668,94.52,94.666,28.338,0.068,29367500.0,3234060.0,38.0,17.002,76.734,95.082,33.494,0.066,547312000.0,243386.0,16.0,16.064,89.912,93.714,34.766,0.134,132561000.0,3238850.0,16.0,16.95,99.672,93.894,34.648,0.066,0.0,254191.0,126.0,15.666,0
89.96600000000002,93.75,39.236,0.066,107747000.0,257755.0,78.0,16.668,94.52,94.666,28.338,0.068,29367500.0,3234060.0,38.0,17.002,76.734,95.082,33.494,0.066,547312000.0,243386.0,16.0,16.064,89.912,93.714,34.766,0.134,132561000.0,3238850.0,16.0,16.95,99.672,93.894,34.648,0.066,0.0,254191.0,126.0,15.666,87.89200000000002,93.966,31.738000000000003,0.066,119392000.0,245248.0,6.0,16.666,0
94.52,94.666,28.338,0.068,29367500.0,3234060.0,38.0,17.002,76.734,95.082,33.494,0.066,547312000.0,243386.0,16.0,16.064,89.912,93.714,34.766,0.134,132561000.0,3238850.0,16.0,16.95,99.672,93.894,34.648,0.066,0.0,254191.0,126.0,15.666,87.89200000000002,93.966,31.738000000000003,0.066,119392000.0,245248.0,6.0,16.666,38.976,96.238,35.282,0.066,2607510.0,248947.0,51.0,16.355999999999998,0
76.734,95.082,33.494,0.066,547312000.0,243386.0,16.0,16.064,89.912,93.714,34.766,0.134,132561000.0,3238850.0,16.0,16.95,99.672,93.894,34.648,0.066,0.0,254191.0,126.0,15.666,87.89200000000002,93.966,31.738000000000003,0.066,119392000.0,245248.0,6.0,16.666,38.976,96.238,35.282,0.066,2607510.0,248947.0,51.0,16.355999999999998,0.102,94.006,32.394,0.066,0.0,246963.0,4.0,17.328,0
89.912,93.714,34.766,0.134,132561000.0,3238850.0,16.0,16.95,99.672,93.894,34.648,0.066,0.0,254191.0,126.0,15.666,87.89200000000002,93.966,31.738000000000003,0.066,119392000.0,245248.0,6.0,16.666,38.976,96.238,35.282,0.066,2607510.0,248947.0,51.0,16.355999999999998,0.102,94.006,32.394,0.066,0.0,246963.0,4.0,17.328,0.066,94.996,32.536,0.066,0.0,234151.0,102.0,16.68,0
99.672,93.894,34.648,0.066,0.0,254191.0,126.0,15.666,87.89200000000002,93.966,31.738000000000003,0.066,119392000.0,245248.0,6.0,16.666,38.976,96.238,35.282,0.066,2607510.0,248947.0,51.0,16.355999999999998,0.102,94.006,32.394,0.066,0.0,246963.0,4.0,17.328,0.066,94.996,32.536,0.066,0.0,234151.0,102.0,16.68,0.098,96.0,34.766,0.134,0.0,255304.0,9.0,16.666,0
87.89200000000002,93.966,31.738000000000003,0.066,119392000.0,245248.0,6.0,16.666,38.976,96.238,35.282,0.066,2607510.0,248947.0,51.0,16.355999999999998,0.102,94.006,32.394,0.066,0.0,246963.0,4.0,17.328,0.066,94.996,32.536,0.066,0.0,234151.0,102.0,16.68,0.098,96.0,34.766,0.134,0.0,255304.0,9.0,16.666,0.1,93.416,32.57,0.066,0.0,244506.0,8.0,16.998,0
38.976,96.238,35.282,0.066,2607510.0,248947.0,51.0,16.355999999999998,0.102,94.006,32.394,0.066,0.0,246963.0,4.0,17.328,0.066,94.996,32.536,0.066,0.0,234151.0,102.0,16.68,0.098,96.0,34.766,0.134,0.0,255304.0,9.0,16.666,0.1,93.416,32.57,0.066,0.0,244506.0,8.0,16.998,0.068,94.19,33.424,0.068,0.0,255814.0,21.0,16.666,0
0.102,94.006,32.394,0.066,0.0,246963.0,4.0,17.328,0.066,94.996,32.536,0.066,0.0,234151.0,102.0,16.68,0.098,96.0,34.766,0.134,0.0,255304.0,9.0,16.666,0.1,93.416,32.57,0.066,0.0,244506.0,8.0,16.998,0.068,94.19,33.424,0.068,0.0,255814.0,21.0,16.666,0.102,97.694,37.184,0.132,0.0,240847.0,60.0,16.006,0
0.066,94.996,32.536,0.066,0.0,234151.0,102.0,16.68,0.098,96.0,34.766,0.134,0.0,255304.0,9.0,16.666,0.1,93.416,32.57,0.066,0.0,244506.0,8.0,16.998,0.068,94.19,33.424,0.068,0.0,255814.0,21.0,16.666,0.102,97.694,37.184,0.132,0.0,240847.0,60.0,16.006,0.068,95.834,32.864000000000004,0.066,0.0,3320290.0,120.0,16.715999999999998,0
0.098,96.0,34.766,0.134,0.0,255304.0,9.0,16.666,0.1,93.416,32.57,0.066,0.0,244506.0,8.0,16.998,0.068,94.19,33.424,0.068,0.0,255814.0,21.0,16.666,0.102,97.694,37.184,0.132,0.0,240847.0,60.0,16.006,0.068,95.834,32.864000000000004,0.066,0.0,3320290.0,120.0,16.715999999999998,0.102,92.502,33.944,0.066,0.0,255712.0,220.0,15.63,0
0.1,93.416,32.57,0.066,0.0,244506.0,8.0,16.998,0.068,94.19,33.424,0.068,0.0,255814.0,21.0,16.666,0.102,97.694,37.184,0.132,0.0,240847.0,60.0,16.006,0.068,95.834,32.864000000000004,0.066,0.0,3320290.0,120.0,16.715999999999998,0.102,92.502,33.944,0.066,0.0,255712.0,220.0,15.63,0.102,94.862,33.954,0.066,0.0,3259450.0,56.0,16.666,0
0.068,94.19,33.424,0.068,0.0,255814.0,21.0,16.666,0.102,97.694,37.184,0.132,0.0,240847.0,60.0,16.006,0.068,95.834,32.864000000000004,0.066,0.0,3320290.0,120.0,16.715999999999998,0.102,92.502,33.944,0.066,0.0,255712.0,220.0,15.63,0.102,94.862,33.954,0.066,0.0,3259450.0,56.0,16.666,0.068,95.628,33.884,0.066,0.0,246759.0,13.0,18.334,0
0.102,97.694,37.184,0.132,0.0,240847.0,60.0,16.006,0.068,95.834,32.864000000000004,0.066,0.0,3320290.0,120.0,16.715999999999998,0.102,92.502,33.944,0.066,0.0,255712.0,220.0,15.63,0.102,94.862,33.954,0.066,0.0,3259450.0,56.0,16.666,0.068,95.628,33.884,0.066,0.0,246759.0,13.0,18.334,0.1,95.15,33.18,0.066,0.0,235111.0,31.0,16.666,0
0.068,95.834,32.864000000000004,0.066,0.0,3320290.0,120.0,16.715999999999998,0.102,92.502,33.944,0.066,0.0,255712.0,220.0,15.63,0.102,94.862,33.954,0.066,0.0,3259450.0,56.0,16.666,0.068,95.628,33.884,0.066,0.0,246759.0,13.0,18.334,0.1,95.15,33.18,0.066,0.0,235111.0,31.0,16.666,0.066,93.75,33.17,0.068,0.0,271629.0,66.0,16.666,0
0.102,92.502,33.944,0.066,0.0,255712.0,220.0,15.63,0.102,94.862,33.954,0.066,0.0,3259450.0,56.0,16.666,0.068,95.628,33.884,0.066,0.0,246759.0,13.0,18.334,0.1,95.15,33.18,0.066,0.0,235111.0,31.0,16.666,0.066,93.75,33.17,0.068,0.0,271629.0,66.0,16.666,0.1,94.166,35.282,0.134,0.0,241744.0,62.0,16.046,0
0.102,94.862,33.954,0.066,0.0,3259450.0,56.0,16.666,0.068,95.628,33.884,0.066,0.0,246759.0,13.0,18.334,0.1,95.15,33.18,0.066,0.0,235111.0,31.0,16.666,0.066,93.75,33.17,0.068,0.0,271629.0,66.0,16.666,0.1,94.166,35.282,0.134,0.0,241744.0,62.0,16.046,0.102,94.374,32.344,0.066,0.0,253261.0,66.0,16.285999999999998,0
0.068,95.628,33.884,0.066,0.0,246759.0,13.0,18.334,0.1,95.15,33.18,0.066,0.0,235111.0,31.0,16.666,0.066,93.75,33.17,0.068,0.0,271629.0,66.0,16.666,0.1,94.166,35.282,0.134,0.0,241744.0,62.0,16.046,0.102,94.374,32.344,0.066,0.0,253261.0,66.0,16.285999999999998,0.102,96.508,33.406,0.068,0.0,253960.0,5.0,16.332,0
0.1,95.15,33.18,0.066,0.0,235111.0,31.0,16.666,0.066,93.75,33.17,0.068,0.0,271629.0,66.0,16.666,0.1,94.166,35.282,0.134,0.0,241744.0,62.0,16.046,0.102,94.374,32.344,0.066,0.0,253261.0,66.0,16.285999999999998,0.102,96.508,33.406,0.068,0.0,253960.0,5.0,16.332,8.187999999999999,94.924,34.906,0.066,1170640.0,250184.0,3.0,16.0,0
0.066,93.75,33.17,0.068,0.0,271629.0,66.0,16.666,0.1,94.166,35.282,0.134,0.0,241744.0,62.0,16.046,0.102,94.374,32.344,0.066,0.0,253261.0,66.0,16.285999999999998,0.102,96.508,33.406,0.068,0.0,253960.0,5.0,16.332,8.187999999999999,94.924,34.906,0.066,1170640.0,250184.0,3.0,16.0,0.102,95.584,31.94400000000001,0.066,0.0,235084.0,18.0,17.0,0
0.1,94.166,35.282,0.134,0.0,241744.0,62.0,16.046,0.102,94.374,32.344,0.066,0.0,253261.0,66.0,16.285999999999998,0.102,96.508,33.406,0.068,0.0,253960.0,5.0,16.332,8.187999999999999,94.924,34.906,0.066,1170640.0,250184.0,3.0,16.0,0.102,95.584,31.94400000000001,0.066,0.0,235084.0,18.0,17.0,8.334,93.054,36.078,0.2,1185380.0,271726.0,4.0,16.0,0
0.102,94.374,32.344,0.066,0.0,253261.0,66.0,16.285999999999998,0.102,96.508,33.406,0.068,0.0,253960.0,5.0,16.332,8.187999999999999,94.924,34.906,0.066,1170640.0,250184.0,3.0,16.0,0.102,95.584,31.94400000000001,0.066,0.0,235084.0,18.0,17.0,8.334,93.054,36.078,0.2,1185380.0,271726.0,4.0,16.0,0.102,93.666,33.814,0.068,6553.6,3237680.0,7.0,16.436,0
0.102,96.508,33.406,0.068,0.0,253960.0,5.0,16.332,8.187999999999999,94.924,34.906,0.066,1170640.0,250184.0,3.0,16.0,0.102,95.584,31.94400000000001,0.066,0.0,235084.0,18.0,17.0,8.334,93.054,36.078,0.2,1185380.0,271726.0,4.0,16.0,0.102,93.666,33.814,0.068,6553.6,3237680.0,7.0,16.436,1.25,92.958,35.0,0.066,0.0,3243310.0,7.0,17.0,0
8.187999999999999,94.924,34.906,0.066,1170640.0,250184.0,3.0,16.0,0.102,95.584,31.94400000000001,0.066,0.0,235084.0,18.0,17.0,8.334,93.054,36.078,0.2,1185380.0,271726.0,4.0,16.0,0.102,93.666,33.814,0.068,6553.6,3237680.0,7.0,16.436,1.25,92.958,35.0,0.066,0.0,3243310.0,7.0,17.0,15.35,91.542,33.38,0.066,2365030.0,247380.0,7.0,16.334,0
0.102,95.584,31.94400000000001,0.066,0.0,235084.0,18.0,17.0,8.334,93.054,36.078,0.2,1185380.0,271726.0,4.0,16.0,0.102,93.666,33.814,0.068,6553.6,3237680.0,7.0,16.436,1.25,92.958,35.0,0.066,0.0,3243310.0,7.0,17.0,15.35,91.542,33.38,0.066,2365030.0,247380.0,7.0,16.334,9.678,92.004,37.126,0.066,1684280.0,253436.0,5.0,17.0,0
8.334,93.054,36.078,0.2,1185380.0,271726.0,4.0,16.0,0.102,93.666,33.814,0.068,6553.6,3237680.0,7.0,16.436,1.25,92.958,35.0,0.066,0.0,3243310.0,7.0,17.0,15.35,91.542,33.38,0.066,2365030.0,247380.0,7.0,16.334,9.678,92.004,37.126,0.066,1684280.0,253436.0,5.0,17.0,0.066,95.166,33.392,0.066,0.0,249854.0,89.0,16.336,0
0.102,93.666,33.814,0.068,6553.6,3237680.0,7.0,16.436,1.25,92.958,35.0,0.066,0.0,3243310.0,7.0,17.0,15.35,91.542,33.38,0.066,2365030.0,247380.0,7.0,16.334,9.678,92.004,37.126,0.066,1684280.0,253436.0,5.0,17.0,0.066,95.166,33.392,0.066,0.0,249854.0,89.0,16.336,0.1,93.666,36.666,0.066,0.0,258505.0,17.0,16.666,0
1.25,92.958,35.0,0.066,0.0,3243310.0,7.0,17.0,15.35,91.542,33.38,0.066,2365030.0,247380.0,7.0,16.334,9.678,92.004,37.126,0.066,1684280.0,253436.0,5.0,17.0,0.066,95.166,33.392,0.066,0.0,249854.0,89.0,16.336,0.1,93.666,36.666,0.066,0.0,258505.0,17.0,16.666,0.1,92.804,31.726,0.134,0.0,234949.0,82.0,16.332,0
15.35,91.542,33.38,0.066,2365030.0,247380.0,7.0,16.334,9.678,92.004,37.126,0.066,1684280.0,253436.0,5.0,17.0,0.066,95.166,33.392,0.066,0.0,249854.0,89.0,16.336,0.1,93.666,36.666,0.066,0.0,258505.0,17.0,16.666,0.1,92.804,31.726,0.134,0.0,234949.0,82.0,16.332,0.068,93.75,34.406,0.068,0.0,253681.0,84.0,16.332,0
9.678,92.004,37.126,0.066,1684280.0,253436.0,5.0,17.0,0.066,95.166,33.392,0.066,0.0,249854.0,89.0,16.336,0.1,93.666,36.666,0.066,0.0,258505.0,17.0,16.666,0.1,92.804,31.726,0.134,0.0,234949.0,82.0,16.332,0.068,93.75,34.406,0.068,0.0,253681.0,84.0,16.332,0.1,94.596,32.794000000000004,0.068,0.0,241614.0,64.0,16.355999999999998,0
0.066,95.166,33.392,0.066,0.0,249854.0,89.0,16.336,0.1,93.666,36.666,0.066,0.0,258505.0,17.0,16.666,0.1,92.804,31.726,0.134,0.0,234949.0,82.0,16.332,0.068,93.75,34.406,0.068,0.0,253681.0,84.0,16.332,0.1,94.596,32.794000000000004,0.068,0.0,241614.0,64.0,16.355999999999998,21.71,95.208,34.006,0.066,254771.0,251072.0,63.0,17.0,0
0.1,93.666,36.666,0.066,0.0,258505.0,17.0,16.666,0.1,92.804,31.726,0.134,0.0,234949.0,82.0,16.332,0.068,93.75,34.406,0.068,0.0,253681.0,84.0,16.332,0.1,94.596,32.794000000000004,0.068,0.0,241614.0,64.0,16.355999999999998,21.71,95.208,34.006,0.066,254771.0,251072.0,63.0,17.0,64.712,93.916,36.666,0.066,651264.0,249267.0,48.0,16.002,0
0.1,92.804,31.726,0.134,0.0,234949.0,82.0,16.332,0.068,93.75,34.406,0.068,0.0,253681.0,84.0,16.332,0.1,94.596,32.794000000000004,0.068,0.0,241614.0,64.0,16.355999999999998,21.71,95.208,34.006,0.066,254771.0,251072.0,63.0,17.0,64.712,93.916,36.666,0.066,651264.0,249267.0,48.0,16.002,0.1,93.334,32.36,0.134,0.0,3249270.0,34.0,17.01,0
0.068,93.75,34.406,0.068,0.0,253681.0,84.0,16.332,0.1,94.596,32.794000000000004,0.068,0.0,241614.0,64.0,16.355999999999998,21.71,95.208,34.006,0.066,254771.0,251072.0,63.0,17.0,64.712,93.916,36.666,0.066,651264.0,249267.0,48.0,16.002,0.1,93.334,32.36,0.134,0.0,3249270.0,34.0,17.01,0.098,93.708,33.636,0.066,0.0,262681.0,41.0,15.38,0
0.1,94.596,32.794000000000004,0.068,0.0,241614.0,64.0,16.355999999999998,21.71,95.208,34.006,0.066,254771.0,251072.0,63.0,17.0,64.712,93.916,36.666,0.066,651264.0,249267.0,48.0,16.002,0.1,93.334,32.36,0.134,0.0,3249270.0,34.0,17.01,0.098,93.708,33.636,0.066,0.0,262681.0,41.0,15.38,0.1,93.292,37.136,0.068,0.0,3242960.0,7.0,16.282,0
21.71,95.208,34.006,0.066,254771.0,251072.0,63.0,17.0,64.712,93.916,36.666,0.066,651264.0,249267.0,48.0,16.002,0.1,93.334,32.36,0.134,0.0,3249270.0,34.0,17.01,0.098,93.708,33.636,0.066,0.0,262681.0,41.0,15.38,0.1,93.292,37.136,0.068,0.0,3242960.0,7.0,16.282,0.068,93.162,31.932,0.132,0.0,253501.0,155.0,17.334,0
64.712,93.916,36.666,0.066,651264.0,249267.0,48.0,16.002,0.1,93.334,32.36,0.134,0.0,3249270.0,34.0,17.01,0.098,93.708,33.636,0.066,0.0,262681.0,41.0,15.38,0.1,93.292,37.136,0.068,0.0,3242960.0,7.0,16.282,0.068,93.162,31.932,0.132,0.0,253501.0,155.0,17.334,0.1,96.004,34.648,0.066,0.0,241007.0,66.0,17.0,0
0.1,93.334,32.36,0.134,0.0,3249270.0,34.0,17.01,0.098,93.708,33.636,0.066,0.0,262681.0,41.0,15.38,0.1,93.292,37.136,0.068,0.0,3242960.0,7.0,16.282,0.068,93.162,31.932,0.132,0.0,253501.0,155.0,17.334,0.1,96.004,34.648,0.066,0.0,241007.0,66.0,17.0,0.102,95.858,32.242,0.066,0.0,254218.0,14.0,16.002,0
0.098,93.708,33.636,0.066,0.0,262681.0,41.0,15.38,0.1,93.292,37.136,0.068,0.0,3242960.0,7.0,16.282,0.068,93.162,31.932,0.132,0.0,253501.0,155.0,17.334,0.1,96.004,34.648,0.066,0.0,241007.0,66.0,17.0,0.102,95.858,32.242,0.066,0.0,254218.0,14.0,16.002,0.098,93.708,33.404,0.066,0.0,241488.0,8.0,16.666,0
0.1,93.292,37.136,0.068,0.0,3242960.0,7.0,16.282,0.068,93.162,31.932,0.132,0.0,253501.0,155.0,17.334,0.1,96.004,34.648,0.066,0.0,241007.0,66.0,17.0,0.102,95.858,32.242,0.066,0.0,254218.0,14.0,16.002,0.098,93.708,33.404,0.066,0.0,241488.0,8.0,16.666,0.1,94.928,36.212,0.066,0.0,260913.0,57.0,17.016,0
0.068,93.162,31.932,0.132,0.0,253501.0,155.0,17.334,0.1,96.004,34.648,0.066,0.0,241007.0,66.0,17.0,0.102,95.858,32.242,0.066,0.0,254218.0,14.0,16.002,0.098,93.708,33.404,0.066,0.0,241488.0,8.0,16.666,0.1,94.928,36.212,0.066,0.0,260913.0,57.0,17.016,0.068,95.566,39.306,0.134,0.0,245215.0,105.0,17.0,0
0.1,96.004,34.648,0.066,0.0,241007.0,66.0,17.0,0.102,95.858,32.242,0.066,0.0,254218.0,14.0,16.002,0.098,93.708,33.404,0.066,0.0,241488.0,8.0,16.666,0.1,94.928,36.212,0.066,0.0,260913.0,57.0,17.016,0.068,95.566,39.306,0.134,0.0,245215.0,105.0,17.0,0.268,95.374,34.828,0.068,0.0,251380.0,31.0,16.334,0
0.102,95.858,32.242,0.066,0.0,254218.0,14.0,16.002,0.098,93.708,33.404,0.066,0.0,241488.0,8.0,16.666,0.1,94.928,36.212,0.066,0.0,260913.0,57.0,17.016,0.068,95.566,39.306,0.134,0.0,245215.0,105.0,17.0,0.268,95.374,34.828,0.068,0.0,251380.0,31.0,16.334,0.102,96.396,31.314,0.066,0.0,240336.0,12.0,16.372,0
0.098,93.708,33.404,0.066,0.0,241488.0,8.0,16.666,0.1,94.928,36.212,0.066,0.0,260913.0,57.0,17.016,0.068,95.566,39.306,0.134,0.0,245215.0,105.0,17.0,0.268,95.374,34.828,0.068,0.0,251380.0,31.0,16.334,0.102,96.396,31.314,0.066,0.0,240336.0,12.0,16.372,0.068,97.084,35.308,0.066,0.0,251681.0,11.0,16.332,0
0.1,94.928,36.212,0.066,0.0,260913.0,57.0,17.016,0.068,95.566,39.306,0.134,0.0,245215.0,105.0,17.0,0.268,95.374,34.828,0.068,0.0,251380.0,31.0,16.334,0.102,96.396,31.314,0.066,0.0,240336.0,12.0,16.372,0.068,97.084,35.308,0.066,0.0,251681.0,11.0,16.332,0.136,95.042,33.498000000000005,0.132,6553.6,3237150.0,59.0,16.666,0
0.068,95.566,39.306,0.134,0.0,245215.0,105.0,17.0,0.268,95.374,34.828,0.068,0.0,251380.0,31.0,16.334,0.102,96.396,31.314,0.066,0.0,240336.0,12.0,16.372,0.068,97.084,35.308,0.066,0.0,251681.0,11.0,16.332,0.136,95.042,33.498000000000005,0.132,6553.6,3237150.0,59.0,16.666,0.068,94.584,34.788000000000004,0.066,0.0,274330.0,59.0,16.334,0
0.268,95.374,34.828,0.068,0.0,251380.0,31.0,16.334,0.102,96.396,31.314,0.066,0.0,240336.0,12.0,16.372,0.068,97.084,35.308,0.066,0.0,251681.0,11.0,16.332,0.136,95.042,33.498000000000005,0.132,6553.6,3237150.0,59.0,16.666,0.068,94.584,34.788000000000004,0.066,0.0,274330.0,59.0,16.334,0.1,97.374,33.72,0.066,0.0,3222630.0,16.0,16.998,0
0.102,96.396,31.314,0.066,0.0,240336.0,12.0,16.372,0.068,97.084,35.308,0.066,0.0,251681.0,11.0,16.332,0.136,95.042,33.498000000000005,0.132,6553.6,3237150.0,59.0,16.666,0.068,94.584,34.788000000000004,0.066,0.0,274330.0,59.0,16.334,0.1,97.374,33.72,0.066,0.0,3222630.0,16.0,16.998,0.1,96.124,36.996,0.068,0.0,243638.0,7.0,17.0,0
0.068,97.084,35.308,0.066,0.0,251681.0,11.0,16.332,0.136,95.042,33.498000000000005,0.132,6553.6,3237150.0,59.0,16.666,0.068,94.584,34.788000000000004,0.066,0.0,274330.0,59.0,16.334,0.1,97.374,33.72,0.066,0.0,3222630.0,16.0,16.998,0.1,96.124,36.996,0.068,0.0,243638.0,7.0,17.0,0.102,93.708,30.938,0.068,0.0,255884.0,141.0,16.334,0
0.136,95.042,33.498000000000005,0.132,6553.6,3237150.0,59.0,16.666,0.068,94.584,34.788000000000004,0.066,0.0,274330.0,59.0,16.334,0.1,97.374,33.72,0.066,0.0,3222630.0,16.0,16.998,0.1,96.124,36.996,0.068,0.0,243638.0,7.0,17.0,0.102,93.708,30.938,0.068,0.0,255884.0,141.0,16.334,0.102,94.5,32.746,0.134,0.0,243239.0,65.0,16.97,0
0.068,94.584,34.788000000000004,0.066,0.0,274330.0,59.0,16.334,0.1,97.374,33.72,0.066,0.0,3222630.0,16.0,16.998,0.1,96.124,36.996,0.068,0.0,243638.0,7.0,17.0,0.102,93.708,30.938,0.068,0.0,255884.0,141.0,16.334,0.102,94.5,32.746,0.134,0.0,243239.0,65.0,16.97,0.068,95.32,34.46,0.066,0.0,258277.0,12.0,16.666,0
0.1,97.374,33.72,0.066,0.0,3222630.0,16.0,16.998,0.1,96.124,36.996,0.068,0.0,243638.0,7.0,17.0,0.102,93.708,30.938,0.068,0.0,255884.0,141.0,16.334,0.102,94.5,32.746,0.134,0.0,243239.0,65.0,16.97,0.068,95.32,34.46,0.066,0.0,258277.0,12.0,16.666,0.102,94.292,33.984,0.066,0.0,240959.0,6.0,16.336,0
0.1,96.124,36.996,0.068,0.0,243638.0,7.0,17.0,0.102,93.708,30.938,0.068,0.0,255884.0,141.0,16.334,0.102,94.5,32.746,0.134,0.0,243239.0,65.0,16.97,0.068,95.32,34.46,0.066,0.0,258277.0,12.0,16.666,0.102,94.292,33.984,0.066,0.0,240959.0,6.0,16.336,0.102,94.758,35.656,0.066,0.0,266413.0,85.0,17.0,0
0.102,93.708,30.938,0.068,0.0,255884.0,141.0,16.334,0.102,94.5,32.746,0.134,0.0,243239.0,65.0,16.97,0.068,95.32,34.46,0.066,0.0,258277.0,12.0,16.666,0.102,94.292,33.984,0.066,0.0,240959.0,6.0,16.336,0.102,94.758,35.656,0.066,0.0,266413.0,85.0,17.0,0.1,93.708,34.436,0.066,0.0,226564.0,7.0,16.334,0
0.102,94.5,32.746,0.134,0.0,243239.0,65.0,16.97,0.068,95.32,34.46,0.066,0.0,258277.0,12.0,16.666,0.102,94.292,33.984,0.066,0.0,240959.0,6.0,16.336,0.102,94.758,35.656,0.066,0.0,266413.0,85.0,17.0,0.1,93.708,34.436,0.066,0.0,226564.0,7.0,16.334,0.1,94.5,31.15,0.066,0.0,257943.0,88.0,15.664,0
0.068,95.32,34.46,0.066,0.0,258277.0,12.0,16.666,0.102,94.292,33.984,0.066,0.0,240959.0,6.0,16.336,0.102,94.758,35.656,0.066,0.0,266413.0,85.0,17.0,0.1,93.708,34.436,0.066,0.0,226564.0,7.0,16.334,0.1,94.5,31.15,0.066,0.0,257943.0,88.0,15.664,0.068,94.792,35.586,0.134,0.0,241036.0,9.0,16.668,0
0.102,94.292,33.984,0.066,0.0,240959.0,6.0,16.336,0.102,94.758,35.656,0.066,0.0,266413.0,85.0,17.0,0.1,93.708,34.436,0.066,0.0,226564.0,7.0,16.334,0.1,94.5,31.15,0.066,0.0,257943.0,88.0,15.664,0.068,94.792,35.586,0.134,0.0,241036.0,9.0,16.668,0.1,92.542,33.608000000000004,0.066,0.0,3228220.0,16.0,16.334,0
0.102,94.758,35.656,0.066,0.0,266413.0,85.0,17.0,0.1,93.708,34.436,0.066,0.0,226564.0,7.0,16.334,0.1,94.5,31.15,0.066,0.0,257943.0,88.0,15.664,0.068,94.792,35.586,0.134,0.0,241036.0,9.0,16.668,0.1,92.542,33.608000000000004,0.066,0.0,3228220.0,16.0,16.334,0.1,93.97,34.694,0.066,0.0,270504.0,6.0,16.0,0
0.1,93.708,34.436,0.066,0.0,226564.0,7.0,16.334,0.1,94.5,31.15,0.066,0.0,257943.0,88.0,15.664,0.068,94.792,35.586,0.134,0.0,241036.0,9.0,16.668,0.1,92.542,33.608000000000004,0.066,0.0,3228220.0,16.0,16.334,0.1,93.97,34.694,0.066,0.0,270504.0,6.0,16.0,0.102,96.626,34.906,0.134,0.0,3236080.0,29.0,16.044,0
0.1,94.5,31.15,0.066,0.0,257943.0,88.0,15.664,0.068,94.792,35.586,0.134,0.0,241036.0,9.0,16.668,0.1,92.542,33.608000000000004,0.066,0.0,3228220.0,16.0,16.334,0.1,93.97,34.694,0.066,0.0,270504.0,6.0,16.0,0.102,96.626,34.906,0.134,0.0,3236080.0,29.0,16.044,0.066,96.792,38.356,0.066,0.0,249686.0,100.0,17.294,0
0.068,94.792,35.586,0.134,0.0,241036.0,9.0,16.668,0.1,92.542,33.608000000000004,0.066,0.0,3228220.0,16.0,16.334,0.1,93.97,34.694,0.066,0.0,270504.0,6.0,16.0,0.102,96.626,34.906,0.134,0.0,3236080.0,29.0,16.044,0.066,96.792,38.356,0.066,0.0,249686.0,100.0,17.294,0.102,92.274,32.652,1.422,0.0,233765.0,32.0,16.0,0
0.1,92.542,33.608000000000004,0.066,0.0,3228220.0,16.0,16.334,0.1,93.97,34.694,0.066,0.0,270504.0,6.0,16.0,0.102,96.626,34.906,0.134,0.0,3236080.0,29.0,16.044,0.066,96.792,38.356,0.066,0.0,249686.0,100.0,17.294,0.102,92.274,32.652,1.422,0.0,233765.0,32.0,16.0,0.102,93.666,33.076,0.068,0.0,246757.0,59.0,17.0,0
0.1,93.97,34.694,0.066,0.0,270504.0,6.0,16.0,0.102,96.626,34.906,0.134,0.0,3236080.0,29.0,16.044,0.066,96.792,38.356,0.066,0.0,249686.0,100.0,17.294,0.102,92.274,32.652,1.422,0.0,233765.0,32.0,16.0,0.102,93.666,33.076,0.068,0.0,246757.0,59.0,17.0,0.102,96.834,37.606,0.066,0.0,3228160.0,6.0,16.334,0
0.102,96.626,34.906,0.134,0.0,3236080.0,29.0,16.044,0.066,96.792,38.356,0.066,0.0,249686.0,100.0,17.294,0.102,92.274,32.652,1.422,0.0,233765.0,32.0,16.0,0.102,93.666,33.076,0.068,0.0,246757.0,59.0,17.0,0.102,96.834,37.606,0.066,0.0,3228160.0,6.0,16.334,0.1,94.828,32.712,0.134,0.0,248919.0,18.0,17.332,0
0.066,96.792,38.356,0.066,0.0,249686.0,100.0,17.294,0.102,92.274,32.652,1.422,0.0,233765.0,32.0,16.0,0.102,93.666,33.076,0.068,0.0,246757.0,59.0,17.0,0.102,96.834,37.606,0.066,0.0,3228160.0,6.0,16.334,0.1,94.828,32.712,0.134,0.0,248919.0,18.0,17.332,0.068,96.914,34.706,0.066,0.0,235369.0,52.0,15.72,0
0.102,92.274,32.652,1.422,0.0,233765.0,32.0,16.0,0.102,93.666,33.076,0.068,0.0,246757.0,59.0,17.0,0.102,96.834,37.606,0.066,0.0,3228160.0,6.0,16.334,0.1,94.828,32.712,0.134,0.0,248919.0,18.0,17.332,0.068,96.914,34.706,0.066,0.0,235369.0,52.0,15.72,0.102,92.916,37.12,0.066,0.0,257814.0,161.0,16.666,0
0.102,93.666,33.076,0.068,0.0,246757.0,59.0,17.0,0.102,96.834,37.606,0.066,0.0,3228160.0,6.0,16.334,0.1,94.828,32.712,0.134,0.0,248919.0,18.0,17.332,0.068,96.914,34.706,0.066,0.0,235369.0,52.0,15.72,0.102,92.916,37.12,0.066,0.0,257814.0,161.0,16.666,0.102,93.292,31.714,0.066,0.0,238726.0,105.0,15.668,0
0.102,96.834,37.606,0.066,0.0,3228160.0,6.0,16.334,0.1,94.828,32.712,0.134,0.0,248919.0,18.0,17.332,0.068,96.914,34.706,0.066,0.0,235369.0,52.0,15.72,0.102,92.916,37.12,0.066,0.0,257814.0,161.0,16.666,0.102,93.292,31.714,0.066,0.0,238726.0,105.0,15.668,0.068,95.768,36.784,0.066,0.0,263029.0,12.0,16.336,0
0.1,94.828,32.712,0.134,0.0,248919.0,18.0,17.332,0.068,96.914,34.706,0.066,0.0,235369.0,52.0,15.72,0.102,92.916,37.12,0.066,0.0,257814.0,161.0,16.666,0.102,93.292,31.714,0.066,0.0,238726.0,105.0,15.668,0.068,95.768,36.784,0.066,0.0,263029.0,12.0,16.336,0.1,95.646,33.708,0.134,0.0,3236520.0,57.0,16.334,0
0.068,96.914,34.706,0.066,0.0,235369.0,52.0,15.72,0.102,92.916,37.12,0.066,0.0,257814.0,161.0,16.666,0.102,93.292,31.714,0.066,0.0,238726.0,105.0,15.668,0.068,95.768,36.784,0.066,0.0,263029.0,12.0,16.336,0.1,95.646,33.708,0.134,0.0,3236520.0,57.0,16.334,0.1,94.148,38.24,0.066,0.0,248720.0,53.0,16.33,0
0.102,92.916,37.12,0.066,0.0,257814.0,161.0,16.666,0.102,93.292,31.714,0.066,0.0,238726.0,105.0,15.668,0.068,95.768,36.784,0.066,0.0,263029.0,12.0,16.336,0.1,95.646,33.708,0.134,0.0,3236520.0,57.0,16.334,0.1,94.148,38.24,0.066,0.0,248720.0,53.0,16.33,0.068,93.648,33.92,0.068,0.0,3257700.0,66.0,16.334,0
0.102,93.292,31.714,0.066,0.0,238726.0,105.0,15.668,0.068,95.768,36.784,0.066,0.0,263029.0,12.0,16.336,0.1,95.646,33.708,0.134,0.0,3236520.0,57.0,16.334,0.1,94.148,38.24,0.066,0.0,248720.0,53.0,16.33,0.068,93.648,33.92,0.068,0.0,3257700.0,66.0,16.334,0.1,96.098,35.452,0.068,0.0,233011.0,42.0,16.317999999999998,0
0.068,95.768,36.784,0.066,0.0,263029.0,12.0,16.336,0.1,95.646,33.708,0.134,0.0,3236520.0,57.0,16.334,0.1,94.148,38.24,0.066,0.0,248720.0,53.0,16.33,0.068,93.648,33.92,0.068,0.0,3257700.0,66.0,16.334,0.1,96.098,35.452,0.068,0.0,233011.0,42.0,16.317999999999998,0.102,94.792,31.62,0.132,0.0,251556.0,6.0,16.372,0
0.1,95.646,33.708,0.134,0.0,3236520.0,57.0,16.334,0.1,94.148,38.24,0.066,0.0,248720.0,53.0,16.33,0.068,93.648,33.92,0.068,0.0,3257700.0,66.0,16.334,0.1,96.098,35.452,0.068,0.0,233011.0,42.0,16.317999999999998,0.102,94.792,31.62,0.132,0.0,251556.0,6.0,16.372,0.102,93.916,33.592,0.068,0.0,238617.0,7.0,16.666,0
0.1,94.148,38.24,0.066,0.0,248720.0,53.0,16.33,0.068,93.648,33.92,0.068,0.0,3257700.0,66.0,16.334,0.1,96.098,35.452,0.068,0.0,233011.0,42.0,16.317999999999998,0.102,94.792,31.62,0.132,0.0,251556.0,6.0,16.372,0.102,93.916,33.592,0.068,0.0,238617.0,7.0,16.666,0.068,93.292,34.812,0.066,0.0,261755.0,26.0,16.666,0
0.068,93.648,33.92,0.068,0.0,3257700.0,66.0,16.334,0.1,96.098,35.452,0.068,0.0,233011.0,42.0,16.317999999999998,0.102,94.792,31.62,0.132,0.0,251556.0,6.0,16.372,0.102,93.916,33.592,0.068,0.0,238617.0,7.0,16.666,0.068,93.292,34.812,0.066,0.0,261755.0,26.0,16.666,0.1,94.334,33.838,0.068,0.0,225593.0,6.0,16.668,0
0.1,96.098,35.452,0.068,0.0,233011.0,42.0,16.317999999999998,0.102,94.792,31.62,0.132,0.0,251556.0,6.0,16.372,0.102,93.916,33.592,0.068,0.0,238617.0,7.0,16.666,0.068,93.292,34.812,0.066,0.0,261755.0,26.0,16.666,0.1,94.334,33.838,0.068,0.0,225593.0,6.0,16.668,0.102,95.282,35.236,0.066,0.0,255809.0,12.0,15.334,0
0.102,94.792,31.62,0.132,0.0,251556.0,6.0,16.372,0.102,93.916,33.592,0.068,0.0,238617.0,7.0,16.666,0.068,93.292,34.812,0.066,0.0,261755.0,26.0,16.666,0.1,94.334,33.838,0.068,0.0,225593.0,6.0,16.668,0.102,95.282,35.236,0.066,0.0,255809.0,12.0,15.334,0.102,94.874,29.978,0.066,0.0,244315.0,18.0,17.0,0
0.102,93.916,33.592,0.068,0.0,238617.0,7.0,16.666,0.068,93.292,34.812,0.066,0.0,261755.0,26.0,16.666,0.1,94.334,33.838,0.068,0.0,225593.0,6.0,16.668,0.102,95.282,35.236,0.066,0.0,255809.0,12.0,15.334,0.102,94.874,29.978,0.066,0.0,244315.0,18.0,17.0,0.068,95.834,33.094,0.136,0.0,230856.0,25.0,16.042,0
0.068,93.292,34.812,0.066,0.0,261755.0,26.0,16.666,0.1,94.334,33.838,0.068,0.0,225593.0,6.0,16.668,0.102,95.282,35.236,0.066,0.0,255809.0,12.0,15.334,0.102,94.874,29.978,0.066,0.0,244315.0,18.0,17.0,0.068,95.834,33.094,0.136,0.0,230856.0,25.0,16.042,0.1,94.792,35.946,0.068,0.0,259247.0,158.0,16.652,0
0.1,94.334,33.838,0.068,0.0,225593.0,6.0,16.668,0.102,95.282,35.236,0.066,0.0,255809.0,12.0,15.334,0.102,94.874,29.978,0.066,0.0,244315.0,18.0,17.0,0.068,95.834,33.094,0.136,0.0,230856.0,25.0,16.042,0.1,94.792,35.946,0.068,0.0,259247.0,158.0,16.652,0.1,95.626,33.522,0.066,0.0,3245960.0,7.0,16.002,0
0.102,95.282,35.236,0.066,0.0,255809.0,12.0,15.334,0.102,94.874,29.978,0.066,0.0,244315.0,18.0,17.0,0.068,95.834,33.094,0.136,0.0,230856.0,25.0,16.042,0.1,94.792,35.946,0.068,0.0,259247.0,158.0,16.652,0.1,95.626,33.522,0.066,0.0,3245960.0,7.0,16.002,0.1,96.666,33.304,0.134,0.0,261744.0,47.0,16.002,0
0.102,94.874,29.978,0.066,0.0,244315.0,18.0,17.0,0.068,95.834,33.094,0.136,0.0,230856.0,25.0,16.042,0.1,94.792,35.946,0.068,0.0,259247.0,158.0,16.652,0.1,95.626,33.522,0.066,0.0,3245960.0,7.0,16.002,0.1,96.666,33.304,0.134,0.0,261744.0,47.0,16.002,0.068,96.0,35.082,0.068,0.0,3237500.0,168.0,16.334,0
0.068,95.834,33.094,0.136,0.0,230856.0,25.0,16.042,0.1,94.792,35.946,0.068,0.0,259247.0,158.0,16.652,0.1,95.626,33.522,0.066,0.0,3245960.0,7.0,16.002,0.1,96.666,33.304,0.134,0.0,261744.0,47.0,16.002,0.068,96.0,35.082,0.068,0.0,3237500.0,168.0,16.334,0.1,95.708,33.562,0.068,0.0,248712.0,54.0,16.664,0
0.1,94.792,35.946,0.068,0.0,259247.0,158.0,16.652,0.1,95.626,33.522,0.066,0.0,3245960.0,7.0,16.002,0.1,96.666,33.304,0.134,0.0,261744.0,47.0,16.002,0.068,96.0,35.082,0.068,0.0,3237500.0,168.0,16.334,0.1,95.708,33.562,0.068,0.0,248712.0,54.0,16.664,0.1,94.468,34.484,0.068,0.0,250321.0,57.0,16.334,0
0.1,95.626,33.522,0.066,0.0,3245960.0,7.0,16.002,0.1,96.666,33.304,0.134,0.0,261744.0,47.0,16.002,0.068,96.0,35.082,0.068,0.0,3237500.0,168.0,16.334,0.1,95.708,33.562,0.068,0.0,248712.0,54.0,16.664,0.1,94.468,34.484,0.068,0.0,250321.0,57.0,16.334,0.1,94.208,38.286,0.066,0.0,255288.0,79.0,16.334,0
0.1,96.666,33.304,0.134,0.0,261744.0,47.0,16.002,0.068,96.0,35.082,0.068,0.0,3237500.0,168.0,16.334,0.1,95.708,33.562,0.068,0.0,248712.0,54.0,16.664,0.1,94.468,34.484,0.068,0.0,250321.0,57.0,16.334,0.1,94.208,38.286,0.066,0.0,255288.0,79.0,16.334,27.31,94.292,32.102,0.068,2180710.0,246289.0,182.0,16.336,0
0.068,96.0,35.082,0.068,0.0,3237500.0,168.0,16.334,0.1,95.708,33.562,0.068,0.0,248712.0,54.0,16.664,0.1,94.468,34.484,0.068,0.0,250321.0,57.0,16.334,0.1,94.208,38.286,0.066,0.0,255288.0,79.0,16.334,27.31,94.292,32.102,0.068,2180710.0,246289.0,182.0,16.336,0.068,97.77,32.37,0.134,3276.8,254512.0,50.0,16.666,0
0.1,95.708,33.562,0.068,0.0,248712.0,54.0,16.664,0.1,94.468,34.484,0.068,0.0,250321.0,57.0,16.334,0.1,94.208,38.286,0.066,0.0,255288.0,79.0,16.334,27.31,94.292,32.102,0.068,2180710.0,246289.0,182.0,16.336,0.068,97.77,32.37,0.134,3276.8,254512.0,50.0,16.666,0.1,97.248,33.896,0.066,0.0,247413.0,120.0,15.968,0
0.1,94.468,34.484,0.068,0.0,250321.0,57.0,16.334,0.1,94.208,38.286,0.066,0.0,255288.0,79.0,16.334,27.31,94.292,32.102,0.068,2180710.0,246289.0,182.0,16.336,0.068,97.77,32.37,0.134,3276.8,254512.0,50.0,16.666,0.1,97.248,33.896,0.066,0.0,247413.0,120.0,15.968,3.966,96.872,34.244,0.068,121242.0,241317.0,22.0,16.99,0
0.1,94.208,38.286,0.066,0.0,255288.0,79.0,16.334,27.31,94.292,32.102,0.068,2180710.0,246289.0,182.0,16.336,0.068,97.77,32.37,0.134,3276.8,254512.0,50.0,16.666,0.1,97.248,33.896,0.066,0.0,247413.0,120.0,15.968,3.966,96.872,34.244,0.068,121242.0,241317.0,22.0,16.99,23.5,92.908,33.78,0.068,2013590.0,262489.0,85.0,16.332,0
27.31,94.292,32.102,0.068,2180710.0,246289.0,182.0,16.336,0.068,97.77,32.37,0.134,3276.8,254512.0,50.0,16.666,0.1,97.248,33.896,0.066,0.0,247413.0,120.0,15.968,3.966,96.872,34.244,0.068,121242.0,241317.0,22.0,16.99,23.5,92.908,33.78,0.068,2013590.0,262489.0,85.0,16.332,23.84800000000001,94.386,35.078,0.068,2124190.0,237921.0,90.0,15.668,0
0.068,97.77,32.37,0.134,3276.8,254512.0,50.0,16.666,0.1,97.248,33.896,0.066,0.0,247413.0,120.0,15.968,3.966,96.872,34.244,0.068,121242.0,241317.0,22.0,16.99,23.5,92.908,33.78,0.068,2013590.0,262489.0,85.0,16.332,23.84800000000001,94.386,35.078,0.068,2124190.0,237921.0,90.0,15.668,3.488,95.822,35.35,0.134,14745.6,3246580.0,12.0,16.332,0
0.1,97.248,33.896,0.066,0.0,247413.0,120.0,15.968,3.966,96.872,34.244,0.068,121242.0,241317.0,22.0,16.99,23.5,92.908,33.78,0.068,2013590.0,262489.0,85.0,16.332,23.84800000000001,94.386,35.078,0.068,2124190.0,237921.0,90.0,15.668,3.488,95.822,35.35,0.134,14745.6,3246580.0,12.0,16.332,5.796,93.708,31.808000000000003,0.068,214630.0,256207.0,33.0,16.378,0
3.966,96.872,34.244,0.068,121242.0,241317.0,22.0,16.99,23.5,92.908,33.78,0.068,2013590.0,262489.0,85.0,16.332,23.84800000000001,94.386,35.078,0.068,2124190.0,237921.0,90.0,15.668,3.488,95.822,35.35,0.134,14745.6,3246580.0,12.0,16.332,5.796,93.708,31.808000000000003,0.068,214630.0,256207.0,33.0,16.378,21.934,93.732,35.258,0.066,1914470.0,3235850.0,32.0,16.95,0
23.5,92.908,33.78,0.068,2013590.0,262489.0,85.0,16.332,23.84800000000001,94.386,35.078,0.068,2124190.0,237921.0,90.0,15.668,3.488,95.822,35.35,0.134,14745.6,3246580.0,12.0,16.332,5.796,93.708,31.808000000000003,0.068,214630.0,256207.0,33.0,16.378,21.934,93.732,35.258,0.066,1914470.0,3235850.0,32.0,16.95,27.586,93.978,34.806,0.068,2115170.0,244128.0,21.0,16.652,0
23.84800000000001,94.386,35.078,0.068,2124190.0,237921.0,90.0,15.668,3.488,95.822,35.35,0.134,14745.6,3246580.0,12.0,16.332,5.796,93.708,31.808000000000003,0.068,214630.0,256207.0,33.0,16.378,21.934,93.732,35.258,0.066,1914470.0,3235850.0,32.0,16.95,27.586,93.978,34.806,0.068,2115170.0,244128.0,21.0,16.652,0.102,95.376,32.264,0.134,3276.8,258393.0,9.0,16.666,0
3.488,95.822,35.35,0.134,14745.6,3246580.0,12.0,16.332,5.796,93.708,31.808000000000003,0.068,214630.0,256207.0,33.0,16.378,21.934,93.732,35.258,0.066,1914470.0,3235850.0,32.0,16.95,27.586,93.978,34.806,0.068,2115170.0,244128.0,21.0,16.652,0.102,95.376,32.264,0.134,3276.8,258393.0,9.0,16.666,0.066,93.128,37.184,0.066,0.0,244173.0,113.0,16.336,0
5.796,93.708,31.808000000000003,0.068,214630.0,256207.0,33.0,16.378,21.934,93.732,35.258,0.066,1914470.0,3235850.0,32.0,16.95,27.586,93.978,34.806,0.068,2115170.0,244128.0,21.0,16.652,0.102,95.376,32.264,0.134,3276.8,258393.0,9.0,16.666,0.066,93.128,37.184,0.066,0.0,244173.0,113.0,16.336,27.138,94.166,32.43,0.066,2124190.0,259180.0,17.0,16.666,0
21.934,93.732,35.258,0.066,1914470.0,3235850.0,32.0,16.95,27.586,93.978,34.806,0.068,2115170.0,244128.0,21.0,16.652,0.102,95.376,32.264,0.134,3276.8,258393.0,9.0,16.666,0.066,93.128,37.184,0.066,0.0,244173.0,113.0,16.336,27.138,94.166,32.43,0.066,2124190.0,259180.0,17.0,16.666,27.16800000000001,97.248,35.504,0.068,2125000.0,239867.0,5.0,16.715999999999998,0
27.586,93.978,34.806,0.068,2115170.0,244128.0,21.0,16.652,0.102,95.376,32.264,0.134,3276.8,258393.0,9.0,16.666,0.066,93.128,37.184,0.066,0.0,244173.0,113.0,16.336,27.138,94.166,32.43,0.066,2124190.0,259180.0,17.0,16.666,27.16800000000001,97.248,35.504,0.068,2125000.0,239867.0,5.0,16.715999999999998,0.1,94.626,31.244,0.066,0.0,257970.0,12.0,16.288,0
0.102,95.376,32.264,0.134,3276.8,258393.0,9.0,16.666,0.066,93.128,37.184,0.066,0.0,244173.0,113.0,16.336,27.138,94.166,32.43,0.066,2124190.0,259180.0,17.0,16.666,27.16800000000001,97.248,35.504,0.068,2125000.0,239867.0,5.0,16.715999999999998,0.1,94.626,31.244,0.066,0.0,257970.0,12.0,16.288,27.686,97.26,33.896,0.066,2101250.0,248844.0,7.0,16.666,0
0.066,93.128,37.184,0.066,0.0,244173.0,113.0,16.336,27.138,94.166,32.43,0.066,2124190.0,259180.0,17.0,16.666,27.16800000000001,97.248,35.504,0.068,2125000.0,239867.0,5.0,16.715999999999998,0.1,94.626,31.244,0.066,0.0,257970.0,12.0,16.288,27.686,97.26,33.896,0.066,2101250.0,248844.0,7.0,16.666,26.166,95.376,34.788000000000004,0.134,2111900.0,229546.0,11.0,16.666,0
27.138,94.166,32.43,0.066,2124190.0,259180.0,17.0,16.666,27.16800000000001,97.248,35.504,0.068,2125000.0,239867.0,5.0,16.715999999999998,0.1,94.626,31.244,0.066,0.0,257970.0,12.0,16.288,27.686,97.26,33.896,0.066,2101250.0,248844.0,7.0,16.666,26.166,95.376,34.788000000000004,0.134,2111900.0,229546.0,11.0,16.666,14.05,94.542,34.098,0.066,509542.0,251849.0,8.0,16.334,0
27.16800000000001,97.248,35.504,0.068,2125000.0,239867.0,5.0,16.715999999999998,0.1,94.626,31.244,0.066,0.0,257970.0,12.0,16.288,27.686,97.26,33.896,0.066,2101250.0,248844.0,7.0,16.666,26.166,95.376,34.788000000000004,0.134,2111900.0,229546.0,11.0,16.666,14.05,94.542,34.098,0.066,509542.0,251849.0,8.0,16.334,14.502,97.874,34.132,0.066,1625290.0,3238740.0,8.0,17.3,0
0.1,94.626,31.244,0.066,0.0,257970.0,12.0,16.288,27.686,97.26,33.896,0.066,2101250.0,248844.0,7.0,16.666,26.166,95.376,34.788000000000004,0.134,2111900.0,229546.0,11.0,16.666,14.05,94.542,34.098,0.066,509542.0,251849.0,8.0,16.334,14.502,97.874,34.132,0.066,1625290.0,3238740.0,8.0,17.3,0.068,93.456,35.822,0.136,0.0,264761.0,5.0,16.336,0
27.686,97.26,33.896,0.066,2101250.0,248844.0,7.0,16.666,26.166,95.376,34.788000000000004,0.134,2111900.0,229546.0,11.0,16.666,14.05,94.542,34.098,0.066,509542.0,251849.0,8.0,16.334,14.502,97.874,34.132,0.066,1625290.0,3238740.0,8.0,17.3,0.068,93.456,35.822,0.136,0.0,264761.0,5.0,16.336,24.82800000000001,94.5,35.692,0.066,2111080.0,3224250.0,61.0,16.666,0
26.166,95.376,34.788000000000004,0.134,2111900.0,229546.0,11.0,16.666,14.05,94.542,34.098,0.066,509542.0,251849.0,8.0,16.334,14.502,97.874,34.132,0.066,1625290.0,3238740.0,8.0,17.3,0.068,93.456,35.822,0.136,0.0,264761.0,5.0,16.336,24.82800000000001,94.5,35.692,0.066,2111080.0,3224250.0,61.0,16.666,2.678,96.708,36.354,0.068,17203.2,262425.0,6.0,16.666,0
14.05,94.542,34.098,0.066,509542.0,251849.0,8.0,16.334,14.502,97.874,34.132,0.066,1625290.0,3238740.0,8.0,17.3,0.068,93.456,35.822,0.136,0.0,264761.0,5.0,16.336,24.82800000000001,94.5,35.692,0.066,2111080.0,3224250.0,61.0,16.666,2.678,96.708,36.354,0.068,17203.2,262425.0,6.0,16.666,0.068,94.304,35.094,0.068,0.0,243641.0,10.0,16.044,0
14.502,97.874,34.132,0.066,1625290.0,3238740.0,8.0,17.3,0.068,93.456,35.822,0.136,0.0,264761.0,5.0,16.336,24.82800000000001,94.5,35.692,0.066,2111080.0,3224250.0,61.0,16.666,2.678,96.708,36.354,0.068,17203.2,262425.0,6.0,16.666,0.068,94.304,35.094,0.068,0.0,243641.0,10.0,16.044,0.1,93.932,33.6,0.068,0.0,253186.0,40.0,16.284000000000002,0
0.068,93.456,35.822,0.136,0.0,264761.0,5.0,16.336,24.82800000000001,94.5,35.692,0.066,2111080.0,3224250.0,61.0,16.666,2.678,96.708,36.354,0.068,17203.2,262425.0,6.0,16.666,0.068,94.304,35.094,0.068,0.0,243641.0,10.0,16.044,0.1,93.932,33.6,0.068,0.0,253186.0,40.0,16.284000000000002,0.1,93.168,34.718,0.066,0.0,245125.0,123.0,16.666,0
24.82800000000001,94.5,35.692,0.066,2111080.0,3224250.0,61.0,16.666,2.678,96.708,36.354,0.068,17203.2,262425.0,6.0,16.666,0.068,94.304,35.094,0.068,0.0,243641.0,10.0,16.044,0.1,93.932,33.6,0.068,0.0,253186.0,40.0,16.284000000000002,0.1,93.168,34.718,0.066,0.0,245125.0,123.0,16.666,0.1,96.424,32.496,0.134,0.0,244341.0,3.0,16.332,0
2.678,96.708,36.354,0.068,17203.2,262425.0,6.0,16.666,0.068,94.304,35.094,0.068,0.0,243641.0,10.0,16.044,0.1,93.932,33.6,0.068,0.0,253186.0,40.0,16.284000000000002,0.1,93.168,34.718,0.066,0.0,245125.0,123.0,16.666,0.1,96.424,32.496,0.134,0.0,244341.0,3.0,16.332,0.066,95.6,35.798,0.066,0.0,254256.0,5.0,17.0,0
0.068,94.304,35.094,0.068,0.0,243641.0,10.0,16.044,0.1,93.932,33.6,0.068,0.0,253186.0,40.0,16.284000000000002,0.1,93.168,34.718,0.066,0.0,245125.0,123.0,16.666,0.1,96.424,32.496,0.134,0.0,244341.0,3.0,16.332,0.066,95.6,35.798,0.066,0.0,254256.0,5.0,17.0,0.102,95.084,32.136,0.068,0.0,244250.0,88.0,16.342,1
0.1,93.932,33.6,0.068,0.0,253186.0,40.0,16.284000000000002,0.1,93.168,34.718,0.066,0.0,245125.0,123.0,16.666,0.1,96.424,32.496,0.134,0.0,244341.0,3.0,16.332,0.066,95.6,35.798,0.066,0.0,254256.0,5.0,17.0,0.102,95.084,32.136,0.068,0.0,244250.0,88.0,16.342,0.1,96.136,33.31,0.066,0.0,257829.0,74.0,16.332,1
0.1,93.168,34.718,0.066,0.0,245125.0,123.0,16.666,0.1,96.424,32.496,0.134,0.0,244341.0,3.0,16.332,0.066,95.6,35.798,0.066,0.0,254256.0,5.0,17.0,0.102,95.084,32.136,0.068,0.0,244250.0,88.0,16.342,0.1,96.136,33.31,0.066,0.0,257829.0,74.0,16.332,0.068,95.416,37.536,0.134,0.0,249961.0,84.0,16.334,1
0.1,96.424,32.496,0.134,0.0,244341.0,3.0,16.332,0.066,95.6,35.798,0.066,0.0,254256.0,5.0,17.0,0.102,95.084,32.136,0.068,0.0,244250.0,88.0,16.342,0.1,96.136,33.31,0.066,0.0,257829.0,74.0,16.332,0.068,95.416,37.536,0.134,0.0,249961.0,84.0,16.334,0.102,93.424,31.032,0.068,0.0,3255920.0,61.0,19.0,1
0.066,95.6,35.798,0.066,0.0,254256.0,5.0,17.0,0.102,95.084,32.136,0.068,0.0,244250.0,88.0,16.342,0.1,96.136,33.31,0.066,0.0,257829.0,74.0,16.332,0.068,95.416,37.536,0.134,0.0,249961.0,84.0,16.334,0.102,93.424,31.032,0.068,0.0,3255920.0,61.0,19.0,41.45,94.636,33.802,0.066,2995810.0,256583.0,47.0,15.668,1
0.102,95.084,32.136,0.068,0.0,244250.0,88.0,16.342,0.1,96.136,33.31,0.066,0.0,257829.0,74.0,16.332,0.068,95.416,37.536,0.134,0.0,249961.0,84.0,16.334,0.102,93.424,31.032,0.068,0.0,3255920.0,61.0,19.0,41.45,94.636,33.802,0.066,2995810.0,256583.0,47.0,15.668,0.1,95.084,37.63,0.066,0.0,3243410.0,137.0,17.0,1
0.1,96.136,33.31,0.066,0.0,257829.0,74.0,16.332,0.068,95.416,37.536,0.134,0.0,249961.0,84.0,16.334,0.102,93.424,31.032,0.068,0.0,3255920.0,61.0,19.0,41.45,94.636,33.802,0.066,2995810.0,256583.0,47.0,15.668,0.1,95.084,37.63,0.066,0.0,3243410.0,137.0,17.0,0.134,94.958,37.254,0.066,0.0,242797.0,58.0,16.052,1
0.068,95.416,37.536,0.134,0.0,249961.0,84.0,16.334,0.102,93.424,31.032,0.068,0.0,3255920.0,61.0,19.0,41.45,94.636,33.802,0.066,2995810.0,256583.0,47.0,15.668,0.1,95.084,37.63,0.066,0.0,3243410.0,137.0,17.0,0.134,94.958,37.254,0.066,0.0,242797.0,58.0,16.052,0.102,94.292,31.13,0.066,0.0,266761.0,4.0,16.316,1
0.102,93.424,31.032,0.068,0.0,3255920.0,61.0,19.0,41.45,94.636,33.802,0.066,2995810.0,256583.0,47.0,15.668,0.1,95.084,37.63,0.066,0.0,3243410.0,137.0,17.0,0.134,94.958,37.254,0.066,0.0,242797.0,58.0,16.052,0.102,94.292,31.13,0.066,0.0,266761.0,4.0,16.316,0.068,94.708,33.286,0.132,0.0,240054.0,79.0,16.334,1
41.45,94.636,33.802,0.066,2995810.0,256583.0,47.0,15.668,0.1,95.084,37.63,0.066,0.0,3243410.0,137.0,17.0,0.134,94.958,37.254,0.066,0.0,242797.0,58.0,16.052,0.102,94.292,31.13,0.066,0.0,266761.0,4.0,16.316,0.068,94.708,33.286,0.132,0.0,240054.0,79.0,16.334,0.102,96.468,33.046,0.066,0.0,247797.0,41.0,16.666,1
0.1,95.084,37.63,0.066,0.0,3243410.0,137.0,17.0,0.134,94.958,37.254,0.066,0.0,242797.0,58.0,16.052,0.102,94.292,31.13,0.066,0.0,266761.0,4.0,16.316,0.068,94.708,33.286,0.132,0.0,240054.0,79.0,16.334,0.102,96.468,33.046,0.066,0.0,247797.0,41.0,16.666,0.1,95.958,33.122,0.068,0.0,243652.0,80.0,16.666,1
0.134,94.958,37.254,0.066,0.0,242797.0,58.0,16.052,0.102,94.292,31.13,0.066,0.0,266761.0,4.0,16.316,0.068,94.708,33.286,0.132,0.0,240054.0,79.0,16.334,0.102,96.468,33.046,0.066,0.0,247797.0,41.0,16.666,0.1,95.958,33.122,0.068,0.0,243652.0,80.0,16.666,0.102,94.416,38.392,0.066,0.0,246122.0,93.0,16.666,1
0.102,94.292,31.13,0.066,0.0,266761.0,4.0,16.316,0.068,94.708,33.286,0.132,0.0,240054.0,79.0,16.334,0.102,96.468,33.046,0.066,0.0,247797.0,41.0,16.666,0.1,95.958,33.122,0.068,0.0,243652.0,80.0,16.666,0.102,94.416,38.392,0.066,0.0,246122.0,93.0,16.666,0.066,93.25,30.282,0.066,0.0,261319.0,7.0,16.656,1
0.068,94.708,33.286,0.132,0.0,240054.0,79.0,16.334,0.102,96.468,33.046,0.066,0.0,247797.0,41.0,16.666,0.1,95.958,33.122,0.068,0.0,243652.0,80.0,16.666,0.102,94.416,38.392,0.066,0.0,246122.0,93.0,16.666,0.066,93.25,30.282,0.066,0.0,261319.0,7.0,16.656,0.1,94.416,32.206,0.136,0.0,246188.0,2.0,16.666,1
0.102,96.468,33.046,0.066,0.0,247797.0,41.0,16.666,0.1,95.958,33.122,0.068,0.0,243652.0,80.0,16.666,0.102,94.416,38.392,0.066,0.0,246122.0,93.0,16.666,0.066,93.25,30.282,0.066,0.0,261319.0,7.0,16.656,0.1,94.416,32.206,0.136,0.0,246188.0,2.0,16.666,0.102,94.626,35.14,0.066,0.0,273897.0,9.0,16.0,1
0.1,95.958,33.122,0.068,0.0,243652.0,80.0,16.666,0.102,94.416,38.392,0.066,0.0,246122.0,93.0,16.666,0.066,93.25,30.282,0.066,0.0,261319.0,7.0,16.656,0.1,94.416,32.206,0.136,0.0,246188.0,2.0,16.666,0.102,94.626,35.14,0.066,0.0,273897.0,9.0,16.0,0.102,94.85,36.22,0.068,0.0,3226560.0,1.0,16.666,1
0.102,94.416,38.392,0.066,0.0,246122.0,93.0,16.666,0.066,93.25,30.282,0.066,0.0,261319.0,7.0,16.656,0.1,94.416,32.206,0.136,0.0,246188.0,2.0,16.666,0.102,94.626,35.14,0.066,0.0,273897.0,9.0,16.0,0.102,94.85,36.22,0.068,0.0,3226560.0,1.0,16.666,0.068,92.294,33.592,0.134,0.0,267619.0,38.0,16.668,1
0.066,93.25,30.282,0.066,0.0,261319.0,7.0,16.656,0.1,94.416,32.206,0.136,0.0,246188.0,2.0,16.666,0.102,94.626,35.14,0.066,0.0,273897.0,9.0,16.0,0.102,94.85,36.22,0.068,0.0,3226560.0,1.0,16.666,0.068,92.294,33.592,0.134,0.0,267619.0,38.0,16.668,0.102,95.5,35.762,0.068,0.0,3222390.0,34.0,16.666,1
0.1,94.416,32.206,0.136,0.0,246188.0,2.0,16.666,0.102,94.626,35.14,0.066,0.0,273897.0,9.0,16.0,0.102,94.85,36.22,0.068,0.0,3226560.0,1.0,16.666,0.068,92.294,33.592,0.134,0.0,267619.0,38.0,16.668,0.102,95.5,35.762,0.068,0.0,3222390.0,34.0,16.666,0.102,94.042,36.858,0.068,0.0,267290.0,20.0,16.334,1
0.102,94.626,35.14,0.066,0.0,273897.0,9.0,16.0,0.102,94.85,36.22,0.068,0.0,3226560.0,1.0,16.666,0.068,92.294,33.592,0.134,0.0,267619.0,38.0,16.668,0.102,95.5,35.762,0.068,0.0,3222390.0,34.0,16.666,0.102,94.042,36.858,0.068,0.0,267290.0,20.0,16.334,0.102,93.508,32.111999999999995,0.066,0.0,246346.0,6.0,16.332,1
0.102,94.85,36.22,0.068,0.0,3226560.0,1.0,16.666,0.068,92.294,33.592,0.134,0.0,267619.0,38.0,16.668,0.102,95.5,35.762,0.068,0.0,3222390.0,34.0,16.666,0.102,94.042,36.858,0.068,0.0,267290.0,20.0,16.334,0.102,93.508,32.111999999999995,0.066,0.0,246346.0,6.0,16.332,0.064,92.77,37.69,0.066,0.0,258775.0,62.0,16.664,1
0.068,92.294,33.592,0.134,0.0,267619.0,38.0,16.668,0.102,95.5,35.762,0.068,0.0,3222390.0,34.0,16.666,0.102,94.042,36.858,0.068,0.0,267290.0,20.0,16.334,0.102,93.508,32.111999999999995,0.066,0.0,246346.0,6.0,16.332,0.064,92.77,37.69,0.066,0.0,258775.0,62.0,16.664,0.236,92.63,29.79,0.066,0.0,247139.0,5.0,17.334,1
0.102,95.5,35.762,0.068,0.0,3222390.0,34.0,16.666,0.102,94.042,36.858,0.068,0.0,267290.0,20.0,16.334,0.102,93.508,32.111999999999995,0.066,0.0,246346.0,6.0,16.332,0.064,92.77,37.69,0.066,0.0,258775.0,62.0,16.664,0.236,92.63,29.79,0.066,0.0,247139.0,5.0,17.334,0.068,94.862,33.916,0.132,0.0,239030.0,5.0,16.002,1
0.102,94.042,36.858,0.068,0.0,267290.0,20.0,16.334,0.102,93.508,32.111999999999995,0.066,0.0,246346.0,6.0,16.332,0.064,92.77,37.69,0.066,0.0,258775.0,62.0,16.664,0.236,92.63,29.79,0.066,0.0,247139.0,5.0,17.334,0.068,94.862,33.916,0.132,0.0,239030.0,5.0,16.002,0.102,93.666,33.998000000000005,0.066,0.0,264852.0,7.0,16.666,1
0.102,93.508,32.111999999999995,0.066,0.0,246346.0,6.0,16.332,0.064,92.77,37.69,0.066,0.0,258775.0,62.0,16.664,0.236,92.63,29.79,0.066,0.0,247139.0,5.0,17.334,0.068,94.862,33.916,0.132,0.0,239030.0,5.0,16.002,0.102,93.666,33.998000000000005,0.066,0.0,264852.0,7.0,16.666,27.5,94.534,36.164,0.068,2150400.0,245109.0,22.0,17.04,1
0.064,92.77,37.69,0.066,0.0,258775.0,62.0,16.664,0.236,92.63,29.79,0.066,0.0,247139.0,5.0,17.334,0.068,94.862,33.916,0.132,0.0,239030.0,5.0,16.002,0.102,93.666,33.998000000000005,0.066,0.0,264852.0,7.0,16.666,27.5,94.534,36.164,0.068,2150400.0,245109.0,22.0,17.04,0.1,94.25,32.128,0.068,3276.8,247650.0,9.0,16.288,1
0.236,92.63,29.79,0.066,0.0,247139.0,5.0,17.334,0.068,94.862,33.916,0.132,0.0,239030.0,5.0,16.002,0.102,93.666,33.998000000000005,0.066,0.0,264852.0,7.0,16.666,27.5,94.534,36.164,0.068,2150400.0,245109.0,22.0,17.04,0.1,94.25,32.128,0.068,3276.8,247650.0,9.0,16.288,0.068,96.124,35.872,0.066,0.0,255217.0,8.0,16.682000000000002,1
0.068,94.862,33.916,0.132,0.0,239030.0,5.0,16.002,0.102,93.666,33.998000000000005,0.066,0.0,264852.0,7.0,16.666,27.5,94.534,36.164,0.068,2150400.0,245109.0,22.0,17.04,0.1,94.25,32.128,0.068,3276.8,247650.0,9.0,16.288,0.068,96.124,35.872,0.066,0.0,255217.0,8.0,16.682000000000002,0.102,93.334,33.782,0.134,0.0,3256740.0,60.0,16.334,1
0.102,93.666,33.998000000000005,0.066,0.0,264852.0,7.0,16.666,27.5,94.534,36.164,0.068,2150400.0,245109.0,22.0,17.04,0.1,94.25,32.128,0.068,3276.8,247650.0,9.0,16.288,0.068,96.124,35.872,0.066,0.0,255217.0,8.0,16.682000000000002,0.102,93.334,33.782,0.134,0.0,3256740.0,60.0,16.334,0.102,96.53,37.418,0.066,0.0,252297.0,84.0,16.648,1
27.5,94.534,36.164,0.068,2150400.0,245109.0,22.0,17.04,0.1,94.25,32.128,0.068,3276.8,247650.0,9.0,16.288,0.068,96.124,35.872,0.066,0.0,255217.0,8.0,16.682000000000002,0.102,93.334,33.782,0.134,0.0,3256740.0,60.0,16.334,0.102,96.53,37.418,0.066,0.0,252297.0,84.0,16.648,0.102,91.958,34.93,0.066,0.0,3255140.0,9.0,16.002,1
0.1,94.25,32.128,0.068,3276.8,247650.0,9.0,16.288,0.068,96.124,35.872,0.066,0.0,255217.0,8.0,16.682000000000002,0.102,93.334,33.782,0.134,0.0,3256740.0,60.0,16.334,0.102,96.53,37.418,0.066,0.0,252297.0,84.0,16.648,0.102,91.958,34.93,0.066,0.0,3255140.0,9.0,16.002,27.512,93.708,33.644,0.068,2147940.0,245207.0,12.0,17.35,1
0.068,96.124,35.872,0.066,0.0,255217.0,8.0,16.682000000000002,0.102,93.334,33.782,0.134,0.0,3256740.0,60.0,16.334,0.102,96.53,37.418,0.066,0.0,252297.0,84.0,16.648,0.102,91.958,34.93,0.066,0.0,3255140.0,9.0,16.002,27.512,93.708,33.644,0.068,2147940.0,245207.0,12.0,17.35,0.102,95.958,32.464,0.066,0.0,261411.0,61.0,16.0,1
0.102,93.334,33.782,0.134,0.0,3256740.0,60.0,16.334,0.102,96.53,37.418,0.066,0.0,252297.0,84.0,16.648,0.102,91.958,34.93,0.066,0.0,3255140.0,9.0,16.002,27.512,93.708,33.644,0.068,2147940.0,245207.0,12.0,17.35,0.102,95.958,32.464,0.066,0.0,261411.0,61.0,16.0,0.068,94.5,35.66,0.134,0.0,248442.0,77.0,16.666,1
0.102,96.53,37.418,0.066,0.0,252297.0,84.0,16.648,0.102,91.958,34.93,0.066,0.0,3255140.0,9.0,16.002,27.512,93.708,33.644,0.068,2147940.0,245207.0,12.0,17.35,0.102,95.958,32.464,0.066,0.0,261411.0,61.0,16.0,0.068,94.5,35.66,0.134,0.0,248442.0,77.0,16.666,0.1,95.708,31.162,0.066,0.0,234227.0,34.0,18.332,1
0.102,91.958,34.93,0.066,0.0,3255140.0,9.0,16.002,27.512,93.708,33.644,0.068,2147940.0,245207.0,12.0,17.35,0.102,95.958,32.464,0.066,0.0,261411.0,61.0,16.0,0.068,94.5,35.66,0.134,0.0,248442.0,77.0,16.666,0.1,95.708,31.162,0.066,0.0,234227.0,34.0,18.332,0.068,93.166,33.338,0.068,0.0,262916.0,43.0,16.336,1
27.512,93.708,33.644,0.068,2147940.0,245207.0,12.0,17.35,0.102,95.958,32.464,0.066,0.0,261411.0,61.0,16.0,0.068,94.5,35.66,0.134,0.0,248442.0,77.0,16.666,0.1,95.708,31.162,0.066,0.0,234227.0,34.0,18.332,0.068,93.166,33.338,0.068,0.0,262916.0,43.0,16.336,0.3720000000000001,91.458,35.472,0.132,0.0,243965.0,34.0,16.0,1
0.102,95.958,32.464,0.066,0.0,261411.0,61.0,16.0,0.068,94.5,35.66,0.134,0.0,248442.0,77.0,16.666,0.1,95.708,31.162,0.066,0.0,234227.0,34.0,18.332,0.068,93.166,33.338,0.068,0.0,262916.0,43.0,16.336,0.3720000000000001,91.458,35.472,0.132,0.0,243965.0,34.0,16.0,27.5,96.328,32.676,0.134,2162690.0,269786.0,119.0,16.998,1
0.068,94.5,35.66,0.134,0.0,248442.0,77.0,16.666,0.1,95.708,31.162,0.066,0.0,234227.0,34.0,18.332,0.068,93.166,33.338,0.068,0.0,262916.0,43.0,16.336,0.3720000000000001,91.458,35.472,0.132,0.0,243965.0,34.0,16.0,27.5,96.328,32.676,0.134,2162690.0,269786.0,119.0,16.998,0.1,94.184,32.794000000000004,0.066,0.0,243424.0,41.0,16.0,1
0.1,95.708,31.162,0.066,0.0,234227.0,34.0,18.332,0.068,93.166,33.338,0.068,0.0,262916.0,43.0,16.336,0.3720000000000001,91.458,35.472,0.132,0.0,243965.0,34.0,16.0,27.5,96.328,32.676,0.134,2162690.0,269786.0,119.0,16.998,0.1,94.184,32.794000000000004,0.066,0.0,243424.0,41.0,16.0,0.102,96.182,34.882,0.066,0.0,254331.0,5.0,16.334,1
0.068,93.166,33.338,0.068,0.0,262916.0,43.0,16.336,0.3720000000000001,91.458,35.472,0.132,0.0,243965.0,34.0,16.0,27.5,96.328,32.676,0.134,2162690.0,269786.0,119.0,16.998,0.1,94.184,32.794000000000004,0.066,0.0,243424.0,41.0,16.0,0.102,96.182,34.882,0.066,0.0,254331.0,5.0,16.334,19.146,91.9,35.354,0.134,1592520.0,3225920.0,6.0,16.998,1
0.3720000000000001,91.458,35.472,0.132,0.0,243965.0,34.0,16.0,27.5,96.328,32.676,0.134,2162690.0,269786.0,119.0,16.998,0.1,94.184,32.794000000000004,0.066,0.0,243424.0,41.0,16.0,0.102,96.182,34.882,0.066,0.0,254331.0,5.0,16.334,19.146,91.9,35.354,0.134,1592520.0,3225920.0,6.0,16.998,8.334,92.542,32.14,0.066,571802.0,274760.0,21.0,16.336,1
27.5,96.328,32.676,0.134,2162690.0,269786.0,119.0,16.998,0.1,94.184,32.794000000000004,0.066,0.0,243424.0,41.0,16.0,0.102,96.182,34.882,0.066,0.0,254331.0,5.0,16.334,19.146,91.9,35.354,0.134,1592520.0,3225920.0,6.0,16.998,8.334,92.542,32.14,0.066,571802.0,274760.0,21.0,16.336,27.766,94.22,34.882,0.066,2159410.0,3235040.0,169.0,16.668,1
0.1,94.184,32.794000000000004,0.066,0.0,243424.0,41.0,16.0,0.102,96.182,34.882,0.066,0.0,254331.0,5.0,16.334,19.146,91.9,35.354,0.134,1592520.0,3225920.0,6.0,16.998,8.334,92.542,32.14,0.066,571802.0,274760.0,21.0,16.336,27.766,94.22,34.882,0.066,2159410.0,3235040.0,169.0,16.668,0.1,94.416,35.738,0.066,0.0,226882.0,29.0,16.666,1
0.102,96.182,34.882,0.066,0.0,254331.0,5.0,16.334,19.146,91.9,35.354,0.134,1592520.0,3225920.0,6.0,16.998,8.334,92.542,32.14,0.066,571802.0,274760.0,21.0,16.336,27.766,94.22,34.882,0.066,2159410.0,3235040.0,169.0,16.668,0.1,94.416,35.738,0.066,0.0,226882.0,29.0,16.666,0.102,98.212,34.558,0.068,0.0,274551.0,64.0,16.666,1
19.146,91.9,35.354,0.134,1592520.0,3225920.0,6.0,16.998,8.334,92.542,32.14,0.066,571802.0,274760.0,21.0,16.336,27.766,94.22,34.882,0.066,2159410.0,3235040.0,169.0,16.668,0.1,94.416,35.738,0.066,0.0,226882.0,29.0,16.666,0.102,98.212,34.558,0.068,0.0,274551.0,64.0,16.666,0.098,94.546,33.896,0.066,0.0,243678.0,93.0,17.0,1
8.334,92.542,32.14,0.066,571802.0,274760.0,21.0,16.336,27.766,94.22,34.882,0.066,2159410.0,3235040.0,169.0,16.668,0.1,94.416,35.738,0.066,0.0,226882.0,29.0,16.666,0.102,98.212,34.558,0.068,0.0,274551.0,64.0,16.666,0.098,94.546,33.896,0.066,0.0,243678.0,93.0,17.0,0.1,93.334,30.938,0.134,0.0,268744.0,7.0,16.622,1
27.766,94.22,34.882,0.066,2159410.0,3235040.0,169.0,16.668,0.1,94.416,35.738,0.066,0.0,226882.0,29.0,16.666,0.102,98.212,34.558,0.068,0.0,274551.0,64.0,16.666,0.098,94.546,33.896,0.066,0.0,243678.0,93.0,17.0,0.1,93.334,30.938,0.134,0.0,268744.0,7.0,16.622,0.066,93.88,33.256,0.068,0.0,243537.0,11.0,16.714000000000002,1
0.1,94.416,35.738,0.066,0.0,226882.0,29.0,16.666,0.102,98.212,34.558,0.068,0.0,274551.0,64.0,16.666,0.098,94.546,33.896,0.066,0.0,243678.0,93.0,17.0,0.1,93.334,30.938,0.134,0.0,268744.0,7.0,16.622,0.066,93.88,33.256,0.068,0.0,243537.0,11.0,16.714000000000002,0.102,92.868,33.594,0.066,0.0,272854.0,62.0,16.332,1
0.102,98.212,34.558,0.068,0.0,274551.0,64.0,16.666,0.098,94.546,33.896,0.066,0.0,243678.0,93.0,17.0,0.1,93.334,30.938,0.134,0.0,268744.0,7.0,16.622,0.066,93.88,33.256,0.068,0.0,243537.0,11.0,16.714000000000002,0.102,92.868,33.594,0.066,0.0,272854.0,62.0,16.332,0.102,95.306,33.628,0.066,0.0,250481.0,54.0,16.358,1
0.098,94.546,33.896,0.066,0.0,243678.0,93.0,17.0,0.1,93.334,30.938,0.134,0.0,268744.0,7.0,16.622,0.066,93.88,33.256,0.068,0.0,243537.0,11.0,16.714000000000002,0.102,92.868,33.594,0.066,0.0,272854.0,62.0,16.332,0.102,95.306,33.628,0.066,0.0,250481.0,54.0,16.358,0.102,93.876,34.406,0.066,0.0,263026.0,4.0,15.964,1
0.1,93.334,30.938,0.134,0.0,268744.0,7.0,16.622,0.066,93.88,33.256,0.068,0.0,243537.0,11.0,16.714000000000002,0.102,92.868,33.594,0.066,0.0,272854.0,62.0,16.332,0.102,95.306,33.628,0.066,0.0,250481.0,54.0,16.358,0.102,93.876,34.406,0.066,0.0,263026.0,4.0,15.964,0.1,94.712,41.056,0.132,0.0,247761.0,5.0,16.64,1
0.066,93.88,33.256,0.068,0.0,243537.0,11.0,16.714000000000002,0.102,92.868,33.594,0.066,0.0,272854.0,62.0,16.332,0.102,95.306,33.628,0.066,0.0,250481.0,54.0,16.358,0.102,93.876,34.406,0.066,0.0,263026.0,4.0,15.964,0.1,94.712,41.056,0.132,0.0,247761.0,5.0,16.64,0.068,93.876,32.618,0.066,0.0,3241160.0,2.0,16.002,1
0.102,92.868,33.594,0.066,0.0,272854.0,62.0,16.332,0.102,95.306,33.628,0.066,0.0,250481.0,54.0,16.358,0.102,93.876,34.406,0.066,0.0,263026.0,4.0,15.964,0.1,94.712,41.056,0.132,0.0,247761.0,5.0,16.64,0.068,93.876,32.618,0.066,0.0,3241160.0,2.0,16.002,0.1,95.876,32.008,0.066,0.0,247622.0,21.0,17.0,1
0.102,95.306,33.628,0.066,0.0,250481.0,54.0,16.358,0.102,93.876,34.406,0.066,0.0,263026.0,4.0,15.964,0.1,94.712,41.056,0.132,0.0,247761.0,5.0,16.64,0.068,93.876,32.618,0.066,0.0,3241160.0,2.0,16.002,0.1,95.876,32.008,0.066,0.0,247622.0,21.0,17.0,0.102,96.708,35.39,0.066,0.0,3244430.0,56.0,16.332,1
0.102,93.876,34.406,0.066,0.0,263026.0,4.0,15.964,0.1,94.712,41.056,0.132,0.0,247761.0,5.0,16.64,0.068,93.876,32.618,0.066,0.0,3241160.0,2.0,16.002,0.1,95.876,32.008,0.066,0.0,247622.0,21.0,17.0,0.102,96.708,35.39,0.066,0.0,3244430.0,56.0,16.332,0.102,95.334,33.094,0.134,0.0,255419.0,17.0,16.336,1
0.1,94.712,41.056,0.132,0.0,247761.0,5.0,16.64,0.068,93.876,32.618,0.066,0.0,3241160.0,2.0,16.002,0.1,95.876,32.008,0.066,0.0,247622.0,21.0,17.0,0.102,96.708,35.39,0.066,0.0,3244430.0,56.0,16.332,0.102,95.334,33.094,0.134,0.0,255419.0,17.0,16.336,0.102,93.576,37.488,0.066,0.0,248049.0,18.0,16.324,1
0.068,93.876,32.618,0.066,0.0,3241160.0,2.0,16.002,0.1,95.876,32.008,0.066,0.0,247622.0,21.0,17.0,0.102,96.708,35.39,0.066,0.0,3244430.0,56.0,16.332,0.102,95.334,33.094,0.134,0.0,255419.0,17.0,16.336,0.102,93.576,37.488,0.066,0.0,248049.0,18.0,16.324,0.068,94.292,31.98,0.066,0.0,271746.0,192.0,16.692,1
0.1,95.876,32.008,0.066,0.0,247622.0,21.0,17.0,0.102,96.708,35.39,0.066,0.0,3244430.0,56.0,16.332,0.102,95.334,33.094,0.134,0.0,255419.0,17.0,16.336,0.102,93.576,37.488,0.066,0.0,248049.0,18.0,16.324,0.068,94.292,31.98,0.066,0.0,271746.0,192.0,16.692,0.1,94.25,34.882,0.068,0.0,246256.0,68.0,16.372,1
0.102,96.708,35.39,0.066,0.0,3244430.0,56.0,16.332,0.102,95.334,33.094,0.134,0.0,255419.0,17.0,16.336,0.102,93.576,37.488,0.066,0.0,248049.0,18.0,16.324,0.068,94.292,31.98,0.066,0.0,271746.0,192.0,16.692,0.1,94.25,34.882,0.068,0.0,246256.0,68.0,16.372,0.1,93.26,35.846,0.066,0.0,263923.0,9.0,16.928,1
0.102,95.334,33.094,0.134,0.0,255419.0,17.0,16.336,0.102,93.576,37.488,0.066,0.0,248049.0,18.0,16.324,0.068,94.292,31.98,0.066,0.0,271746.0,192.0,16.692,0.1,94.25,34.882,0.068,0.0,246256.0,68.0,16.372,0.1,93.26,35.846,0.066,0.0,263923.0,9.0,16.928,0.1,94.072,31.614,0.134,0.0,244058.0,59.0,15.666,1
0.102,93.576,37.488,0.066,0.0,248049.0,18.0,16.324,0.068,94.292,31.98,0.066,0.0,271746.0,192.0,16.692,0.1,94.25,34.882,0.068,0.0,246256.0,68.0,16.372,0.1,93.26,35.846,0.066,0.0,263923.0,9.0,16.928,0.1,94.072,31.614,0.134,0.0,244058.0,59.0,15.666,20.032,94.0,31.902,0.066,1774390.0,263818.0,32.0,17.0,1
0.068,94.292,31.98,0.066,0.0,271746.0,192.0,16.692,0.1,94.25,34.882,0.068,0.0,246256.0,68.0,16.372,0.1,93.26,35.846,0.066,0.0,263923.0,9.0,16.928,0.1,94.072,31.614,0.134,0.0,244058.0,59.0,15.666,20.032,94.0,31.902,0.066,1774390.0,263818.0,32.0,17.0,7.6320000000000014,94.334,36.15,0.066,372736.0,245562.0,79.0,16.002,1
0.1,94.25,34.882,0.068,0.0,246256.0,68.0,16.372,0.1,93.26,35.846,0.066,0.0,263923.0,9.0,16.928,0.1,94.072,31.614,0.134,0.0,244058.0,59.0,15.666,20.032,94.0,31.902,0.066,1774390.0,263818.0,32.0,17.0,7.6320000000000014,94.334,36.15,0.066,372736.0,245562.0,79.0,16.002,0.1,94.662,34.554,0.068,0.0,273713.0,76.0,16.658,1
0.1,93.26,35.846,0.066,0.0,263923.0,9.0,16.928,0.1,94.072,31.614,0.134,0.0,244058.0,59.0,15.666,20.032,94.0,31.902,0.066,1774390.0,263818.0,32.0,17.0,7.6320000000000014,94.334,36.15,0.066,372736.0,245562.0,79.0,16.002,0.1,94.662,34.554,0.068,0.0,273713.0,76.0,16.658,0.098,96.966,33.262,0.136,0.0,3223440.0,191.0,16.668,1
0.1,94.072,31.614,0.134,0.0,244058.0,59.0,15.666,20.032,94.0,31.902,0.066,1774390.0,263818.0,32.0,17.0,7.6320000000000014,94.334,36.15,0.066,372736.0,245562.0,79.0,16.002,0.1,94.662,34.554,0.068,0.0,273713.0,76.0,16.658,0.098,96.966,33.262,0.136,0.0,3223440.0,191.0,16.668,12.814,93.626,33.21,0.068,526746.0,257115.0,49.0,17.0,1
20.032,94.0,31.902,0.066,1774390.0,263818.0,32.0,17.0,7.6320000000000014,94.334,36.15,0.066,372736.0,245562.0,79.0,16.002,0.1,94.662,34.554,0.068,0.0,273713.0,76.0,16.658,0.098,96.966,33.262,0.136,0.0,3223440.0,191.0,16.668,12.814,93.626,33.21,0.068,526746.0,257115.0,49.0,17.0,14.862,93.874,34.578,0.066,1643320.0,3257980.0,57.0,16.334,1
7.6320000000000014,94.334,36.15,0.066,372736.0,245562.0,79.0,16.002,0.1,94.662,34.554,0.068,0.0,273713.0,76.0,16.658,0.098,96.966,33.262,0.136,0.0,3223440.0,191.0,16.668,12.814,93.626,33.21,0.068,526746.0,257115.0,49.0,17.0,14.862,93.874,34.578,0.066,1643320.0,3257980.0,57.0,16.334,0.102,95.5,36.292,0.068,0.0,248855.0,104.0,16.668,1
0.1,94.662,34.554,0.068,0.0,273713.0,76.0,16.658,0.098,96.966,33.262,0.136,0.0,3223440.0,191.0,16.668,12.814,93.626,33.21,0.068,526746.0,257115.0,49.0,17.0,14.862,93.874,34.578,0.066,1643320.0,3257980.0,57.0,16.334,0.102,95.5,36.292,0.068,0.0,248855.0,104.0,16.668,0.1,94.874,32.724000000000004,0.134,0.0,261345.0,8.0,15.668,1
0.098,96.966,33.262,0.136,0.0,3223440.0,191.0,16.668,12.814,93.626,33.21,0.068,526746.0,257115.0,49.0,17.0,14.862,93.874,34.578,0.066,1643320.0,3257980.0,57.0,16.334,0.102,95.5,36.292,0.068,0.0,248855.0,104.0,16.668,0.1,94.874,32.724000000000004,0.134,0.0,261345.0,8.0,15.668,0.1,95.416,32.408,0.066,0.0,272407.0,177.0,16.998,1
12.814,93.626,33.21,0.068,526746.0,257115.0,49.0,17.0,14.862,93.874,34.578,0.066,1643320.0,3257980.0,57.0,16.334,0.102,95.5,36.292,0.068,0.0,248855.0,104.0,16.668,0.1,94.874,32.724000000000004,0.134,0.0,261345.0,8.0,15.668,0.1,95.416,32.408,0.066,0.0,272407.0,177.0,16.998,0.066,93.75,33.034,0.068,0.0,261660.0,164.0,16.352,1
14.862,93.874,34.578,0.066,1643320.0,3257980.0,57.0,16.334,0.102,95.5,36.292,0.068,0.0,248855.0,104.0,16.668,0.1,94.874,32.724000000000004,0.134,0.0,261345.0,8.0,15.668,0.1,95.416,32.408,0.066,0.0,272407.0,177.0,16.998,0.066,93.75,33.034,0.068,0.0,261660.0,164.0,16.352,0.1,93.126,34.354,0.068,0.0,248905.0,66.0,16.284000000000002,1
0.102,95.5,36.292,0.068,0.0,248855.0,104.0,16.668,0.1,94.874,32.724000000000004,0.134,0.0,261345.0,8.0,15.668,0.1,95.416,32.408,0.066,0.0,272407.0,177.0,16.998,0.066,93.75,33.034,0.068,0.0,261660.0,164.0,16.352,0.1,93.126,34.354,0.068,0.0,248905.0,66.0,16.284000000000002,0.102,94.0,33.638000000000005,0.066,0.0,279150.0,36.0,16.334,1
0.1,94.874,32.724000000000004,0.134,0.0,261345.0,8.0,15.668,0.1,95.416,32.408,0.066,0.0,272407.0,177.0,16.998,0.066,93.75,33.034,0.068,0.0,261660.0,164.0,16.352,0.1,93.126,34.354,0.068,0.0,248905.0,66.0,16.284000000000002,0.102,94.0,33.638000000000005,0.066,0.0,279150.0,36.0,16.334,0.102,91.708,33.428000000000004,0.134,0.0,259640.0,71.0,17.062,1
0.1,95.416,32.408,0.066,0.0,272407.0,177.0,16.998,0.066,93.75,33.034,0.068,0.0,261660.0,164.0,16.352,0.1,93.126,34.354,0.068,0.0,248905.0,66.0,16.284000000000002,0.102,94.0,33.638000000000005,0.066,0.0,279150.0,36.0,16.334,0.102,91.708,33.428000000000004,0.134,0.0,259640.0,71.0,17.062,0.068,92.468,33.192,0.066,0.0,263080.0,35.0,15.964,1
0.066,93.75,33.034,0.068,0.0,261660.0,164.0,16.352,0.1,93.126,34.354,0.068,0.0,248905.0,66.0,16.284000000000002,0.102,94.0,33.638000000000005,0.066,0.0,279150.0,36.0,16.334,0.102,91.708,33.428000000000004,0.134,0.0,259640.0,71.0,17.062,0.068,92.468,33.192,0.066,0.0,263080.0,35.0,15.964,0.1,96.376,38.204,0.066,0.0,258559.0,100.0,15.962,1
0.1,93.126,34.354,0.068,0.0,248905.0,66.0,16.284000000000002,0.102,94.0,33.638000000000005,0.066,0.0,279150.0,36.0,16.334,0.102,91.708,33.428000000000004,0.134,0.0,259640.0,71.0,17.062,0.068,92.468,33.192,0.066,0.0,263080.0,35.0,15.964,0.1,96.376,38.204,0.066,0.0,258559.0,100.0,15.962,0.1,93.12,29.682,0.136,0.0,3250500.0,80.0,17.33,1
0.102,94.0,33.638000000000005,0.066,0.0,279150.0,36.0,16.334,0.102,91.708,33.428000000000004,0.134,0.0,259640.0,71.0,17.062,0.068,92.468,33.192,0.066,0.0,263080.0,35.0,15.964,0.1,96.376,38.204,0.066,0.0,258559.0,100.0,15.962,0.1,93.12,29.682,0.136,0.0,3250500.0,80.0,17.33,0.068,90.606,33.662,0.066,0.0,247463.0,33.0,16.002,1
0.102,91.708,33.428000000000004,0.134,0.0,259640.0,71.0,17.062,0.068,92.468,33.192,0.066,0.0,263080.0,35.0,15.964,0.1,96.376,38.204,0.066,0.0,258559.0,100.0,15.962,0.1,93.12,29.682,0.136,0.0,3250500.0,80.0,17.33,0.068,90.606,33.662,0.066,0.0,247463.0,33.0,16.002,0.102,94.958,36.76,0.066,0.0,3240320.0,196.0,16.334,1
0.068,92.468,33.192,0.066,0.0,263080.0,35.0,15.964,0.1,96.376,38.204,0.066,0.0,258559.0,100.0,15.962,0.1,93.12,29.682,0.136,0.0,3250500.0,80.0,17.33,0.068,90.606,33.662,0.066,0.0,247463.0,33.0,16.002,0.102,94.958,36.76,0.066,0.0,3240320.0,196.0,16.334,0.098,94.916,33.616,0.066,0.0,255462.0,203.0,16.336,1
0.1,96.376,38.204,0.066,0.0,258559.0,100.0,15.962,0.1,93.12,29.682,0.136,0.0,3250500.0,80.0,17.33,0.068,90.606,33.662,0.066,0.0,247463.0,33.0,16.002,0.102,94.958,36.76,0.066,0.0,3240320.0,196.0,16.334,0.098,94.916,33.616,0.066,0.0,255462.0,203.0,16.336,20.688,98.208,35.088,0.066,1812890.0,247251.0,188.0,16.33,1
0.1,93.12,29.682,0.136,0.0,3250500.0,80.0,17.33,0.068,90.606,33.662,0.066,0.0,247463.0,33.0,16.002,0.102,94.958,36.76,0.066,0.0,3240320.0,196.0,16.334,0.098,94.916,33.616,0.066,0.0,255462.0,203.0,16.336,20.688,98.208,35.088,0.066,1812890.0,247251.0,188.0,16.33,7.2,94.504,32.822,0.132,362086.0,266930.0,164.0,17.332,1
0.068,90.606,33.662,0.066,0.0,247463.0,33.0,16.002,0.102,94.958,36.76,0.066,0.0,3240320.0,196.0,16.334,0.098,94.916,33.616,0.066,0.0,255462.0,203.0,16.336,20.688,98.208,35.088,0.066,1812890.0,247251.0,188.0,16.33,7.2,94.504,32.822,0.132,362086.0,266930.0,164.0,17.332,0.064,93.126,33.654,0.068,0.0,250313.0,150.0,16.052,1
0.102,94.958,36.76,0.066,0.0,3240320.0,196.0,16.334,0.098,94.916,33.616,0.066,0.0,255462.0,203.0,16.336,20.688,98.208,35.088,0.066,1812890.0,247251.0,188.0,16.33,7.2,94.504,32.822,0.132,362086.0,266930.0,164.0,17.332,0.064,93.126,33.654,0.068,0.0,250313.0,150.0,16.052,0.102,95.542,33.052,0.066,0.0,264478.0,86.0,16.336,1
0.098,94.916,33.616,0.066,0.0,255462.0,203.0,16.336,20.688,98.208,35.088,0.066,1812890.0,247251.0,188.0,16.33,7.2,94.504,32.822,0.132,362086.0,266930.0,164.0,17.332,0.064,93.126,33.654,0.068,0.0,250313.0,150.0,16.052,0.102,95.542,33.052,0.066,0.0,264478.0,86.0,16.336,0.1,94.166,35.566,0.066,0.0,256915.0,89.0,16.334,1
20.688,98.208,35.088,0.066,1812890.0,247251.0,188.0,16.33,7.2,94.504,32.822,0.132,362086.0,266930.0,164.0,17.332,0.064,93.126,33.654,0.068,0.0,250313.0,150.0,16.052,0.102,95.542,33.052,0.066,0.0,264478.0,86.0,16.336,0.1,94.166,35.566,0.066,0.0,256915.0,89.0,16.334,27.284,94.25,32.962,0.068,2161050.0,259946.0,53.0,16.674,1
7.2,94.504,32.822,0.132,362086.0,266930.0,164.0,17.332,0.064,93.126,33.654,0.068,0.0,250313.0,150.0,16.052,0.102,95.542,33.052,0.066,0.0,264478.0,86.0,16.336,0.1,94.166,35.566,0.066,0.0,256915.0,89.0,16.334,27.284,94.25,32.962,0.068,2161050.0,259946.0,53.0,16.674,0.1,95.292,31.744,0.134,0.0,246235.0,88.0,16.0,1
0.064,93.126,33.654,0.068,0.0,250313.0,150.0,16.052,0.102,95.542,33.052,0.066,0.0,264478.0,86.0,16.336,0.1,94.166,35.566,0.066,0.0,256915.0,89.0,16.334,27.284,94.25,32.962,0.068,2161050.0,259946.0,53.0,16.674,0.1,95.292,31.744,0.134,0.0,246235.0,88.0,16.0,0.102,96.916,35.208,0.068,0.0,267462.0,125.0,16.668,1
0.102,95.542,33.052,0.066,0.0,264478.0,86.0,16.336,0.1,94.166,35.566,0.066,0.0,256915.0,89.0,16.334,27.284,94.25,32.962,0.068,2161050.0,259946.0,53.0,16.674,0.1,95.292,31.744,0.134,0.0,246235.0,88.0,16.0,0.102,96.916,35.208,0.068,0.0,267462.0,125.0,16.668,0.1,93.5,33.216,0.066,0.0,3255620.0,70.0,16.372,1
0.1,94.166,35.566,0.066,0.0,256915.0,89.0,16.334,27.284,94.25,32.962,0.068,2161050.0,259946.0,53.0,16.674,0.1,95.292,31.744,0.134,0.0,246235.0,88.0,16.0,0.102,96.916,35.208,0.068,0.0,267462.0,125.0,16.668,0.1,93.5,33.216,0.066,0.0,3255620.0,70.0,16.372,25.562,96.25,33.548,0.066,2118450.0,246734.0,123.0,16.332,1
27.284,94.25,32.962,0.068,2161050.0,259946.0,53.0,16.674,0.1,95.292,31.744,0.134,0.0,246235.0,88.0,16.0,0.102,96.916,35.208,0.068,0.0,267462.0,125.0,16.668,0.1,93.5,33.216,0.066,0.0,3255620.0,70.0,16.372,25.562,96.25,33.548,0.066,2118450.0,246734.0,123.0,16.332,2.07,96.0,40.058,0.132,17203.2,3257930.0,63.0,16.332,1
0.1,95.292,31.744,0.134,0.0,246235.0,88.0,16.0,0.102,96.916,35.208,0.068,0.0,267462.0,125.0,16.668,0.1,93.5,33.216,0.066,0.0,3255620.0,70.0,16.372,25.562,96.25,33.548,0.066,2118450.0,246734.0,123.0,16.332,2.07,96.0,40.058,0.132,17203.2,3257930.0,63.0,16.332,0.102,94.384,30.07,0.066,0.0,243800.0,43.0,16.336,1
0.102,96.916,35.208,0.068,0.0,267462.0,125.0,16.668,0.1,93.5,33.216,0.066,0.0,3255620.0,70.0,16.372,25.562,96.25,33.548,0.066,2118450.0,246734.0,123.0,16.332,2.07,96.0,40.058,0.132,17203.2,3257930.0,63.0,16.332,0.102,94.384,30.07,0.066,0.0,243800.0,43.0,16.336,0.068,96.084,35.6,0.068,0.0,259471.0,167.0,16.668,1
0.1,93.5,33.216,0.066,0.0,3255620.0,70.0,16.372,25.562,96.25,33.548,0.066,2118450.0,246734.0,123.0,16.332,2.07,96.0,40.058,0.132,17203.2,3257930.0,63.0,16.332,0.102,94.384,30.07,0.066,0.0,243800.0,43.0,16.336,0.068,96.084,35.6,0.068,0.0,259471.0,167.0,16.668,0.102,94.384,35.868,0.066,0.0,238407.0,93.0,16.66,1
25.562,96.25,33.548,0.066,2118450.0,246734.0,123.0,16.332,2.07,96.0,40.058,0.132,17203.2,3257930.0,63.0,16.332,0.102,94.384,30.07,0.066,0.0,243800.0,43.0,16.336,0.068,96.084,35.6,0.068,0.0,259471.0,167.0,16.668,0.102,94.384,35.868,0.066,0.0,238407.0,93.0,16.66,0.102,95.042,31.754,0.066,0.0,257799.0,72.0,16.666,1
2.07,96.0,40.058,0.132,17203.2,3257930.0,63.0,16.332,0.102,94.384,30.07,0.066,0.0,243800.0,43.0,16.336,0.068,96.084,35.6,0.068,0.0,259471.0,167.0,16.668,0.102,94.384,35.868,0.066,0.0,238407.0,93.0,16.66,0.102,95.042,31.754,0.066,0.0,257799.0,72.0,16.666,0.098,95.436,33.722,0.136,0.0,245794.0,46.0,17.334,1
0.102,94.384,30.07,0.066,0.0,243800.0,43.0,16.336,0.068,96.084,35.6,0.068,0.0,259471.0,167.0,16.668,0.102,94.384,35.868,0.066,0.0,238407.0,93.0,16.66,0.102,95.042,31.754,0.066,0.0,257799.0,72.0,16.666,0.098,95.436,33.722,0.136,0.0,245794.0,46.0,17.334,0.102,96.25,34.062,0.066,0.0,276265.0,65.0,15.668,1
0.068,96.084,35.6,0.068,0.0,259471.0,167.0,16.668,0.102,94.384,35.868,0.066,0.0,238407.0,93.0,16.66,0.102,95.042,31.754,0.066,0.0,257799.0,72.0,16.666,0.098,95.436,33.722,0.136,0.0,245794.0,46.0,17.334,0.102,96.25,34.062,0.066,0.0,276265.0,65.0,15.668,0.068,96.416,35.47,0.066,0.0,237681.0,28.0,17.014,1
0.102,94.384,35.868,0.066,0.0,238407.0,93.0,16.66,0.102,95.042,31.754,0.066,0.0,257799.0,72.0,16.666,0.098,95.436,33.722,0.136,0.0,245794.0,46.0,17.334,0.102,96.25,34.062,0.066,0.0,276265.0,65.0,15.668,0.068,96.416,35.47,0.066,0.0,237681.0,28.0,17.014,0.1,96.876,31.244,0.068,0.0,256126.0,135.0,16.334,1
0.102,95.042,31.754,0.066,0.0,257799.0,72.0,16.666,0.098,95.436,33.722,0.136,0.0,245794.0,46.0,17.334,0.102,96.25,34.062,0.066,0.0,276265.0,65.0,15.668,0.068,96.416,35.47,0.066,0.0,237681.0,28.0,17.014,0.1,96.876,31.244,0.068,0.0,256126.0,135.0,16.334,0.1,94.0,35.728,0.068,0.0,242674.0,221.0,16.336,1
0.098,95.436,33.722,0.136,0.0,245794.0,46.0,17.334,0.102,96.25,34.062,0.066,0.0,276265.0,65.0,15.668,0.068,96.416,35.47,0.066,0.0,237681.0,28.0,17.014,0.1,96.876,31.244,0.068,0.0,256126.0,135.0,16.334,0.1,94.0,35.728,0.068,0.0,242674.0,221.0,16.336,0.1,93.47,34.46,0.134,0.0,3230490.0,102.0,16.668,1
0.102,96.25,34.062,0.066,0.0,276265.0,65.0,15.668,0.068,96.416,35.47,0.066,0.0,237681.0,28.0,17.014,0.1,96.876,31.244,0.068,0.0,256126.0,135.0,16.334,0.1,94.0,35.728,0.068,0.0,242674.0,221.0,16.336,0.1,93.47,34.46,0.134,0.0,3230490.0,102.0,16.668,0.102,95.224,34.342,0.066,0.0,263568.0,122.0,16.668,1
0.068,96.416,35.47,0.066,0.0,237681.0,28.0,17.014,0.1,96.876,31.244,0.068,0.0,256126.0,135.0,16.334,0.1,94.0,35.728,0.068,0.0,242674.0,221.0,16.336,0.1,93.47,34.46,0.134,0.0,3230490.0,102.0,16.668,0.102,95.224,34.342,0.066,0.0,263568.0,122.0,16.668,0.1,94.084,33.052,0.066,0.0,3257080.0,13.0,16.368,1
0.1,96.876,31.244,0.068,0.0,256126.0,135.0,16.334,0.1,94.0,35.728,0.068,0.0,242674.0,221.0,16.336,0.1,93.47,34.46,0.134,0.0,3230490.0,102.0,16.668,0.102,95.224,34.342,0.066,0.0,263568.0,122.0,16.668,0.1,94.084,33.052,0.066,0.0,3257080.0,13.0,16.368,0.1,93.792,32.982,0.134,0.0,268001.0,20.0,17.69,1
0.1,94.0,35.728,0.068,0.0,242674.0,221.0,16.336,0.1,93.47,34.46,0.134,0.0,3230490.0,102.0,16.668,0.102,95.224,34.342,0.066,0.0,263568.0,122.0,16.668,0.1,94.084,33.052,0.066,0.0,3257080.0,13.0,16.368,0.1,93.792,32.982,0.134,0.0,268001.0,20.0,17.69,0.068,95.5,32.57,0.066,0.0,243584.0,21.0,16.028,1
0.1,93.47,34.46,0.134,0.0,3230490.0,102.0,16.668,0.102,95.224,34.342,0.066,0.0,263568.0,122.0,16.668,0.1,94.084,33.052,0.066,0.0,3257080.0,13.0,16.368,0.1,93.792,32.982,0.134,0.0,268001.0,20.0,17.69,0.068,95.5,32.57,0.066,0.0,243584.0,21.0,16.028,0.1,93.792,34.742,0.066,0.0,271558.0,10.0,16.285999999999998,1
0.102,95.224,34.342,0.066,0.0,263568.0,122.0,16.668,0.1,94.084,33.052,0.066,0.0,3257080.0,13.0,16.368,0.1,93.792,32.982,0.134,0.0,268001.0,20.0,17.69,0.068,95.5,32.57,0.066,0.0,243584.0,21.0,16.028,0.1,93.792,34.742,0.066,0.0,271558.0,10.0,16.285999999999998,0.1,92.474,30.986,0.066,0.0,282275.0,92.0,16.336,1
0.1,94.084,33.052,0.066,0.0,3257080.0,13.0,16.368,0.1,93.792,32.982,0.134,0.0,268001.0,20.0,17.69,0.068,95.5,32.57,0.066,0.0,243584.0,21.0,16.028,0.1,93.792,34.742,0.066,0.0,271558.0,10.0,16.285999999999998,0.1,92.474,30.986,0.066,0.0,282275.0,92.0,16.336,0.102,93.834,32.806,0.066,0.0,261742.0,75.0,16.656,1
0.1,93.792,32.982,0.134,0.0,268001.0,20.0,17.69,0.068,95.5,32.57,0.066,0.0,243584.0,21.0,16.028,0.1,93.792,34.742,0.066,0.0,271558.0,10.0,16.285999999999998,0.1,92.474,30.986,0.066,0.0,282275.0,92.0,16.336,0.102,93.834,32.806,0.066,0.0,261742.0,75.0,16.656,0.096,92.372,33.156,0.068,0.0,255371.0,11.0,15.998,1
0.068,95.5,32.57,0.066,0.0,243584.0,21.0,16.028,0.1,93.792,34.742,0.066,0.0,271558.0,10.0,16.285999999999998,0.1,92.474,30.986,0.066,0.0,282275.0,92.0,16.336,0.102,93.834,32.806,0.066,0.0,261742.0,75.0,16.656,0.096,92.372,33.156,0.068,0.0,255371.0,11.0,15.998,0.102,94.958,33.004,0.132,0.0,252028.0,10.0,16.666,1
0.1,93.792,34.742,0.066,0.0,271558.0,10.0,16.285999999999998,0.1,92.474,30.986,0.066,0.0,282275.0,92.0,16.336,0.102,93.834,32.806,0.066,0.0,261742.0,75.0,16.656,0.096,92.372,33.156,0.068,0.0,255371.0,11.0,15.998,0.102,94.958,33.004,0.132,0.0,252028.0,10.0,16.666,0.1,94.542,32.408,0.066,0.0,253957.0,43.0,16.332,1
0.1,92.474,30.986,0.066,0.0,282275.0,92.0,16.336,0.102,93.834,32.806,0.066,0.0,261742.0,75.0,16.656,0.096,92.372,33.156,0.068,0.0,255371.0,11.0,15.998,0.102,94.958,33.004,0.132,0.0,252028.0,10.0,16.666,0.1,94.542,32.408,0.066,0.0,253957.0,43.0,16.332,0.068,93.208,35.61,0.066,0.0,254325.0,135.0,17.334,1
0.102,93.834,32.806,0.066,0.0,261742.0,75.0,16.656,0.096,92.372,33.156,0.068,0.0,255371.0,11.0,15.998,0.102,94.958,33.004,0.132,0.0,252028.0,10.0,16.666,0.1,94.542,32.408,0.066,0.0,253957.0,43.0,16.332,0.068,93.208,35.61,0.066,0.0,254325.0,135.0,17.334,0.102,94.482,33.544000000000004,0.132,0.0,3260040.0,10.0,17.044,1
0.096,92.372,33.156,0.068,0.0,255371.0,11.0,15.998,0.102,94.958,33.004,0.132,0.0,252028.0,10.0,16.666,0.1,94.542,32.408,0.066,0.0,253957.0,43.0,16.332,0.068,93.208,35.61,0.066,0.0,254325.0,135.0,17.334,0.102,94.482,33.544000000000004,0.132,0.0,3260040.0,10.0,17.044,0.098,93.192,31.01,0.068,0.0,264973.0,17.0,15.616,1
0.102,94.958,33.004,0.132,0.0,252028.0,10.0,16.666,0.1,94.542,32.408,0.066,0.0,253957.0,43.0,16.332,0.068,93.208,35.61,0.066,0.0,254325.0,135.0,17.334,0.102,94.482,33.544000000000004,0.132,0.0,3260040.0,10.0,17.044,0.098,93.192,31.01,0.068,0.0,264973.0,17.0,15.616,0.102,93.642,34.146,0.066,0.0,3262910.0,58.0,16.666,1
0.1,94.542,32.408,0.066,0.0,253957.0,43.0,16.332,0.068,93.208,35.61,0.066,0.0,254325.0,135.0,17.334,0.102,94.482,33.544000000000004,0.132,0.0,3260040.0,10.0,17.044,0.098,93.192,31.01,0.068,0.0,264973.0,17.0,15.616,0.102,93.642,34.146,0.066,0.0,3262910.0,58.0,16.666,0.1,92.964,35.422,0.066,0.0,258360.0,122.0,16.334,1
0.068,93.208,35.61,0.066,0.0,254325.0,135.0,17.334,0.102,94.482,33.544000000000004,0.132,0.0,3260040.0,10.0,17.044,0.098,93.192,31.01,0.068,0.0,264973.0,17.0,15.616,0.102,93.642,34.146,0.066,0.0,3262910.0,58.0,16.666,0.1,92.964,35.422,0.066,0.0,258360.0,122.0,16.334,0.1,94.814,30.234,0.066,0.0,274360.0,250.0,16.7,1
0.102,94.482,33.544000000000004,0.132,0.0,3260040.0,10.0,17.044,0.098,93.192,31.01,0.068,0.0,264973.0,17.0,15.616,0.102,93.642,34.146,0.066,0.0,3262910.0,58.0,16.666,0.1,92.964,35.422,0.066,0.0,258360.0,122.0,16.334,0.1,94.814,30.234,0.066,0.0,274360.0,250.0,16.7,0.066,95.178,36.22,0.066,0.0,264174.0,128.0,16.334,1
0.098,93.192,31.01,0.068,0.0,264973.0,17.0,15.616,0.102,93.642,34.146,0.066,0.0,3262910.0,58.0,16.666,0.1,92.964,35.422,0.066,0.0,258360.0,122.0,16.334,0.1,94.814,30.234,0.066,0.0,274360.0,250.0,16.7,0.066,95.178,36.22,0.066,0.0,264174.0,128.0,16.334,22.588,94.5,32.7,0.134,2550170.0,269493.0,219.0,16.666,1
0.102,93.642,34.146,0.066,0.0,3262910.0,58.0,16.666,0.1,92.964,35.422,0.066,0.0,258360.0,122.0,16.334,0.1,94.814,30.234,0.066,0.0,274360.0,250.0,16.7,0.066,95.178,36.22,0.066,0.0,264174.0,128.0,16.334,22.588,94.5,32.7,0.134,2550170.0,269493.0,219.0,16.666,21.342,95.582,35.212,0.068,41737400.0,273387.0,114.0,16.332,1
0.1,92.964,35.422,0.066,0.0,258360.0,122.0,16.334,0.1,94.814,30.234,0.066,0.0,274360.0,250.0,16.7,0.066,95.178,36.22,0.066,0.0,264174.0,128.0,16.334,22.588,94.5,32.7,0.134,2550170.0,269493.0,219.0,16.666,21.342,95.582,35.212,0.068,41737400.0,273387.0,114.0,16.332,0.134,96.204,31.362,0.066,1649870.0,303109.0,130.0,16.332,1
0.1,94.814,30.234,0.066,0.0,274360.0,250.0,16.7,0.066,95.178,36.22,0.066,0.0,264174.0,128.0,16.334,22.588,94.5,32.7,0.134,2550170.0,269493.0,219.0,16.666,21.342,95.582,35.212,0.068,41737400.0,273387.0,114.0,16.332,0.134,96.204,31.362,0.066,1649870.0,303109.0,130.0,16.332,14.158,95.834,34.32,0.066,72671200.0,262509.0,64.0,16.317999999999998,1
0.066,95.178,36.22,0.066,0.0,264174.0,128.0,16.334,22.588,94.5,32.7,0.134,2550170.0,269493.0,219.0,16.666,21.342,95.582,35.212,0.068,41737400.0,273387.0,114.0,16.332,0.134,96.204,31.362,0.066,1649870.0,303109.0,130.0,16.332,14.158,95.834,34.32,0.066,72671200.0,262509.0,64.0,16.317999999999998,0.1,93.208,31.502,0.066,0.0,249190.0,76.0,16.666,1
22.588,94.5,32.7,0.134,2550170.0,269493.0,219.0,16.666,21.342,95.582,35.212,0.068,41737400.0,273387.0,114.0,16.332,0.134,96.204,31.362,0.066,1649870.0,303109.0,130.0,16.332,14.158,95.834,34.32,0.066,72671200.0,262509.0,64.0,16.317999999999998,0.1,93.208,31.502,0.066,0.0,249190.0,76.0,16.666,0.102,93.002,34.508,0.136,0.0,284020.0,9.0,15.68,1
21.342,95.582,35.212,0.068,41737400.0,273387.0,114.0,16.332,0.134,96.204,31.362,0.066,1649870.0,303109.0,130.0,16.332,14.158,95.834,34.32,0.066,72671200.0,262509.0,64.0,16.317999999999998,0.1,93.208,31.502,0.066,0.0,249190.0,76.0,16.666,0.102,93.002,34.508,0.136,0.0,284020.0,9.0,15.68,0.098,92.958,32.63,0.066,0.0,3239670.0,12.0,17.0,1
0.134,96.204,31.362,0.066,1649870.0,303109.0,130.0,16.332,14.158,95.834,34.32,0.066,72671200.0,262509.0,64.0,16.317999999999998,0.1,93.208,31.502,0.066,0.0,249190.0,76.0,16.666,0.102,93.002,34.508,0.136,0.0,284020.0,9.0,15.68,0.098,92.958,32.63,0.066,0.0,3239670.0,12.0,17.0,0.1,96.272,32.94,0.066,0.0,285151.0,39.0,16.296,1
14.158,95.834,34.32,0.066,72671200.0,262509.0,64.0,16.317999999999998,0.1,93.208,31.502,0.066,0.0,249190.0,76.0,16.666,0.102,93.002,34.508,0.136,0.0,284020.0,9.0,15.68,0.098,92.958,32.63,0.066,0.0,3239670.0,12.0,17.0,0.1,96.272,32.94,0.066,0.0,285151.0,39.0,16.296,0.268,95.404,35.728,0.132,0.0,3239010.0,49.0,16.666,1
0.1,93.208,31.502,0.066,0.0,249190.0,76.0,16.666,0.102,93.002,34.508,0.136,0.0,284020.0,9.0,15.68,0.098,92.958,32.63,0.066,0.0,3239670.0,12.0,17.0,0.1,96.272,32.94,0.066,0.0,285151.0,39.0,16.296,0.268,95.404,35.728,0.132,0.0,3239010.0,49.0,16.666,8.0,93.792,39.954,0.066,1165720.0,257909.0,44.0,16.0,1
0.102,93.002,34.508,0.136,0.0,284020.0,9.0,15.68,0.098,92.958,32.63,0.066,0.0,3239670.0,12.0,17.0,0.1,96.272,32.94,0.066,0.0,285151.0,39.0,16.296,0.268,95.404,35.728,0.132,0.0,3239010.0,49.0,16.666,8.0,93.792,39.954,0.066,1165720.0,257909.0,44.0,16.0,71.45,95.042,30.488000000000003,0.066,59018400.0,245175.0,91.0,17.006,1
0.098,92.958,32.63,0.066,0.0,3239670.0,12.0,17.0,0.1,96.272,32.94,0.066,0.0,285151.0,39.0,16.296,0.268,95.404,35.728,0.132,0.0,3239010.0,49.0,16.666,8.0,93.792,39.954,0.066,1165720.0,257909.0,44.0,16.0,71.45,95.042,30.488000000000003,0.066,59018400.0,245175.0,91.0,17.006,98.454,96.334,32.63,0.066,73916400.0,268181.0,116.0,16.034000000000002,1
0.1,96.272,32.94,0.066,0.0,285151.0,39.0,16.296,0.268,95.404,35.728,0.132,0.0,3239010.0,49.0,16.666,8.0,93.792,39.954,0.066,1165720.0,257909.0,44.0,16.0,71.45,95.042,30.488000000000003,0.066,59018400.0,245175.0,91.0,17.006,98.454,96.334,32.63,0.066,73916400.0,268181.0,116.0,16.034000000000002,73.35,97.874,32.738,0.068,172259000.0,253455.0,32.0,16.662,1
0.268,95.404,35.728,0.132,0.0,3239010.0,49.0,16.666,8.0,93.792,39.954,0.066,1165720.0,257909.0,44.0,16.0,71.45,95.042,30.488000000000003,0.066,59018400.0,245175.0,91.0,17.006,98.454,96.334,32.63,0.066,73916400.0,268181.0,116.0,16.034000000000002,73.35,97.874,32.738,0.068,172259000.0,253455.0,32.0,16.662,86.046,95.75,33.78,0.134,512123000.0,244791.0,253.0,16.0,1
8.0,93.792,39.954,0.066,1165720.0,257909.0,44.0,16.0,71.45,95.042,30.488000000000003,0.066,59018400.0,245175.0,91.0,17.006,98.454,96.334,32.63,0.066,73916400.0,268181.0,116.0,16.034000000000002,73.35,97.874,32.738,0.068,172259000.0,253455.0,32.0,16.662,86.046,95.75,33.78,0.134,512123000.0,244791.0,253.0,16.0,99.77,93.522,32.924,0.068,1210780.0,270364.0,10.0,16.666,1
71.45,95.042,30.488000000000003,0.066,59018400.0,245175.0,91.0,17.006,98.454,96.334,32.63,0.066,73916400.0,268181.0,116.0,16.034000000000002,73.35,97.874,32.738,0.068,172259000.0,253455.0,32.0,16.662,86.046,95.75,33.78,0.134,512123000.0,244791.0,253.0,16.0,99.77,93.522,32.924,0.068,1210780.0,270364.0,10.0,16.666,97.806,93.198,35.188,0.066,111495000.0,253782.0,163.0,16.668,1
98.454,96.334,32.63,0.066,73916400.0,268181.0,116.0,16.034000000000002,73.35,97.874,32.738,0.068,172259000.0,253455.0,32.0,16.662,86.046,95.75,33.78,0.134,512123000.0,244791.0,253.0,16.0,99.77,93.522,32.924,0.068,1210780.0,270364.0,10.0,16.666,97.806,93.198,35.188,0.066,111495000.0,253782.0,163.0,16.668,75.83,95.208,34.902,0.066,12265100.0,260633.0,152.0,16.328,1
73.35,97.874,32.738,0.068,172259000.0,253455.0,32.0,16.662,86.046,95.75,33.78,0.134,512123000.0,244791.0,253.0,16.0,99.77,93.522,32.924,0.068,1210780.0,270364.0,10.0,16.666,97.806,93.198,35.188,0.066,111495000.0,253782.0,163.0,16.668,75.83,95.208,34.902,0.066,12265100.0,260633.0,152.0,16.328,0.102,92.5,32.418,0.134,0.0,264177.0,39.0,16.332,1
86.046,95.75,33.78,0.134,512123000.0,244791.0,253.0,16.0,99.77,93.522,32.924,0.068,1210780.0,270364.0,10.0,16.666,97.806,93.198,35.188,0.066,111495000.0,253782.0,163.0,16.668,75.83,95.208,34.902,0.066,12265100.0,260633.0,152.0,16.328,0.102,92.5,32.418,0.134,0.0,264177.0,39.0,16.332,0.1,93.248,32.794000000000004,0.068,0.0,3257290.0,139.0,16.962,1
99.77,93.522,32.924,0.068,1210780.0,270364.0,10.0,16.666,97.806,93.198,35.188,0.066,111495000.0,253782.0,163.0,16.668,75.83,95.208,34.902,0.066,12265100.0,260633.0,152.0,16.328,0.102,92.5,32.418,0.134,0.0,264177.0,39.0,16.332,0.1,93.248,32.794000000000004,0.068,0.0,3257290.0,139.0,16.962,0.102,93.584,34.248000000000005,0.066,0.0,251639.0,47.0,15.668,1
97.806,93.198,35.188,0.066,111495000.0,253782.0,163.0,16.668,75.83,95.208,34.902,0.066,12265100.0,260633.0,152.0,16.328,0.102,92.5,32.418,0.134,0.0,264177.0,39.0,16.332,0.1,93.248,32.794000000000004,0.068,0.0,3257290.0,139.0,16.962,0.102,93.584,34.248000000000005,0.066,0.0,251639.0,47.0,15.668,0.068,94.364,33.028,0.066,0.0,3268590.0,10.0,17.0,1
75.83,95.208,34.902,0.066,12265100.0,260633.0,152.0,16.328,0.102,92.5,32.418,0.134,0.0,264177.0,39.0,16.332,0.1,93.248,32.794000000000004,0.068,0.0,3257290.0,139.0,16.962,0.102,93.584,34.248000000000005,0.066,0.0,251639.0,47.0,15.668,0.068,94.364,33.028,0.066,0.0,3268590.0,10.0,17.0,0.1,93.362,35.352,0.066,0.0,243895.0,13.0,16.666,1
0.102,92.5,32.418,0.134,0.0,264177.0,39.0,16.332,0.1,93.248,32.794000000000004,0.068,0.0,3257290.0,139.0,16.962,0.102,93.584,34.248000000000005,0.066,0.0,251639.0,47.0,15.668,0.068,94.364,33.028,0.066,0.0,3268590.0,10.0,17.0,0.1,93.362,35.352,0.066,0.0,243895.0,13.0,16.666,0.1,94.216,32.602,0.132,0.0,247579.0,54.0,17.334,1
0.1,93.248,32.794000000000004,0.068,0.0,3257290.0,139.0,16.962,0.102,93.584,34.248000000000005,0.066,0.0,251639.0,47.0,15.668,0.068,94.364,33.028,0.066,0.0,3268590.0,10.0,17.0,0.1,93.362,35.352,0.066,0.0,243895.0,13.0,16.666,0.1,94.216,32.602,0.132,0.0,247579.0,54.0,17.334,0.1,93.96,34.812,0.068,0.0,247561.0,102.0,15.668,1
0.102,93.584,34.248000000000005,0.066,0.0,251639.0,47.0,15.668,0.068,94.364,33.028,0.066,0.0,3268590.0,10.0,17.0,0.1,93.362,35.352,0.066,0.0,243895.0,13.0,16.666,0.1,94.216,32.602,0.132,0.0,247579.0,54.0,17.334,0.1,93.96,34.812,0.068,0.0,247561.0,102.0,15.668,0.102,94.57,30.564,0.066,0.0,245308.0,56.0,17.332,1
0.068,94.364,33.028,0.066,0.0,3268590.0,10.0,17.0,0.1,93.362,35.352,0.066,0.0,243895.0,13.0,16.666,0.1,94.216,32.602,0.132,0.0,247579.0,54.0,17.334,0.1,93.96,34.812,0.068,0.0,247561.0,102.0,15.668,0.102,94.57,30.564,0.066,0.0,245308.0,56.0,17.332,0.102,93.446,33.274,0.068,0.0,267430.0,64.0,16.332,1
0.1,93.362,35.352,0.066,0.0,243895.0,13.0,16.666,0.1,94.216,32.602,0.132,0.0,247579.0,54.0,17.334,0.1,93.96,34.812,0.068,0.0,247561.0,102.0,15.668,0.102,94.57,30.564,0.066,0.0,245308.0,56.0,17.332,0.102,93.446,33.274,0.068,0.0,267430.0,64.0,16.332,0.1,93.27,33.462,0.066,0.0,300265.0,47.0,16.332,1
0.1,94.216,32.602,0.132,0.0,247579.0,54.0,17.334,0.1,93.96,34.812,0.068,0.0,247561.0,102.0,15.668,0.102,94.57,30.564,0.066,0.0,245308.0,56.0,17.332,0.102,93.446,33.274,0.068,0.0,267430.0,64.0,16.332,0.1,93.27,33.462,0.066,0.0,300265.0,47.0,16.332,0.102,93.232,33.028,0.132,0.0,237502.0,239.0,17.332,1
0.1,93.96,34.812,0.068,0.0,247561.0,102.0,15.668,0.102,94.57,30.564,0.066,0.0,245308.0,56.0,17.332,0.102,93.446,33.274,0.068,0.0,267430.0,64.0,16.332,0.1,93.27,33.462,0.066,0.0,300265.0,47.0,16.332,0.102,93.232,33.028,0.132,0.0,237502.0,239.0,17.332,0.102,95.5,32.668,0.068,0.0,248129.0,120.0,15.674,1
0.102,94.57,30.564,0.066,0.0,245308.0,56.0,17.332,0.102,93.446,33.274,0.068,0.0,267430.0,64.0,16.332,0.1,93.27,33.462,0.066,0.0,300265.0,47.0,16.332,0.102,93.232,33.028,0.132,0.0,237502.0,239.0,17.332,0.102,95.5,32.668,0.068,0.0,248129.0,120.0,15.674,0.064,94.374,34.316,0.068,0.0,268456.0,157.0,16.668,1
0.102,93.446,33.274,0.068,0.0,267430.0,64.0,16.332,0.1,93.27,33.462,0.066,0.0,300265.0,47.0,16.332,0.102,93.232,33.028,0.132,0.0,237502.0,239.0,17.332,0.102,95.5,32.668,0.068,0.0,248129.0,120.0,15.674,0.064,94.374,34.316,0.068,0.0,268456.0,157.0,16.668,0.102,93.116,33.004,0.066,0.0,3234590.0,86.0,16.666,1
0.1,93.27,33.462,0.066,0.0,300265.0,47.0,16.332,0.102,93.232,33.028,0.132,0.0,237502.0,239.0,17.332,0.102,95.5,32.668,0.068,0.0,248129.0,120.0,15.674,0.064,94.374,34.316,0.068,0.0,268456.0,157.0,16.668,0.102,93.116,33.004,0.066,0.0,3234590.0,86.0,16.666,0.1,93.402,36.902,0.134,0.0,263633.0,23.0,16.342,1
0.102,93.232,33.028,0.132,0.0,237502.0,239.0,17.332,0.102,95.5,32.668,0.068,0.0,248129.0,120.0,15.674,0.064,94.374,34.316,0.068,0.0,268456.0,157.0,16.668,0.102,93.116,33.004,0.066,0.0,3234590.0,86.0,16.666,0.1,93.402,36.902,0.134,0.0,263633.0,23.0,16.342,0.1,92.44,32.544000000000004,0.066,0.0,3254340.0,42.0,16.99,1
0.102,95.5,32.668,0.068,0.0,248129.0,120.0,15.674,0.064,94.374,34.316,0.068,0.0,268456.0,157.0,16.668,0.102,93.116,33.004,0.066,0.0,3234590.0,86.0,16.666,0.1,93.402,36.902,0.134,0.0,263633.0,23.0,16.342,0.1,92.44,32.544000000000004,0.066,0.0,3254340.0,42.0,16.99,0.098,93.752,30.658,0.066,0.0,259956.0,18.0,16.666,1
0.064,94.374,34.316,0.068,0.0,268456.0,157.0,16.668,0.102,93.116,33.004,0.066,0.0,3234590.0,86.0,16.666,0.1,93.402,36.902,0.134,0.0,263633.0,23.0,16.342,0.1,92.44,32.544000000000004,0.066,0.0,3254340.0,42.0,16.99,0.098,93.752,30.658,0.066,0.0,259956.0,18.0,16.666,0.1,91.792,32.84,0.068,0.0,241698.0,197.0,17.0,1
0.102,93.116,33.004,0.066,0.0,3234590.0,86.0,16.666,0.1,93.402,36.902,0.134,0.0,263633.0,23.0,16.342,0.1,92.44,32.544000000000004,0.066,0.0,3254340.0,42.0,16.99,0.098,93.752,30.658,0.066,0.0,259956.0,18.0,16.666,0.1,91.792,32.84,0.068,0.0,241698.0,197.0,17.0,0.068,95.0,35.352,0.068,0.0,248046.0,78.0,16.336,1
0.1,93.402,36.902,0.134,0.0,263633.0,23.0,16.342,0.1,92.44,32.544000000000004,0.066,0.0,3254340.0,42.0,16.99,0.098,93.752,30.658,0.066,0.0,259956.0,18.0,16.666,0.1,91.792,32.84,0.068,0.0,241698.0,197.0,17.0,0.068,95.0,35.352,0.068,0.0,248046.0,78.0,16.336,0.098,94.166,34.436,0.134,0.0,248998.0,74.0,16.656,1
0.1,92.44,32.544000000000004,0.066,0.0,3254340.0,42.0,16.99,0.098,93.752,30.658,0.066,0.0,259956.0,18.0,16.666,0.1,91.792,32.84,0.068,0.0,241698.0,197.0,17.0,0.068,95.0,35.352,0.068,0.0,248046.0,78.0,16.336,0.098,94.166,34.436,0.134,0.0,248998.0,74.0,16.656,0.102,94.208,32.934,0.066,0.0,238273.0,100.0,16.018,1
0.098,93.752,30.658,0.066,0.0,259956.0,18.0,16.666,0.1,91.792,32.84,0.068,0.0,241698.0,197.0,17.0,0.068,95.0,35.352,0.068,0.0,248046.0,78.0,16.336,0.098,94.166,34.436,0.134,0.0,248998.0,74.0,16.656,0.102,94.208,32.934,0.066,0.0,238273.0,100.0,16.018,0.1,92.75,33.076,0.068,0.0,274783.0,65.0,16.332,1
0.1,91.792,32.84,0.068,0.0,241698.0,197.0,17.0,0.068,95.0,35.352,0.068,0.0,248046.0,78.0,16.336,0.098,94.166,34.436,0.134,0.0,248998.0,74.0,16.656,0.102,94.208,32.934,0.066,0.0,238273.0,100.0,16.018,0.1,92.75,33.076,0.068,0.0,274783.0,65.0,16.332,0.066,94.5,32.622,0.066,0.0,240688.0,182.0,16.334,1
0.068,95.0,35.352,0.068,0.0,248046.0,78.0,16.336,0.098,94.166,34.436,0.134,0.0,248998.0,74.0,16.656,0.102,94.208,32.934,0.066,0.0,238273.0,100.0,16.018,0.1,92.75,33.076,0.068,0.0,274783.0,65.0,16.332,0.066,94.5,32.622,0.066,0.0,240688.0,182.0,16.334,0.1,92.864,35.986,0.066,0.0,255276.0,72.0,16.334,1
0.098,94.166,34.436,0.134,0.0,248998.0,74.0,16.656,0.102,94.208,32.934,0.066,0.0,238273.0,100.0,16.018,0.1,92.75,33.076,0.068,0.0,274783.0,65.0,16.332,0.066,94.5,32.622,0.066,0.0,240688.0,182.0,16.334,0.1,92.864,35.986,0.066,0.0,255276.0,72.0,16.334,0.098,95.916,31.198,0.066,0.0,257031.0,154.0,15.668,1
0.102,94.208,32.934,0.066,0.0,238273.0,100.0,16.018,0.1,92.75,33.076,0.068,0.0,274783.0,65.0,16.332,0.066,94.5,32.622,0.066,0.0,240688.0,182.0,16.334,0.1,92.864,35.986,0.066,0.0,255276.0,72.0,16.334,0.098,95.916,31.198,0.066,0.0,257031.0,154.0,15.668,0.066,90.276,35.164,0.136,0.0,3255360.0,303.0,16.334,1
0.1,92.75,33.076,0.068,0.0,274783.0,65.0,16.332,0.066,94.5,32.622,0.066,0.0,240688.0,182.0,16.334,0.1,92.864,35.986,0.066,0.0,255276.0,72.0,16.334,0.098,95.916,31.198,0.066,0.0,257031.0,154.0,15.668,0.066,90.276,35.164,0.136,0.0,3255360.0,303.0,16.334,0.102,93.22,30.372,0.134,0.0,249859.0,56.0,16.704,1
0.066,94.5,32.622,0.066,0.0,240688.0,182.0,16.334,0.1,92.864,35.986,0.066,0.0,255276.0,72.0,16.334,0.098,95.916,31.198,0.066,0.0,257031.0,154.0,15.668,0.066,90.276,35.164,0.136,0.0,3255360.0,303.0,16.334,0.102,93.22,30.372,0.134,0.0,249859.0,56.0,16.704,0.102,97.042,37.018,0.132,0.0,3249660.0,77.0,16.0,1
0.1,92.864,35.986,0.066,0.0,255276.0,72.0,16.334,0.098,95.916,31.198,0.066,0.0,257031.0,154.0,15.668,0.066,90.276,35.164,0.136,0.0,3255360.0,303.0,16.334,0.102,93.22,30.372,0.134,0.0,249859.0,56.0,16.704,0.102,97.042,37.018,0.132,0.0,3249660.0,77.0,16.0,0.1,95.4,32.91,0.066,0.0,248563.0,229.0,16.65,1
0.098,95.916,31.198,0.066,0.0,257031.0,154.0,15.668,0.066,90.276,35.164,0.136,0.0,3255360.0,303.0,16.334,0.102,93.22,30.372,0.134,0.0,249859.0,56.0,16.704,0.102,97.042,37.018,0.132,0.0,3249660.0,77.0,16.0,0.1,95.4,32.91,0.066,0.0,248563.0,229.0,16.65,0.066,92.542,32.606,0.066,0.0,234449.0,202.0,16.65,1
0.066,90.276,35.164,0.136,0.0,3255360.0,303.0,16.334,0.102,93.22,30.372,0.134,0.0,249859.0,56.0,16.704,0.102,97.042,37.018,0.132,0.0,3249660.0,77.0,16.0,0.1,95.4,32.91,0.066,0.0,248563.0,229.0,16.65,0.066,92.542,32.606,0.066,0.0,234449.0,202.0,16.65,0.1,93.122,34.554,0.066,0.0,250409.0,72.0,17.0,1
0.102,93.22,30.372,0.134,0.0,249859.0,56.0,16.704,0.102,97.042,37.018,0.132,0.0,3249660.0,77.0,16.0,0.1,95.4,32.91,0.066,0.0,248563.0,229.0,16.65,0.066,92.542,32.606,0.066,0.0,234449.0,202.0,16.65,0.1,93.122,34.554,0.066,0.0,250409.0,72.0,17.0,3.502,94.592,32.016,0.068,7372.8,222676.0,6.0,16.668,1
0.102,97.042,37.018,0.132,0.0,3249660.0,77.0,16.0,0.1,95.4,32.91,0.066,0.0,248563.0,229.0,16.65,0.066,92.542,32.606,0.066,0.0,234449.0,202.0,16.65,0.1,93.122,34.554,0.066,0.0,250409.0,72.0,17.0,3.502,94.592,32.016,0.068,7372.8,222676.0,6.0,16.668,0.1,93.882,31.854,0.132,819.2,228328.0,62.0,17.332,1
0.1,95.4,32.91,0.066,0.0,248563.0,229.0,16.65,0.066,92.542,32.606,0.066,0.0,234449.0,202.0,16.65,0.1,93.122,34.554,0.066,0.0,250409.0,72.0,17.0,3.502,94.592,32.016,0.068,7372.8,222676.0,6.0,16.668,0.1,93.882,31.854,0.132,819.2,228328.0,62.0,17.332,0.102,94.0,33.944,0.066,0.0,234785.0,69.0,15.666,1
0.066,92.542,32.606,0.066,0.0,234449.0,202.0,16.65,0.1,93.122,34.554,0.066,0.0,250409.0,72.0,17.0,3.502,94.592,32.016,0.068,7372.8,222676.0,6.0,16.668,0.1,93.882,31.854,0.132,819.2,228328.0,62.0,17.332,0.102,94.0,33.944,0.066,0.0,234785.0,69.0,15.666,0.1,93.084,33.132,0.066,0.0,237276.0,8.0,17.0,1
0.1,93.122,34.554,0.066,0.0,250409.0,72.0,17.0,3.502,94.592,32.016,0.068,7372.8,222676.0,6.0,16.668,0.1,93.882,31.854,0.132,819.2,228328.0,62.0,17.332,0.102,94.0,33.944,0.066,0.0,234785.0,69.0,15.666,0.1,93.084,33.132,0.066,0.0,237276.0,8.0,17.0,0.102,95.292,32.746,0.066,0.0,222864.0,12.0,15.334,1
3.502,94.592,32.016,0.068,7372.8,222676.0,6.0,16.668,0.1,93.882,31.854,0.132,819.2,228328.0,62.0,17.332,0.102,94.0,33.944,0.066,0.0,234785.0,69.0,15.666,0.1,93.084,33.132,0.066,0.0,237276.0,8.0,17.0,0.102,95.292,32.746,0.066,0.0,222864.0,12.0,15.334,0.102,98.466,34.466,0.068,0.0,261360.0,6.0,16.002,1
0.1,93.882,31.854,0.132,819.2,228328.0,62.0,17.332,0.102,94.0,33.944,0.066,0.0,234785.0,69.0,15.666,0.1,93.084,33.132,0.066,0.0,237276.0,8.0,17.0,0.102,95.292,32.746,0.066,0.0,222864.0,12.0,15.334,0.102,98.466,34.466,0.068,0.0,261360.0,6.0,16.002,0.066,94.996,32.806,0.134,0.0,3216950.0,89.0,16.002,1
0.102,94.0,33.944,0.066,0.0,234785.0,69.0,15.666,0.1,93.084,33.132,0.066,0.0,237276.0,8.0,17.0,0.102,95.292,32.746,0.066,0.0,222864.0,12.0,15.334,0.102,98.466,34.466,0.068,0.0,261360.0,6.0,16.002,0.066,94.996,32.806,0.134,0.0,3216950.0,89.0,16.002,0.1,95.632,33.076,0.066,0.0,254451.0,36.0,16.32,1
0.1,93.084,33.132,0.066,0.0,237276.0,8.0,17.0,0.102,95.292,32.746,0.066,0.0,222864.0,12.0,15.334,0.102,98.466,34.466,0.068,0.0,261360.0,6.0,16.002,0.066,94.996,32.806,0.134,0.0,3216950.0,89.0,16.002,0.1,95.632,33.076,0.066,0.0,254451.0,36.0,16.32,0.102,96.782,34.436,0.066,0.0,3221190.0,86.0,16.334,1
0.102,95.292,32.746,0.066,0.0,222864.0,12.0,15.334,0.102,98.466,34.466,0.068,0.0,261360.0,6.0,16.002,0.066,94.996,32.806,0.134,0.0,3216950.0,89.0,16.002,0.1,95.632,33.076,0.066,0.0,254451.0,36.0,16.32,0.102,96.782,34.436,0.066,0.0,3221190.0,86.0,16.334,0.1,95.578,35.306,0.066,0.0,218554.0,253.0,17.0,1
0.102,98.466,34.466,0.068,0.0,261360.0,6.0,16.002,0.066,94.996,32.806,0.134,0.0,3216950.0,89.0,16.002,0.1,95.632,33.076,0.066,0.0,254451.0,36.0,16.32,0.102,96.782,34.436,0.066,0.0,3221190.0,86.0,16.334,0.1,95.578,35.306,0.066,0.0,218554.0,253.0,17.0,0.102,92.87,32.088,0.134,0.0,241390.0,54.0,16.666,1
0.066,94.996,32.806,0.134,0.0,3216950.0,89.0,16.002,0.1,95.632,33.076,0.066,0.0,254451.0,36.0,16.32,0.102,96.782,34.436,0.066,0.0,3221190.0,86.0,16.334,0.1,95.578,35.306,0.066,0.0,218554.0,253.0,17.0,0.102,92.87,32.088,0.134,0.0,241390.0,54.0,16.666,0.066,96.208,33.5,0.066,0.0,239855.0,15.0,16.686,1
0.1,95.632,33.076,0.066,0.0,254451.0,36.0,16.32,0.102,96.782,34.436,0.066,0.0,3221190.0,86.0,16.334,0.1,95.578,35.306,0.066,0.0,218554.0,253.0,17.0,0.102,92.87,32.088,0.134,0.0,241390.0,54.0,16.666,0.066,96.208,33.5,0.066,0.0,239855.0,15.0,16.686,0.102,91.792,32.814,0.066,0.0,225635.0,7.0,16.0,1
0.102,96.782,34.436,0.066,0.0,3221190.0,86.0,16.334,0.1,95.578,35.306,0.066,0.0,218554.0,253.0,17.0,0.102,92.87,32.088,0.134,0.0,241390.0,54.0,16.666,0.066,96.208,33.5,0.066,0.0,239855.0,15.0,16.686,0.102,91.792,32.814,0.066,0.0,225635.0,7.0,16.0,0.102,95.166,33.244,0.066,0.0,242242.0,12.0,16.0,1
0.1,95.578,35.306,0.066,0.0,218554.0,253.0,17.0,0.102,92.87,32.088,0.134,0.0,241390.0,54.0,16.666,0.066,96.208,33.5,0.066,0.0,239855.0,15.0,16.686,0.102,91.792,32.814,0.066,0.0,225635.0,7.0,16.0,0.102,95.166,33.244,0.066,0.0,242242.0,12.0,16.0,0.1,95.584,32.746,0.066,0.0,238559.0,52.0,16.0,1
0.102,92.87,32.088,0.134,0.0,241390.0,54.0,16.666,0.066,96.208,33.5,0.066,0.0,239855.0,15.0,16.686,0.102,91.792,32.814,0.066,0.0,225635.0,7.0,16.0,0.102,95.166,33.244,0.066,0.0,242242.0,12.0,16.0,0.1,95.584,32.746,0.066,0.0,238559.0,52.0,16.0,0.102,94.874,32.802,0.134,0.0,227698.0,4.0,16.322,1
0.066,96.208,33.5,0.066,0.0,239855.0,15.0,16.686,0.102,91.792,32.814,0.066,0.0,225635.0,7.0,16.0,0.102,95.166,33.244,0.066,0.0,242242.0,12.0,16.0,0.1,95.584,32.746,0.066,0.0,238559.0,52.0,16.0,0.102,94.874,32.802,0.134,0.0,227698.0,4.0,16.322,0.068,95.876,32.724000000000004,0.066,0.0,241768.0,42.0,16.664,1
0.102,91.792,32.814,0.066,0.0,225635.0,7.0,16.0,0.102,95.166,33.244,0.066,0.0,242242.0,12.0,16.0,0.1,95.584,32.746,0.066,0.0,238559.0,52.0,16.0,0.102,94.874,32.802,0.134,0.0,227698.0,4.0,16.322,0.068,95.876,32.724000000000004,0.066,0.0,241768.0,42.0,16.664,0.1,96.334,34.308,0.066,0.0,236803.0,63.0,16.336,1
0.102,95.166,33.244,0.066,0.0,242242.0,12.0,16.0,0.1,95.584,32.746,0.066,0.0,238559.0,52.0,16.0,0.102,94.874,32.802,0.134,0.0,227698.0,4.0,16.322,0.068,95.876,32.724000000000004,0.066,0.0,241768.0,42.0,16.664,0.1,96.334,34.308,0.066,0.0,236803.0,63.0,16.336,0.238,92.916,34.562,0.068,0.0,3227870.0,176.0,16.0,1
0.1,95.584,32.746,0.066,0.0,238559.0,52.0,16.0,0.102,94.874,32.802,0.134,0.0,227698.0,4.0,16.322,0.068,95.876,32.724000000000004,0.066,0.0,241768.0,42.0,16.664,0.1,96.334,34.308,0.066,0.0,236803.0,63.0,16.336,0.238,92.916,34.562,0.068,0.0,3227870.0,176.0,16.0,1.0,95.542,32.376,0.134,13107.2,231687.0,38.0,16.666,1
0.102,94.874,32.802,0.134,0.0,227698.0,4.0,16.322,0.068,95.876,32.724000000000004,0.066,0.0,241768.0,42.0,16.664,0.1,96.334,34.308,0.066,0.0,236803.0,63.0,16.336,0.238,92.916,34.562,0.068,0.0,3227870.0,176.0,16.0,1.0,95.542,32.376,0.134,13107.2,231687.0,38.0,16.666,0.068,94.416,35.916,0.068,2457.6,3218590.0,43.0,16.0,1
0.068,95.876,32.724000000000004,0.066,0.0,241768.0,42.0,16.664,0.1,96.334,34.308,0.066,0.0,236803.0,63.0,16.336,0.238,92.916,34.562,0.068,0.0,3227870.0,176.0,16.0,1.0,95.542,32.376,0.134,13107.2,231687.0,38.0,16.666,0.068,94.416,35.916,0.068,2457.6,3218590.0,43.0,16.0,4.002,92.834,31.62,0.066,392397.0,235358.0,30.0,16.65,1
0.1,96.334,34.308,0.066,0.0,236803.0,63.0,16.336,0.238,92.916,34.562,0.068,0.0,3227870.0,176.0,16.0,1.0,95.542,32.376,0.134,13107.2,231687.0,38.0,16.666,0.068,94.416,35.916,0.068,2457.6,3218590.0,43.0,16.0,4.002,92.834,31.62,0.066,392397.0,235358.0,30.0,16.65,0.1,93.958,35.262,0.066,0.0,230174.0,26.0,16.002,1
0.238,92.916,34.562,0.068,0.0,3227870.0,176.0,16.0,1.0,95.542,32.376,0.134,13107.2,231687.0,38.0,16.666,0.068,94.416,35.916,0.068,2457.6,3218590.0,43.0,16.0,4.002,92.834,31.62,0.066,392397.0,235358.0,30.0,16.65,0.1,93.958,35.262,0.066,0.0,230174.0,26.0,16.002,0.102,93.266,34.572,0.066,0.0,245502.0,4.0,16.334,1
1.0,95.542,32.376,0.134,13107.2,231687.0,38.0,16.666,0.068,94.416,35.916,0.068,2457.6,3218590.0,43.0,16.0,4.002,92.834,31.62,0.066,392397.0,235358.0,30.0,16.65,0.1,93.958,35.262,0.066,0.0,230174.0,26.0,16.002,0.102,93.266,34.572,0.066,0.0,245502.0,4.0,16.334,0.1,95.25,33.334,0.132,0.0,228695.0,47.0,16.332,1
0.068,94.416,35.916,0.068,2457.6,3218590.0,43.0,16.0,4.002,92.834,31.62,0.066,392397.0,235358.0,30.0,16.65,0.1,93.958,35.262,0.066,0.0,230174.0,26.0,16.002,0.102,93.266,34.572,0.066,0.0,245502.0,4.0,16.334,0.1,95.25,33.334,0.132,0.0,228695.0,47.0,16.332,0.102,95.142,35.492,0.068,0.0,246371.0,19.0,17.0,1
4.002,92.834,31.62,0.066,392397.0,235358.0,30.0,16.65,0.1,93.958,35.262,0.066,0.0,230174.0,26.0,16.002,0.102,93.266,34.572,0.066,0.0,245502.0,4.0,16.334,0.1,95.25,33.334,0.132,0.0,228695.0,47.0,16.332,0.102,95.142,35.492,0.068,0.0,246371.0,19.0,17.0,0.802,94.306,31.76,0.066,0.0,220510.0,33.0,16.332,1
0.1,93.958,35.262,0.066,0.0,230174.0,26.0,16.002,0.102,93.266,34.572,0.066,0.0,245502.0,4.0,16.334,0.1,95.25,33.334,0.132,0.0,228695.0,47.0,16.332,0.102,95.142,35.492,0.068,0.0,246371.0,19.0,17.0,0.802,94.306,31.76,0.066,0.0,220510.0,33.0,16.332,7.5,95.792,52.6125,0.068,1504050.0,247599.0,167.0,16.668,1
0.102,93.266,34.572,0.066,0.0,245502.0,4.0,16.334,0.1,95.25,33.334,0.132,0.0,228695.0,47.0,16.332,0.102,95.142,35.492,0.068,0.0,246371.0,19.0,17.0,0.802,94.306,31.76,0.066,0.0,220510.0,33.0,16.332,7.5,95.792,52.6125,0.068,1504050.0,247599.0,167.0,16.668,0.102,95.46,55.394,0.068,0.0,235197.0,5.0,15.952,1
0.1,95.25,33.334,0.132,0.0,228695.0,47.0,16.332,0.102,95.142,35.492,0.068,0.0,246371.0,19.0,17.0,0.802,94.306,31.76,0.066,0.0,220510.0,33.0,16.332,7.5,95.792,52.6125,0.068,1504050.0,247599.0,167.0,16.668,0.102,95.46,55.394,0.068,0.0,235197.0,5.0,15.952,0.102,95.956,34.154,0.066,0.0,3251430.0,3.0,16.666,1
0.102,95.142,35.492,0.068,0.0,246371.0,19.0,17.0,0.802,94.306,31.76,0.066,0.0,220510.0,33.0,16.332,7.5,95.792,52.6125,0.068,1504050.0,247599.0,167.0,16.668,0.102,95.46,55.394,0.068,0.0,235197.0,5.0,15.952,0.102,95.956,34.154,0.066,0.0,3251430.0,3.0,16.666,0.102,95.682,32.254,0.066,0.0,233712.0,26.0,17.0,1
0.802,94.306,31.76,0.066,0.0,220510.0,33.0,16.332,7.5,95.792,52.6125,0.068,1504050.0,247599.0,167.0,16.668,0.102,95.46,55.394,0.068,0.0,235197.0,5.0,15.952,0.102,95.956,34.154,0.066,0.0,3251430.0,3.0,16.666,0.102,95.682,32.254,0.066,0.0,233712.0,26.0,17.0,0.102,93.218,33.602,0.132,0.0,239937.0,155.0,16.64,1
7.5,95.792,52.6125,0.068,1504050.0,247599.0,167.0,16.668,0.102,95.46,55.394,0.068,0.0,235197.0,5.0,15.952,0.102,95.956,34.154,0.066,0.0,3251430.0,3.0,16.666,0.102,95.682,32.254,0.066,0.0,233712.0,26.0,17.0,0.102,93.218,33.602,0.132,0.0,239937.0,155.0,16.64,0.102,94.584,34.692,0.068,0.0,234934.0,109.0,16.65,1
0.102,95.46,55.394,0.068,0.0,235197.0,5.0,15.952,0.102,95.956,34.154,0.066,0.0,3251430.0,3.0,16.666,0.102,95.682,32.254,0.066,0.0,233712.0,26.0,17.0,0.102,93.218,33.602,0.132,0.0,239937.0,155.0,16.64,0.102,94.584,34.692,0.068,0.0,234934.0,109.0,16.65,0.102,96.584,32.09,0.066,0.0,250453.0,142.0,17.384,1
0.102,95.956,34.154,0.066,0.0,3251430.0,3.0,16.666,0.102,95.682,32.254,0.066,0.0,233712.0,26.0,17.0,0.102,93.218,33.602,0.132,0.0,239937.0,155.0,16.64,0.102,94.584,34.692,0.068,0.0,234934.0,109.0,16.65,0.102,96.584,32.09,0.066,0.0,250453.0,142.0,17.384,0.1,96.458,31.886,0.068,0.0,223365.0,10.0,16.002,1
0.102,95.682,32.254,0.066,0.0,233712.0,26.0,17.0,0.102,93.218,33.602,0.132,0.0,239937.0,155.0,16.64,0.102,94.584,34.692,0.068,0.0,234934.0,109.0,16.65,0.102,96.584,32.09,0.066,0.0,250453.0,142.0,17.384,0.1,96.458,31.886,0.068,0.0,223365.0,10.0,16.002,0.068,93.792,37.742,0.066,0.0,251789.0,4.0,16.334,1
0.102,93.218,33.602,0.132,0.0,239937.0,155.0,16.64,0.102,94.584,34.692,0.068,0.0,234934.0,109.0,16.65,0.102,96.584,32.09,0.066,0.0,250453.0,142.0,17.384,0.1,96.458,31.886,0.068,0.0,223365.0,10.0,16.002,0.068,93.792,37.742,0.066,0.0,251789.0,4.0,16.334,0.1,93.084,30.908,0.132,0.0,224792.0,55.0,16.332,1
0.102,94.584,34.692,0.068,0.0,234934.0,109.0,16.65,0.102,96.584,32.09,0.066,0.0,250453.0,142.0,17.384,0.1,96.458,31.886,0.068,0.0,223365.0,10.0,16.002,0.068,93.792,37.742,0.066,0.0,251789.0,4.0,16.334,0.1,93.084,30.908,0.132,0.0,224792.0,55.0,16.332,0.1,93.792,88.20200000000001,0.068,0.0,244355.0,57.0,16.002,1
0.102,96.584,32.09,0.066,0.0,250453.0,142.0,17.384,0.1,96.458,31.886,0.068,0.0,223365.0,10.0,16.002,0.068,93.792,37.742,0.066,0.0,251789.0,4.0,16.334,0.1,93.084,30.908,0.132,0.0,224792.0,55.0,16.332,0.1,93.792,88.20200000000001,0.068,0.0,244355.0,57.0,16.002,0.1,94.75,99.552,0.066,0.0,231851.0,14.0,16.305999999999994,1
0.1,96.458,31.886,0.068,0.0,223365.0,10.0,16.002,0.068,93.792,37.742,0.066,0.0,251789.0,4.0,16.334,0.1,93.084,30.908,0.132,0.0,224792.0,55.0,16.332,0.1,93.792,88.20200000000001,0.068,0.0,244355.0,57.0,16.002,0.1,94.75,99.552,0.066,0.0,231851.0,14.0,16.305999999999994,0.102,91.942,98.944,0.132,0.0,3236930.0,84.0,16.715999999999998,1
0.068,93.792,37.742,0.066,0.0,251789.0,4.0,16.334,0.1,93.084,30.908,0.132,0.0,224792.0,55.0,16.332,0.1,93.792,88.20200000000001,0.068,0.0,244355.0,57.0,16.002,0.1,94.75,99.552,0.066,0.0,231851.0,14.0,16.305999999999994,0.102,91.942,98.944,0.132,0.0,3236930.0,84.0,16.715999999999998,0.068,94.334,98.816,0.066,0.0,249971.0,8.0,15.956,1
0.1,93.084,30.908,0.132,0.0,224792.0,55.0,16.332,0.1,93.792,88.20200000000001,0.068,0.0,244355.0,57.0,16.002,0.1,94.75,99.552,0.066,0.0,231851.0,14.0,16.305999999999994,0.102,91.942,98.944,0.132,0.0,3236930.0,84.0,16.715999999999998,0.068,94.334,98.816,0.066,0.0,249971.0,8.0,15.956,0.102,92.92,98.424,0.066,0.0,3210910.0,44.0,17.668,1
0.1,93.792,88.20200000000001,0.068,0.0,244355.0,57.0,16.002,0.1,94.75,99.552,0.066,0.0,231851.0,14.0,16.305999999999994,0.102,91.942,98.944,0.132,0.0,3236930.0,84.0,16.715999999999998,0.068,94.334,98.816,0.066,0.0,249971.0,8.0,15.956,0.102,92.92,98.424,0.066,0.0,3210910.0,44.0,17.668,0.1,93.958,98.73,0.066,0.0,244898.0,190.0,17.334,1
0.1,94.75,99.552,0.066,0.0,231851.0,14.0,16.305999999999994,0.102,91.942,98.944,0.132,0.0,3236930.0,84.0,16.715999999999998,0.068,94.334,98.816,0.066,0.0,249971.0,8.0,15.956,0.102,92.92,98.424,0.066,0.0,3210910.0,44.0,17.668,0.1,93.958,98.73,0.066,0.0,244898.0,190.0,17.334,0.102,91.478,98.544,0.068,0.0,214081.0,78.0,16.666,1
0.102,91.942,98.944,0.132,0.0,3236930.0,84.0,16.715999999999998,0.068,94.334,98.816,0.066,0.0,249971.0,8.0,15.956,0.102,92.92,98.424,0.066,0.0,3210910.0,44.0,17.668,0.1,93.958,98.73,0.066,0.0,244898.0,190.0,17.334,0.102,91.478,98.544,0.068,0.0,214081.0,78.0,16.666,0.1,94.708,98.498,0.066,0.0,247575.0,28.0,15.668,1
0.068,94.334,98.816,0.066,0.0,249971.0,8.0,15.956,0.102,92.92,98.424,0.066,0.0,3210910.0,44.0,17.668,0.1,93.958,98.73,0.066,0.0,244898.0,190.0,17.334,0.102,91.478,98.544,0.068,0.0,214081.0,78.0,16.666,0.1,94.708,98.498,0.066,0.0,247575.0,28.0,15.668,0.1,93.628,98.238,0.132,0.0,225824.0,8.0,16.666,1
0.102,92.92,98.424,0.066,0.0,3210910.0,44.0,17.668,0.1,93.958,98.73,0.066,0.0,244898.0,190.0,17.334,0.102,91.478,98.544,0.068,0.0,214081.0,78.0,16.666,0.1,94.708,98.498,0.066,0.0,247575.0,28.0,15.668,0.1,93.628,98.238,0.132,0.0,225824.0,8.0,16.666,0.068,91.75,98.92,0.066,0.0,236859.0,35.0,16.668,1
0.1,93.958,98.73,0.066,0.0,244898.0,190.0,17.334,0.102,91.478,98.544,0.068,0.0,214081.0,78.0,16.666,0.1,94.708,98.498,0.066,0.0,247575.0,28.0,15.668,0.1,93.628,98.238,0.132,0.0,225824.0,8.0,16.666,0.068,91.75,98.92,0.066,0.0,236859.0,35.0,16.668,0.102,93.834,99.62,0.066,0.0,239795.0,23.0,15.998,1
0.102,91.478,98.544,0.068,0.0,214081.0,78.0,16.666,0.1,94.708,98.498,0.066,0.0,247575.0,28.0,15.668,0.1,93.628,98.238,0.132,0.0,225824.0,8.0,16.666,0.068,91.75,98.92,0.066,0.0,236859.0,35.0,16.668,0.102,93.834,99.62,0.066,0.0,239795.0,23.0,15.998,0.102,94.394,99.39,0.066,0.0,235576.0,139.0,16.666,1
0.1,94.708,98.498,0.066,0.0,247575.0,28.0,15.668,0.1,93.628,98.238,0.132,0.0,225824.0,8.0,16.666,0.068,91.75,98.92,0.066,0.0,236859.0,35.0,16.668,0.102,93.834,99.62,0.066,0.0,239795.0,23.0,15.998,0.102,94.394,99.39,0.066,0.0,235576.0,139.0,16.666,0.1,92.834,99.014,0.068,0.0,232808.0,32.0,16.332,1
0.1,93.628,98.238,0.132,0.0,225824.0,8.0,16.666,0.068,91.75,98.92,0.066,0.0,236859.0,35.0,16.668,0.102,93.834,99.62,0.066,0.0,239795.0,23.0,15.998,0.102,94.394,99.39,0.066,0.0,235576.0,139.0,16.666,0.1,92.834,99.014,0.068,0.0,232808.0,32.0,16.332,0.068,95.852,98.498,0.132,0.0,253999.0,107.0,16.334,1
0.068,91.75,98.92,0.066,0.0,236859.0,35.0,16.668,0.102,93.834,99.62,0.066,0.0,239795.0,23.0,15.998,0.102,94.394,99.39,0.066,0.0,235576.0,139.0,16.666,0.1,92.834,99.014,0.068,0.0,232808.0,32.0,16.332,0.068,95.852,98.498,0.132,0.0,253999.0,107.0,16.334,0.102,94.406,99.062,0.066,0.0,3214860.0,94.0,17.317999999999998,1
0.102,93.834,99.62,0.066,0.0,239795.0,23.0,15.998,0.102,94.394,99.39,0.066,0.0,235576.0,139.0,16.666,0.1,92.834,99.014,0.068,0.0,232808.0,32.0,16.332,0.068,95.852,98.498,0.132,0.0,253999.0,107.0,16.334,0.102,94.406,99.062,0.066,0.0,3214860.0,94.0,17.317999999999998,0.102,93.584,99.25,0.066,0.0,240742.0,144.0,16.334,1
0.102,94.394,99.39,0.066,0.0,235576.0,139.0,16.666,0.1,92.834,99.014,0.068,0.0,232808.0,32.0,16.332,0.068,95.852,98.498,0.132,0.0,253999.0,107.0,16.334,0.102,94.406,99.062,0.066,0.0,3214860.0,94.0,17.317999999999998,0.102,93.584,99.25,0.066,0.0,240742.0,144.0,16.334,0.102,92.25,99.528,0.134,0.0,3226340.0,22.0,17.334,1
0.1,92.834,99.014,0.068,0.0,232808.0,32.0,16.332,0.068,95.852,98.498,0.132,0.0,253999.0,107.0,16.334,0.102,94.406,99.062,0.066,0.0,3214860.0,94.0,17.317999999999998,0.102,93.584,99.25,0.066,0.0,240742.0,144.0,16.334,0.102,92.25,99.528,0.134,0.0,3226340.0,22.0,17.334,0.066,96.764,99.226,0.066,0.0,247431.0,3.0,16.666,1
0.068,95.852,98.498,0.132,0.0,253999.0,107.0,16.334,0.102,94.406,99.062,0.066,0.0,3214860.0,94.0,17.317999999999998,0.102,93.584,99.25,0.066,0.0,240742.0,144.0,16.334,0.102,92.25,99.528,0.134,0.0,3226340.0,22.0,17.334,0.066,96.764,99.226,0.066,0.0,247431.0,3.0,16.666,0.1,96.772,99.272,0.068,0.0,236062.0,110.0,17.374000000000002,1
0.102,94.406,99.062,0.066,0.0,3214860.0,94.0,17.317999999999998,0.102,93.584,99.25,0.066,0.0,240742.0,144.0,16.334,0.102,92.25,99.528,0.134,0.0,3226340.0,22.0,17.334,0.066,96.764,99.226,0.066,0.0,247431.0,3.0,16.666,0.1,96.772,99.272,0.068,0.0,236062.0,110.0,17.374000000000002,0.102,93.584,98.724,0.066,0.0,233359.0,44.0,16.666,1
0.102,93.584,99.25,0.066,0.0,240742.0,144.0,16.334,0.102,92.25,99.528,0.134,0.0,3226340.0,22.0,17.334,0.066,96.764,99.226,0.066,0.0,247431.0,3.0,16.666,0.1,96.772,99.272,0.068,0.0,236062.0,110.0,17.374000000000002,0.102,93.584,98.724,0.066,0.0,233359.0,44.0,16.666,0.102,93.5,99.554,0.068,0.0,245841.0,5.0,16.998,1
0.102,92.25,99.528,0.134,0.0,3226340.0,22.0,17.334,0.066,96.764,99.226,0.066,0.0,247431.0,3.0,16.666,0.1,96.772,99.272,0.068,0.0,236062.0,110.0,17.374000000000002,0.102,93.584,98.724,0.066,0.0,233359.0,44.0,16.666,0.102,93.5,99.554,0.068,0.0,245841.0,5.0,16.998,0.102,93.792,98.706,0.066,0.0,236469.0,4.0,15.718,1
0.066,96.764,99.226,0.066,0.0,247431.0,3.0,16.666,0.1,96.772,99.272,0.068,0.0,236062.0,110.0,17.374000000000002,0.102,93.584,98.724,0.066,0.0,233359.0,44.0,16.666,0.102,93.5,99.554,0.068,0.0,245841.0,5.0,16.998,0.102,93.792,98.706,0.066,0.0,236469.0,4.0,15.718,0.102,95.964,99.414,0.134,0.0,245136.0,28.0,16.996,1
0.1,96.772,99.272,0.068,0.0,236062.0,110.0,17.374000000000002,0.102,93.584,98.724,0.066,0.0,233359.0,44.0,16.666,0.102,93.5,99.554,0.068,0.0,245841.0,5.0,16.998,0.102,93.792,98.706,0.066,0.0,236469.0,4.0,15.718,0.102,95.964,99.414,0.134,0.0,245136.0,28.0,16.996,0.068,93.81,99.53,0.066,0.0,224314.0,70.0,16.954,1
0.102,93.584,98.724,0.066,0.0,233359.0,44.0,16.666,0.102,93.5,99.554,0.068,0.0,245841.0,5.0,16.998,0.102,93.792,98.706,0.066,0.0,236469.0,4.0,15.718,0.102,95.964,99.414,0.134,0.0,245136.0,28.0,16.996,0.068,93.81,99.53,0.066,0.0,224314.0,70.0,16.954,0.102,95.556,99.202,0.066,0.0,234005.0,57.0,16.382,1
0.102,93.5,99.554,0.068,0.0,245841.0,5.0,16.998,0.102,93.792,98.706,0.066,0.0,236469.0,4.0,15.718,0.102,95.964,99.414,0.134,0.0,245136.0,28.0,16.996,0.068,93.81,99.53,0.066,0.0,224314.0,70.0,16.954,0.102,95.556,99.202,0.066,0.0,234005.0,57.0,16.382,0.102,92.966,98.918,0.132,0.0,241651.0,13.0,16.328,1
0.102,93.792,98.706,0.066,0.0,236469.0,4.0,15.718,0.102,95.964,99.414,0.134,0.0,245136.0,28.0,16.996,0.068,93.81,99.53,0.066,0.0,224314.0,70.0,16.954,0.102,95.556,99.202,0.066,0.0,234005.0,57.0,16.382,0.102,92.966,98.918,0.132,0.0,241651.0,13.0,16.328,0.066,93.858,99.436,0.066,0.0,3203080.0,19.0,17.308,1
0.102,95.964,99.414,0.134,0.0,245136.0,28.0,16.996,0.068,93.81,99.53,0.066,0.0,224314.0,70.0,16.954,0.102,95.556,99.202,0.066,0.0,234005.0,57.0,16.382,0.102,92.966,98.918,0.132,0.0,241651.0,13.0,16.328,0.066,93.858,99.436,0.066,0.0,3203080.0,19.0,17.308,0.102,95.354,99.414,0.066,0.0,261562.0,6.0,16.002,1
0.068,93.81,99.53,0.066,0.0,224314.0,70.0,16.954,0.102,95.556,99.202,0.066,0.0,234005.0,57.0,16.382,0.102,92.966,98.918,0.132,0.0,241651.0,13.0,16.328,0.066,93.858,99.436,0.066,0.0,3203080.0,19.0,17.308,0.102,95.354,99.414,0.066,0.0,261562.0,6.0,16.002,0.102,92.408,98.732,0.068,0.0,3211830.0,59.0,17.334,1
0.102,95.556,99.202,0.066,0.0,234005.0,57.0,16.382,0.102,92.966,98.918,0.132,0.0,241651.0,13.0,16.328,0.066,93.858,99.436,0.066,0.0,3203080.0,19.0,17.308,0.102,95.354,99.414,0.066,0.0,261562.0,6.0,16.002,0.102,92.408,98.732,0.068,0.0,3211830.0,59.0,17.334,0.066,93.084,99.46,0.066,0.0,251200.0,11.0,16.668,1
0.102,92.966,98.918,0.132,0.0,241651.0,13.0,16.328,0.066,93.858,99.436,0.066,0.0,3203080.0,19.0,17.308,0.102,95.354,99.414,0.066,0.0,261562.0,6.0,16.002,0.102,92.408,98.732,0.068,0.0,3211830.0,59.0,17.334,0.066,93.084,99.46,0.066,0.0,251200.0,11.0,16.668,0.1,95.124,99.528,1.602,0.0,216012.0,9.0,16.63,1
0.066,93.858,99.436,0.066,0.0,3203080.0,19.0,17.308,0.102,95.354,99.414,0.066,0.0,261562.0,6.0,16.002,0.102,92.408,98.732,0.068,0.0,3211830.0,59.0,17.334,0.066,93.084,99.46,0.066,0.0,251200.0,11.0,16.668,0.1,95.124,99.528,1.602,0.0,216012.0,9.0,16.63,0.102,97.042,99.578,0.066,0.0,255496.0,9.0,18.668,1
0.102,95.354,99.414,0.066,0.0,261562.0,6.0,16.002,0.102,92.408,98.732,0.068,0.0,3211830.0,59.0,17.334,0.066,93.084,99.46,0.066,0.0,251200.0,11.0,16.668,0.1,95.124,99.528,1.602,0.0,216012.0,9.0,16.63,0.102,97.042,99.578,0.066,0.0,255496.0,9.0,18.668,0.102,93.762,99.434,0.066,0.0,220503.0,25.0,17.332,1
0.102,92.408,98.732,0.068,0.0,3211830.0,59.0,17.334,0.066,93.084,99.46,0.066,0.0,251200.0,11.0,16.668,0.1,95.124,99.528,1.602,0.0,216012.0,9.0,16.63,0.102,97.042,99.578,0.066,0.0,255496.0,9.0,18.668,0.102,93.762,99.434,0.066,0.0,220503.0,25.0,17.332,0.068,94.458,98.904,0.066,0.0,3232120.0,62.0,15.666,1
0.066,93.084,99.46,0.066,0.0,251200.0,11.0,16.668,0.1,95.124,99.528,1.602,0.0,216012.0,9.0,16.63,0.102,97.042,99.578,0.066,0.0,255496.0,9.0,18.668,0.102,93.762,99.434,0.066,0.0,220503.0,25.0,17.332,0.068,94.458,98.904,0.066,0.0,3232120.0,62.0,15.666,0.098,95.792,98.756,0.134,0.0,233264.0,4.0,17.002,1
0.1,95.124,99.528,1.602,0.0,216012.0,9.0,16.63,0.102,97.042,99.578,0.066,0.0,255496.0,9.0,18.668,0.102,93.762,99.434,0.066,0.0,220503.0,25.0,17.332,0.068,94.458,98.904,0.066,0.0,3232120.0,62.0,15.666,0.098,95.792,98.756,0.134,0.0,233264.0,4.0,17.002,0.102,93.792,99.088,0.066,0.0,227083.0,48.0,16.334,1
0.102,97.042,99.578,0.066,0.0,255496.0,9.0,18.668,0.102,93.762,99.434,0.066,0.0,220503.0,25.0,17.332,0.068,94.458,98.904,0.066,0.0,3232120.0,62.0,15.666,0.098,95.792,98.756,0.134,0.0,233264.0,4.0,17.002,0.102,93.792,99.088,0.066,0.0,227083.0,48.0,16.334,0.068,95.812,99.226,0.066,0.0,229243.0,141.0,16.334,1
0.102,93.762,99.434,0.066,0.0,220503.0,25.0,17.332,0.068,94.458,98.904,0.066,0.0,3232120.0,62.0,15.666,0.098,95.792,98.756,0.134,0.0,233264.0,4.0,17.002,0.102,93.792,99.088,0.066,0.0,227083.0,48.0,16.334,0.068,95.812,99.226,0.066,0.0,229243.0,141.0,16.334,0.102,94.126,99.318,0.068,0.0,251812.0,82.0,15.99,1
0.068,94.458,98.904,0.066,0.0,3232120.0,62.0,15.666,0.098,95.792,98.756,0.134,0.0,233264.0,4.0,17.002,0.102,93.792,99.088,0.066,0.0,227083.0,48.0,16.334,0.068,95.812,99.226,0.066,0.0,229243.0,141.0,16.334,0.102,94.126,99.318,0.068,0.0,251812.0,82.0,15.99,0.102,93.75,98.99,0.132,0.0,3223190.0,5.0,16.708,1
0.098,95.792,98.756,0.134,0.0,233264.0,4.0,17.002,0.102,93.792,99.088,0.066,0.0,227083.0,48.0,16.334,0.068,95.812,99.226,0.066,0.0,229243.0,141.0,16.334,0.102,94.126,99.318,0.068,0.0,251812.0,82.0,15.99,0.102,93.75,98.99,0.132,0.0,3223190.0,5.0,16.708,0.102,90.25,99.248,0.066,0.0,218885.0,5.0,16.29,1
0.102,93.792,99.088,0.066,0.0,227083.0,48.0,16.334,0.068,95.812,99.226,0.066,0.0,229243.0,141.0,16.334,0.102,94.126,99.318,0.068,0.0,251812.0,82.0,15.99,0.102,93.75,98.99,0.132,0.0,3223190.0,5.0,16.708,0.102,90.25,99.248,0.066,0.0,218885.0,5.0,16.29,0.068,97.708,99.27,0.068,0.0,3255620.0,64.0,15.33,1
0.068,95.812,99.226,0.066,0.0,229243.0,141.0,16.334,0.102,94.126,99.318,0.068,0.0,251812.0,82.0,15.99,0.102,93.75,98.99,0.132,0.0,3223190.0,5.0,16.708,0.102,90.25,99.248,0.066,0.0,218885.0,5.0,16.29,0.068,97.708,99.27,0.068,0.0,3255620.0,64.0,15.33,0.102,95.218,99.414,0.066,0.0,222463.0,23.0,16.336,1
0.102,94.126,99.318,0.068,0.0,251812.0,82.0,15.99,0.102,93.75,98.99,0.132,0.0,3223190.0,5.0,16.708,0.102,90.25,99.248,0.066,0.0,218885.0,5.0,16.29,0.068,97.708,99.27,0.068,0.0,3255620.0,64.0,15.33,0.102,95.218,99.414,0.066,0.0,222463.0,23.0,16.336,0.1,95.48,98.498,0.066,0.0,225656.0,134.0,16.002,1
0.102,93.75,98.99,0.132,0.0,3223190.0,5.0,16.708,0.102,90.25,99.248,0.066,0.0,218885.0,5.0,16.29,0.068,97.708,99.27,0.068,0.0,3255620.0,64.0,15.33,0.102,95.218,99.414,0.066,0.0,222463.0,23.0,16.336,0.1,95.48,98.498,0.066,0.0,225656.0,134.0,16.002,0.102,92.916,98.896,0.066,0.0,240323.0,16.0,16.334,1
0.102,90.25,99.248,0.066,0.0,218885.0,5.0,16.29,0.068,97.708,99.27,0.068,0.0,3255620.0,64.0,15.33,0.102,95.218,99.414,0.066,0.0,222463.0,23.0,16.336,0.1,95.48,98.498,0.066,0.0,225656.0,134.0,16.002,0.102,92.916,98.896,0.066,0.0,240323.0,16.0,16.334,0.068,94.874,99.202,0.134,0.0,228010.0,17.0,16.668,1
0.068,97.708,99.27,0.068,0.0,3255620.0,64.0,15.33,0.102,95.218,99.414,0.066,0.0,222463.0,23.0,16.336,0.1,95.48,98.498,0.066,0.0,225656.0,134.0,16.002,0.102,92.916,98.896,0.066,0.0,240323.0,16.0,16.334,0.068,94.874,99.202,0.134,0.0,228010.0,17.0,16.668,0.102,93.376,99.436,0.066,0.0,223507.0,150.0,16.666,1
0.102,95.218,99.414,0.066,0.0,222463.0,23.0,16.336,0.1,95.48,98.498,0.066,0.0,225656.0,134.0,16.002,0.102,92.916,98.896,0.066,0.0,240323.0,16.0,16.334,0.068,94.874,99.202,0.134,0.0,228010.0,17.0,16.668,0.102,93.376,99.436,0.066,0.0,223507.0,150.0,16.666,1.534,92.084,98.616,0.066,0.0,236186.0,38.0,15.998,1
0.1,95.48,98.498,0.066,0.0,225656.0,134.0,16.002,0.102,92.916,98.896,0.066,0.0,240323.0,16.0,16.334,0.068,94.874,99.202,0.134,0.0,228010.0,17.0,16.668,0.102,93.376,99.436,0.066,0.0,223507.0,150.0,16.666,1.534,92.084,98.616,0.066,0.0,236186.0,38.0,15.998,6.734,95.456,98.638,0.068,1208320.0,227903.0,85.0,16.334,1
0.102,92.916,98.896,0.066,0.0,240323.0,16.0,16.334,0.068,94.874,99.202,0.134,0.0,228010.0,17.0,16.668,0.102,93.376,99.436,0.066,0.0,223507.0,150.0,16.666,1.534,92.084,98.616,0.066,0.0,236186.0,38.0,15.998,6.734,95.456,98.638,0.068,1208320.0,227903.0,85.0,16.334,0.102,95.542,99.388,0.068,0.0,225596.0,81.0,16.0,1
0.068,94.874,99.202,0.134,0.0,228010.0,17.0,16.668,0.102,93.376,99.436,0.066,0.0,223507.0,150.0,16.666,1.534,92.084,98.616,0.066,0.0,236186.0,38.0,15.998,6.734,95.456,98.638,0.068,1208320.0,227903.0,85.0,16.334,0.102,95.542,99.388,0.068,0.0,225596.0,81.0,16.0,0.066,93.75,98.428,0.066,0.0,247329.0,63.0,16.34,1
0.102,93.376,99.436,0.066,0.0,223507.0,150.0,16.666,1.534,92.084,98.616,0.066,0.0,236186.0,38.0,15.998,6.734,95.456,98.638,0.068,1208320.0,227903.0,85.0,16.334,0.102,95.542,99.388,0.068,0.0,225596.0,81.0,16.0,0.066,93.75,98.428,0.066,0.0,247329.0,63.0,16.34,0.102,92.328,99.32,0.134,0.0,3218660.0,48.0,17.046,1
1.534,92.084,98.616,0.066,0.0,236186.0,38.0,15.998,6.734,95.456,98.638,0.068,1208320.0,227903.0,85.0,16.334,0.102,95.542,99.388,0.068,0.0,225596.0,81.0,16.0,0.066,93.75,98.428,0.066,0.0,247329.0,63.0,16.34,0.102,92.328,99.32,0.134,0.0,3218660.0,48.0,17.046,0.102,95.042,99.296,0.066,0.0,236447.0,26.0,16.602,1
6.734,95.456,98.638,0.068,1208320.0,227903.0,85.0,16.334,0.102,95.542,99.388,0.068,0.0,225596.0,81.0,16.0,0.066,93.75,98.428,0.066,0.0,247329.0,63.0,16.34,0.102,92.328,99.32,0.134,0.0,3218660.0,48.0,17.046,0.102,95.042,99.296,0.066,0.0,236447.0,26.0,16.602,0.1,95.746,99.366,0.066,0.0,3235170.0,60.0,16.332,1
0.102,95.542,99.388,0.068,0.0,225596.0,81.0,16.0,0.066,93.75,98.428,0.066,0.0,247329.0,63.0,16.34,0.102,92.328,99.32,0.134,0.0,3218660.0,48.0,17.046,0.102,95.042,99.296,0.066,0.0,236447.0,26.0,16.602,0.1,95.746,99.366,0.066,0.0,3235170.0,60.0,16.332,0.066,94.922,99.038,0.068,0.0,237366.0,87.0,17.332,1
0.066,93.75,98.428,0.066,0.0,247329.0,63.0,16.34,0.102,92.328,99.32,0.134,0.0,3218660.0,48.0,17.046,0.102,95.042,99.296,0.066,0.0,236447.0,26.0,16.602,0.1,95.746,99.366,0.066,0.0,3235170.0,60.0,16.332,0.066,94.922,99.038,0.068,0.0,237366.0,87.0,17.332,0.102,94.532,99.484,0.134,0.0,219340.0,123.0,15.668,1
0.102,92.328,99.32,0.134,0.0,3218660.0,48.0,17.046,0.102,95.042,99.296,0.066,0.0,236447.0,26.0,16.602,0.1,95.746,99.366,0.066,0.0,3235170.0,60.0,16.332,0.066,94.922,99.038,0.068,0.0,237366.0,87.0,17.332,0.102,94.532,99.484,0.134,0.0,219340.0,123.0,15.668,0.102,96.336,99.67,0.066,0.0,250664.0,45.0,17.0,1
0.102,95.042,99.296,0.066,0.0,236447.0,26.0,16.602,0.1,95.746,99.366,0.066,0.0,3235170.0,60.0,16.332,0.066,94.922,99.038,0.068,0.0,237366.0,87.0,17.332,0.102,94.532,99.484,0.134,0.0,219340.0,123.0,15.668,0.102,96.336,99.67,0.066,0.0,250664.0,45.0,17.0,0.1,93.584,99.296,0.068,0.0,229741.0,61.0,16.334,1
0.1,95.746,99.366,0.066,0.0,3235170.0,60.0,16.332,0.066,94.922,99.038,0.068,0.0,237366.0,87.0,17.332,0.102,94.532,99.484,0.134,0.0,219340.0,123.0,15.668,0.102,96.336,99.67,0.066,0.0,250664.0,45.0,17.0,0.1,93.584,99.296,0.068,0.0,229741.0,61.0,16.334,0.068,94.176,99.202,0.066,0.0,243908.0,188.0,16.334,1
0.066,94.922,99.038,0.068,0.0,237366.0,87.0,17.332,0.102,94.532,99.484,0.134,0.0,219340.0,123.0,15.668,0.102,96.336,99.67,0.066,0.0,250664.0,45.0,17.0,0.1,93.584,99.296,0.068,0.0,229741.0,61.0,16.334,0.068,94.176,99.202,0.066,0.0,243908.0,188.0,16.334,0.236,94.25,99.436,0.068,2457.6,259016.0,67.0,16.664,1
0.102,94.532,99.484,0.134,0.0,219340.0,123.0,15.668,0.102,96.336,99.67,0.066,0.0,250664.0,45.0,17.0,0.1,93.584,99.296,0.068,0.0,229741.0,61.0,16.334,0.068,94.176,99.202,0.066,0.0,243908.0,188.0,16.334,0.236,94.25,99.436,0.068,2457.6,259016.0,67.0,16.664,0.102,96.512,98.896,0.066,819.2,230379.0,11.0,16.68,1
0.102,96.336,99.67,0.066,0.0,250664.0,45.0,17.0,0.1,93.584,99.296,0.068,0.0,229741.0,61.0,16.334,0.068,94.176,99.202,0.066,0.0,243908.0,188.0,16.334,0.236,94.25,99.436,0.068,2457.6,259016.0,67.0,16.664,0.102,96.512,98.896,0.066,819.2,230379.0,11.0,16.68,0.102,92.708,99.534,0.132,0.0,256210.0,43.0,16.332,1
0.1,93.584,99.296,0.068,0.0,229741.0,61.0,16.334,0.068,94.176,99.202,0.066,0.0,243908.0,188.0,16.334,0.236,94.25,99.436,0.068,2457.6,259016.0,67.0,16.664,0.102,96.512,98.896,0.066,819.2,230379.0,11.0,16.68,0.102,92.708,99.534,0.132,0.0,256210.0,43.0,16.332,0.068,94.666,99.46,0.066,0.0,250069.0,7.0,17.018,1
0.068,94.176,99.202,0.066,0.0,243908.0,188.0,16.334,0.236,94.25,99.436,0.068,2457.6,259016.0,67.0,16.664,0.102,96.512,98.896,0.066,819.2,230379.0,11.0,16.68,0.102,92.708,99.534,0.132,0.0,256210.0,43.0,16.332,0.068,94.666,99.46,0.066,0.0,250069.0,7.0,17.018,0.102,92.458,99.038,0.066,0.0,3257030.0,62.0,16.666,1
0.236,94.25,99.436,0.068,2457.6,259016.0,67.0,16.664,0.102,96.512,98.896,0.066,819.2,230379.0,11.0,16.68,0.102,92.708,99.534,0.132,0.0,256210.0,43.0,16.332,0.068,94.666,99.46,0.066,0.0,250069.0,7.0,17.018,0.102,92.458,99.038,0.066,0.0,3257030.0,62.0,16.666,0.098,95.034,99.038,0.134,0.0,246250.0,5.0,16.998,1
0.102,96.512,98.896,0.066,819.2,230379.0,11.0,16.68,0.102,92.708,99.534,0.132,0.0,256210.0,43.0,16.332,0.068,94.666,99.46,0.066,0.0,250069.0,7.0,17.018,0.102,92.458,99.038,0.066,0.0,3257030.0,62.0,16.666,0.098,95.034,99.038,0.134,0.0,246250.0,5.0,16.998,74.44800000000002,93.5,99.392,0.066,59888400.0,3253220.0,10.0,16.046,1
0.102,92.708,99.534,0.132,0.0,256210.0,43.0,16.332,0.068,94.666,99.46,0.066,0.0,250069.0,7.0,17.018,0.102,92.458,99.038,0.066,0.0,3257030.0,62.0,16.666,0.098,95.034,99.038,0.134,0.0,246250.0,5.0,16.998,74.44800000000002,93.5,99.392,0.066,59888400.0,3253220.0,10.0,16.046,98.388,92.346,99.178,0.066,73999200.0,235777.0,8.0,16.616,1
0.068,94.666,99.46,0.066,0.0,250069.0,7.0,17.018,0.102,92.458,99.038,0.066,0.0,3257030.0,62.0,16.666,0.098,95.034,99.038,0.134,0.0,246250.0,5.0,16.998,74.44800000000002,93.5,99.392,0.066,59888400.0,3253220.0,10.0,16.046,98.388,92.346,99.178,0.066,73999200.0,235777.0,8.0,16.616,70.09,91.454,99.202,0.066,207516000.0,257152.0,128.0,17.0,1
0.102,92.458,99.038,0.066,0.0,3257030.0,62.0,16.666,0.098,95.034,99.038,0.134,0.0,246250.0,5.0,16.998,74.44800000000002,93.5,99.392,0.066,59888400.0,3253220.0,10.0,16.046,98.388,92.346,99.178,0.066,73999200.0,235777.0,8.0,16.616,70.09,91.454,99.202,0.066,207516000.0,257152.0,128.0,17.0,89.266,92.0,98.904,0.066,479624000.0,249449.0,39.0,16.668,1
0.098,95.034,99.038,0.134,0.0,246250.0,5.0,16.998,74.44800000000002,93.5,99.392,0.066,59888400.0,3253220.0,10.0,16.046,98.388,92.346,99.178,0.066,73999200.0,235777.0,8.0,16.616,70.09,91.454,99.202,0.066,207516000.0,257152.0,128.0,17.0,89.266,92.0,98.904,0.066,479624000.0,249449.0,39.0,16.668,99.734,92.0,98.85,0.066,0.0,237801.0,8.0,16.668,1
74.44800000000002,93.5,99.392,0.066,59888400.0,3253220.0,10.0,16.046,98.388,92.346,99.178,0.066,73999200.0,235777.0,8.0,16.616,70.09,91.454,99.202,0.066,207516000.0,257152.0,128.0,17.0,89.266,92.0,98.904,0.066,479624000.0,249449.0,39.0,16.668,99.734,92.0,98.85,0.066,0.0,237801.0,8.0,16.668,93.73,93.698,99.062,0.132,115843000.0,253695.0,78.0,17.0,1
98.388,92.346,99.178,0.066,73999200.0,235777.0,8.0,16.616,70.09,91.454,99.202,0.066,207516000.0,257152.0,128.0,17.0,89.266,92.0,98.904,0.066,479624000.0,249449.0,39.0,16.668,99.734,92.0,98.85,0.066,0.0,237801.0,8.0,16.668,93.73,93.698,99.062,0.132,115843000.0,253695.0,78.0,17.0,62.768,94.208,98.756,0.068,6610940.0,249800.0,77.0,16.0,1
70.09,91.454,99.202,0.066,207516000.0,257152.0,128.0,17.0,89.266,92.0,98.904,0.066,479624000.0,249449.0,39.0,16.668,99.734,92.0,98.85,0.066,0.0,237801.0,8.0,16.668,93.73,93.698,99.062,0.132,115843000.0,253695.0,78.0,17.0,62.768,94.208,98.756,0.068,6610940.0,249800.0,77.0,16.0,0.102,93.824,99.3,0.068,0.0,253992.0,3.0,17.0,1
89.266,92.0,98.904,0.066,479624000.0,249449.0,39.0,16.668,99.734,92.0,98.85,0.066,0.0,237801.0,8.0,16.668,93.73,93.698,99.062,0.132,115843000.0,253695.0,78.0,17.0,62.768,94.208,98.756,0.068,6610940.0,249800.0,77.0,16.0,0.102,93.824,99.3,0.068,0.0,253992.0,3.0,17.0,0.102,88.376,99.25,0.068,0.0,254691.0,45.0,16.334,1
99.734,92.0,98.85,0.066,0.0,237801.0,8.0,16.668,93.73,93.698,99.062,0.132,115843000.0,253695.0,78.0,17.0,62.768,94.208,98.756,0.068,6610940.0,249800.0,77.0,16.0,0.102,93.824,99.3,0.068,0.0,253992.0,3.0,17.0,0.102,88.376,99.25,0.068,0.0,254691.0,45.0,16.334,0.068,94.0,99.044,0.066,0.0,258820.0,42.0,16.334,1
93.73,93.698,99.062,0.132,115843000.0,253695.0,78.0,17.0,62.768,94.208,98.756,0.068,6610940.0,249800.0,77.0,16.0,0.102,93.824,99.3,0.068,0.0,253992.0,3.0,17.0,0.102,88.376,99.25,0.068,0.0,254691.0,45.0,16.334,0.068,94.0,99.044,0.066,0.0,258820.0,42.0,16.334,0.1,91.166,98.522,0.132,0.0,3242550.0,38.0,16.666,1
62.768,94.208,98.756,0.068,6610940.0,249800.0,77.0,16.0,0.102,93.824,99.3,0.068,0.0,253992.0,3.0,17.0,0.102,88.376,99.25,0.068,0.0,254691.0,45.0,16.334,0.068,94.0,99.044,0.066,0.0,258820.0,42.0,16.334,0.1,91.166,98.522,0.132,0.0,3242550.0,38.0,16.666,0.102,91.514,98.706,0.066,0.0,266086.0,65.0,16.668,1
0.102,93.824,99.3,0.068,0.0,253992.0,3.0,17.0,0.102,88.376,99.25,0.068,0.0,254691.0,45.0,16.334,0.068,94.0,99.044,0.066,0.0,258820.0,42.0,16.334,0.1,91.166,98.522,0.132,0.0,3242550.0,38.0,16.666,0.102,91.514,98.706,0.066,0.0,266086.0,65.0,16.668,0.1,90.02799999999998,99.508,0.066,0.0,3264450.0,81.0,16.656,1
0.102,88.376,99.25,0.068,0.0,254691.0,45.0,16.334,0.068,94.0,99.044,0.066,0.0,258820.0,42.0,16.334,0.1,91.166,98.522,0.132,0.0,3242550.0,38.0,16.666,0.102,91.514,98.706,0.066,0.0,266086.0,65.0,16.668,0.1,90.02799999999998,99.508,0.066,0.0,3264450.0,81.0,16.656,0.068,88.97399999999998,99.39,0.066,0.0,247971.0,187.0,16.666,1
0.068,94.0,99.044,0.066,0.0,258820.0,42.0,16.334,0.1,91.166,98.522,0.132,0.0,3242550.0,38.0,16.666,0.102,91.514,98.706,0.066,0.0,266086.0,65.0,16.668,0.1,90.02799999999998,99.508,0.066,0.0,3264450.0,81.0,16.656,0.068,88.97399999999998,99.39,0.066,0.0,247971.0,187.0,16.666,0.1,95.298,99.414,0.066,0.0,237969.0,152.0,16.334,1
0.1,91.166,98.522,0.132,0.0,3242550.0,38.0,16.666,0.102,91.514,98.706,0.066,0.0,266086.0,65.0,16.668,0.1,90.02799999999998,99.508,0.066,0.0,3264450.0,81.0,16.656,0.068,88.97399999999998,99.39,0.066,0.0,247971.0,187.0,16.666,0.1,95.298,99.414,0.066,0.0,237969.0,152.0,16.334,0.102,93.726,99.53,0.2,0.0,254537.0,86.0,16.668,1
0.102,91.514,98.706,0.066,0.0,266086.0,65.0,16.668,0.1,90.02799999999998,99.508,0.066,0.0,3264450.0,81.0,16.656,0.068,88.97399999999998,99.39,0.066,0.0,247971.0,187.0,16.666,0.1,95.298,99.414,0.066,0.0,237969.0,152.0,16.334,0.102,93.726,99.53,0.2,0.0,254537.0,86.0,16.668,0.1,91.542,99.364,0.066,0.0,245697.0,34.0,16.298,1
0.1,90.02799999999998,99.508,0.066,0.0,3264450.0,81.0,16.656,0.068,88.97399999999998,99.39,0.066,0.0,247971.0,187.0,16.666,0.1,95.298,99.414,0.066,0.0,237969.0,152.0,16.334,0.102,93.726,99.53,0.2,0.0,254537.0,86.0,16.668,0.1,91.542,99.364,0.066,0.0,245697.0,34.0,16.298,28.6,92.416,99.042,0.068,2327350.0,230611.0,60.0,15.984000000000002,1
0.068,88.97399999999998,99.39,0.066,0.0,247971.0,187.0,16.666,0.1,95.298,99.414,0.066,0.0,237969.0,152.0,16.334,0.102,93.726,99.53,0.2,0.0,254537.0,86.0,16.668,0.1,91.542,99.364,0.066,0.0,245697.0,34.0,16.298,28.6,92.416,99.042,0.068,2327350.0,230611.0,60.0,15.984000000000002,2.332,95.47,99.27,0.066,25395.2,260080.0,16.0,16.666,1
0.1,95.298,99.414,0.066,0.0,237969.0,152.0,16.334,0.102,93.726,99.53,0.2,0.0,254537.0,86.0,16.668,0.1,91.542,99.364,0.066,0.0,245697.0,34.0,16.298,28.6,92.416,99.042,0.068,2327350.0,230611.0,60.0,15.984000000000002,2.332,95.47,99.27,0.066,25395.2,260080.0,16.0,16.666,0.7340000000000001,97.542,99.436,0.068,3276.8,237044.0,63.0,16.656,1
0.102,93.726,99.53,0.2,0.0,254537.0,86.0,16.668,0.1,91.542,99.364,0.066,0.0,245697.0,34.0,16.298,28.6,92.416,99.042,0.068,2327350.0,230611.0,60.0,15.984000000000002,2.332,95.47,99.27,0.066,25395.2,260080.0,16.0,16.666,0.7340000000000001,97.542,99.436,0.068,3276.8,237044.0,63.0,16.656,0.5660000000000001,92.552,99.132,0.134,0.0,257262.0,109.0,16.038,1
0.1,91.542,99.364,0.066,0.0,245697.0,34.0,16.298,28.6,92.416,99.042,0.068,2327350.0,230611.0,60.0,15.984000000000002,2.332,95.47,99.27,0.066,25395.2,260080.0,16.0,16.666,0.7340000000000001,97.542,99.436,0.068,3276.8,237044.0,63.0,16.656,0.5660000000000001,92.552,99.132,0.134,0.0,257262.0,109.0,16.038,0.3339999999999999,93.416,99.32,0.066,0.0,250782.0,80.0,16.622,1
28.6,92.416,99.042,0.068,2327350.0,230611.0,60.0,15.984000000000002,2.332,95.47,99.27,0.066,25395.2,260080.0,16.0,16.666,0.7340000000000001,97.542,99.436,0.068,3276.8,237044.0,63.0,16.656,0.5660000000000001,92.552,99.132,0.134,0.0,257262.0,109.0,16.038,0.3339999999999999,93.416,99.32,0.066,0.0,250782.0,80.0,16.622,19.268,89.87,99.248,0.068,1824360.0,3245600.0,37.0,18.668,1
2.332,95.47,99.27,0.066,25395.2,260080.0,16.0,16.666,0.7340000000000001,97.542,99.436,0.068,3276.8,237044.0,63.0,16.656,0.5660000000000001,92.552,99.132,0.134,0.0,257262.0,109.0,16.038,0.3339999999999999,93.416,99.32,0.066,0.0,250782.0,80.0,16.622,19.268,89.87,99.248,0.068,1824360.0,3245600.0,37.0,18.668,11.222,92.41,99.038,0.068,611123.0,256761.0,66.0,16.334,1
0.7340000000000001,97.542,99.436,0.068,3276.8,237044.0,63.0,16.656,0.5660000000000001,92.552,99.132,0.134,0.0,257262.0,109.0,16.038,0.3339999999999999,93.416,99.32,0.066,0.0,250782.0,80.0,16.622,19.268,89.87,99.248,0.068,1824360.0,3245600.0,37.0,18.668,11.222,92.41,99.038,0.068,611123.0,256761.0,66.0,16.334,0.8340000000000001,91.73,98.9,0.132,0.0,3245140.0,23.0,16.666,1
0.5660000000000001,92.552,99.132,0.134,0.0,257262.0,109.0,16.038,0.3339999999999999,93.416,99.32,0.066,0.0,250782.0,80.0,16.622,19.268,89.87,99.248,0.068,1824360.0,3245600.0,37.0,18.668,11.222,92.41,99.038,0.068,611123.0,256761.0,66.0,16.334,0.8340000000000001,91.73,98.9,0.132,0.0,3245140.0,23.0,16.666,0.636,93.624,99.508,0.066,0.0,231670.0,3.0,16.334,1
0.3339999999999999,93.416,99.32,0.066,0.0,250782.0,80.0,16.622,19.268,89.87,99.248,0.068,1824360.0,3245600.0,37.0,18.668,11.222,92.41,99.038,0.068,611123.0,256761.0,66.0,16.334,0.8340000000000001,91.73,98.9,0.132,0.0,3245140.0,23.0,16.666,0.636,93.624,99.508,0.066,0.0,231670.0,3.0,16.334,1.028,93.134,99.436,0.066,56323300.0,244303.0,20.0,16.372,1
19.268,89.87,99.248,0.068,1824360.0,3245600.0,37.0,18.668,11.222,92.41,99.038,0.068,611123.0,256761.0,66.0,16.334,0.8340000000000001,91.73,98.9,0.132,0.0,3245140.0,23.0,16.666,0.636,93.624,99.508,0.066,0.0,231670.0,3.0,16.334,1.028,93.134,99.436,0.066,56323300.0,244303.0,20.0,16.372,13.334,92.334,99.412,0.066,459571.0,259986.0,31.0,16.618,1
11.222,92.41,99.038,0.068,611123.0,256761.0,66.0,16.334,0.8340000000000001,91.73,98.9,0.132,0.0,3245140.0,23.0,16.666,0.636,93.624,99.508,0.066,0.0,231670.0,3.0,16.334,1.028,93.134,99.436,0.066,56323300.0,244303.0,20.0,16.372,13.334,92.334,99.412,0.066,459571.0,259986.0,31.0,16.618,0.168,94.376,98.522,0.066,0.0,243869.0,39.0,16.666,1
0.8340000000000001,91.73,98.9,0.132,0.0,3245140.0,23.0,16.666,0.636,93.624,99.508,0.066,0.0,231670.0,3.0,16.334,1.028,93.134,99.436,0.066,56323300.0,244303.0,20.0,16.372,13.334,92.334,99.412,0.066,459571.0,259986.0,31.0,16.618,0.168,94.376,98.522,0.066,0.0,243869.0,39.0,16.666,0.102,94.078,99.46,0.068,0.0,251173.0,158.0,16.336,1
0.636,93.624,99.508,0.066,0.0,231670.0,3.0,16.334,1.028,93.134,99.436,0.066,56323300.0,244303.0,20.0,16.372,13.334,92.334,99.412,0.066,459571.0,259986.0,31.0,16.618,0.168,94.376,98.522,0.066,0.0,243869.0,39.0,16.666,0.102,94.078,99.46,0.068,0.0,251173.0,158.0,16.336,0.102,93.042,99.014,0.132,0.0,237841.0,38.0,16.378,1
1.028,93.134,99.436,0.066,56323300.0,244303.0,20.0,16.372,13.334,92.334,99.412,0.066,459571.0,259986.0,31.0,16.618,0.168,94.376,98.522,0.066,0.0,243869.0,39.0,16.666,0.102,94.078,99.46,0.068,0.0,251173.0,158.0,16.336,0.102,93.042,99.014,0.132,0.0,237841.0,38.0,16.378,0.368,93.958,98.45,0.066,0.0,244516.0,6.0,16.622,1
13.334,92.334,99.412,0.066,459571.0,259986.0,31.0,16.618,0.168,94.376,98.522,0.066,0.0,243869.0,39.0,16.666,0.102,94.078,99.46,0.068,0.0,251173.0,158.0,16.336,0.102,93.042,99.014,0.132,0.0,237841.0,38.0,16.378,0.368,93.958,98.45,0.066,0.0,244516.0,6.0,16.622,0.102,94.124,99.414,0.066,0.0,244581.0,4.0,16.328,1
0.168,94.376,98.522,0.066,0.0,243869.0,39.0,16.666,0.102,94.078,99.46,0.068,0.0,251173.0,158.0,16.336,0.102,93.042,99.014,0.132,0.0,237841.0,38.0,16.378,0.368,93.958,98.45,0.066,0.0,244516.0,6.0,16.622,0.102,94.124,99.414,0.066,0.0,244581.0,4.0,16.328,0.102,91.458,99.458,0.068,0.0,251645.0,37.0,15.668,1
0.102,94.078,99.46,0.068,0.0,251173.0,158.0,16.336,0.102,93.042,99.014,0.132,0.0,237841.0,38.0,16.378,0.368,93.958,98.45,0.066,0.0,244516.0,6.0,16.622,0.102,94.124,99.414,0.066,0.0,244581.0,4.0,16.328,0.102,91.458,99.458,0.068,0.0,251645.0,37.0,15.668,0.1,93.376,98.806,0.132,0.0,3241260.0,2.0,16.332,1
0.102,93.042,99.014,0.132,0.0,237841.0,38.0,16.378,0.368,93.958,98.45,0.066,0.0,244516.0,6.0,16.622,0.102,94.124,99.414,0.066,0.0,244581.0,4.0,16.328,0.102,91.458,99.458,0.068,0.0,251645.0,37.0,15.668,0.1,93.376,98.806,0.132,0.0,3241260.0,2.0,16.332,0.068,94.25,98.182,0.066,0.0,257323.0,6.0,16.002,1
0.368,93.958,98.45,0.066,0.0,244516.0,6.0,16.622,0.102,94.124,99.414,0.066,0.0,244581.0,4.0,16.328,0.102,91.458,99.458,0.068,0.0,251645.0,37.0,15.668,0.1,93.376,98.806,0.132,0.0,3241260.0,2.0,16.332,0.068,94.25,98.182,0.066,0.0,257323.0,6.0,16.002,0.1,95.834,99.082,0.066,0.0,3243950.0,33.0,17.332,1
0.102,94.124,99.414,0.066,0.0,244581.0,4.0,16.328,0.102,91.458,99.458,0.068,0.0,251645.0,37.0,15.668,0.1,93.376,98.806,0.132,0.0,3241260.0,2.0,16.332,0.068,94.25,98.182,0.066,0.0,257323.0,6.0,16.002,0.1,95.834,99.082,0.066,0.0,3243950.0,33.0,17.332,0.102,94.564,98.826,0.066,0.0,239605.0,45.0,16.05,1
0.102,91.458,99.458,0.068,0.0,251645.0,37.0,15.668,0.1,93.376,98.806,0.132,0.0,3241260.0,2.0,16.332,0.068,94.25,98.182,0.066,0.0,257323.0,6.0,16.002,0.1,95.834,99.082,0.066,0.0,3243950.0,33.0,17.332,0.102,94.564,98.826,0.066,0.0,239605.0,45.0,16.05,0.102,93.25,99.342,0.068,0.0,258925.0,73.0,16.282,1
0.1,93.376,98.806,0.132,0.0,3241260.0,2.0,16.332,0.068,94.25,98.182,0.066,0.0,257323.0,6.0,16.002,0.1,95.834,99.082,0.066,0.0,3243950.0,33.0,17.332,0.102,94.564,98.826,0.066,0.0,239605.0,45.0,16.05,0.102,93.25,99.342,0.068,0.0,258925.0,73.0,16.282,0.102,94.348,99.574,0.068,0.0,240659.0,35.0,15.984000000000002,1
0.068,94.25,98.182,0.066,0.0,257323.0,6.0,16.002,0.1,95.834,99.082,0.066,0.0,3243950.0,33.0,17.332,0.102,94.564,98.826,0.066,0.0,239605.0,45.0,16.05,0.102,93.25,99.342,0.068,0.0,258925.0,73.0,16.282,0.102,94.348,99.574,0.068,0.0,240659.0,35.0,15.984000000000002,0.066,97.188,99.18,0.132,0.0,257206.0,6.0,17.334,1
0.1,95.834,99.082,0.066,0.0,3243950.0,33.0,17.332,0.102,94.564,98.826,0.066,0.0,239605.0,45.0,16.05,0.102,93.25,99.342,0.068,0.0,258925.0,73.0,16.282,0.102,94.348,99.574,0.068,0.0,240659.0,35.0,15.984000000000002,0.066,97.188,99.18,0.132,0.0,257206.0,6.0,17.334,0.102,95.114,99.508,0.068,0.0,229128.0,4.0,15.716,1
0.102,94.564,98.826,0.066,0.0,239605.0,45.0,16.05,0.102,93.25,99.342,0.068,0.0,258925.0,73.0,16.282,0.102,94.348,99.574,0.068,0.0,240659.0,35.0,15.984000000000002,0.066,97.188,99.18,0.132,0.0,257206.0,6.0,17.334,0.102,95.114,99.508,0.068,0.0,229128.0,4.0,15.716,0.102,95.958,99.436,0.066,0.0,261259.0,105.0,16.652,1
0.102,93.25,99.342,0.068,0.0,258925.0,73.0,16.282,0.102,94.348,99.574,0.068,0.0,240659.0,35.0,15.984000000000002,0.066,97.188,99.18,0.132,0.0,257206.0,6.0,17.334,0.102,95.114,99.508,0.068,0.0,229128.0,4.0,15.716,0.102,95.958,99.436,0.066,0.0,261259.0,105.0,16.652,0.066,95.708,99.672,0.066,0.0,234781.0,92.0,16.666,1
0.102,94.348,99.574,0.068,0.0,240659.0,35.0,15.984000000000002,0.066,97.188,99.18,0.132,0.0,257206.0,6.0,17.334,0.102,95.114,99.508,0.068,0.0,229128.0,4.0,15.716,0.102,95.958,99.436,0.066,0.0,261259.0,105.0,16.652,0.066,95.708,99.672,0.066,0.0,234781.0,92.0,16.666,0.102,91.83,99.316,0.068,0.0,251701.0,58.0,16.338,1
0.066,97.188,99.18,0.132,0.0,257206.0,6.0,17.334,0.102,95.114,99.508,0.068,0.0,229128.0,4.0,15.716,0.102,95.958,99.436,0.066,0.0,261259.0,105.0,16.652,0.066,95.708,99.672,0.066,0.0,234781.0,92.0,16.666,0.102,91.83,99.316,0.068,0.0,251701.0,58.0,16.338,0.1,93.584,98.894,0.068,0.0,250134.0,5.0,16.666,1
0.102,95.114,99.508,0.068,0.0,229128.0,4.0,15.716,0.102,95.958,99.436,0.066,0.0,261259.0,105.0,16.652,0.066,95.708,99.672,0.066,0.0,234781.0,92.0,16.666,0.102,91.83,99.316,0.068,0.0,251701.0,58.0,16.338,0.1,93.584,98.894,0.068,0.0,250134.0,5.0,16.666,0.102,93.166,99.32,0.134,0.0,3242060.0,5.0,16.666,1
0.102,95.958,99.436,0.066,0.0,261259.0,105.0,16.652,0.066,95.708,99.672,0.066,0.0,234781.0,92.0,16.666,0.102,91.83,99.316,0.068,0.0,251701.0,58.0,16.338,0.1,93.584,98.894,0.068,0.0,250134.0,5.0,16.666,0.102,93.166,99.32,0.134,0.0,3242060.0,5.0,16.666,0.068,92.708,99.672,0.066,0.0,235443.0,44.0,16.022000000000002,1
0.066,95.708,99.672,0.066,0.0,234781.0,92.0,16.666,0.102,91.83,99.316,0.068,0.0,251701.0,58.0,16.338,0.1,93.584,98.894,0.068,0.0,250134.0,5.0,16.666,0.102,93.166,99.32,0.134,0.0,3242060.0,5.0,16.666,0.068,92.708,99.672,0.066,0.0,235443.0,44.0,16.022000000000002,0.1,93.042,99.366,0.066,0.0,3237150.0,13.0,16.332,1
0.102,91.83,99.316,0.068,0.0,251701.0,58.0,16.338,0.1,93.584,98.894,0.068,0.0,250134.0,5.0,16.666,0.102,93.166,99.32,0.134,0.0,3242060.0,5.0,16.666,0.068,92.708,99.672,0.066,0.0,235443.0,44.0,16.022000000000002,0.1,93.042,99.366,0.066,0.0,3237150.0,13.0,16.332,0.102,95.084,99.27,0.134,0.0,245869.0,113.0,16.656,1
0.1,93.584,98.894,0.068,0.0,250134.0,5.0,16.666,0.102,93.166,99.32,0.134,0.0,3242060.0,5.0,16.666,0.068,92.708,99.672,0.066,0.0,235443.0,44.0,16.022000000000002,0.1,93.042,99.366,0.066,0.0,3237150.0,13.0,16.332,0.102,95.084,99.27,0.134,0.0,245869.0,113.0,16.656,0.068,97.042,99.3,0.068,0.0,232018.0,10.0,16.362000000000002,1
0.102,93.166,99.32,0.134,0.0,3242060.0,5.0,16.666,0.068,92.708,99.672,0.066,0.0,235443.0,44.0,16.022000000000002,0.1,93.042,99.366,0.066,0.0,3237150.0,13.0,16.332,0.102,95.084,99.27,0.134,0.0,245869.0,113.0,16.656,0.068,97.042,99.3,0.068,0.0,232018.0,10.0,16.362000000000002,0.102,93.958,98.498,0.066,0.0,260369.0,35.0,16.332,1
0.068,92.708,99.672,0.066,0.0,235443.0,44.0,16.022000000000002,0.1,93.042,99.366,0.066,0.0,3237150.0,13.0,16.332,0.102,95.084,99.27,0.134,0.0,245869.0,113.0,16.656,0.068,97.042,99.3,0.068,0.0,232018.0,10.0,16.362000000000002,0.102,93.958,98.498,0.066,0.0,260369.0,35.0,16.332,0.102,94.124,98.894,0.066,0.0,238247.0,43.0,17.668,1
0.1,93.042,99.366,0.066,0.0,3237150.0,13.0,16.332,0.102,95.084,99.27,0.134,0.0,245869.0,113.0,16.656,0.068,97.042,99.3,0.068,0.0,232018.0,10.0,16.362000000000002,0.102,93.958,98.498,0.066,0.0,260369.0,35.0,16.332,0.102,94.124,98.894,0.066,0.0,238247.0,43.0,17.668,0.2339999999999999,92.416,99.53,0.068,0.0,262111.0,29.0,15.674,1
0.102,95.084,99.27,0.134,0.0,245869.0,113.0,16.656,0.068,97.042,99.3,0.068,0.0,232018.0,10.0,16.362000000000002,0.102,93.958,98.498,0.066,0.0,260369.0,35.0,16.332,0.102,94.124,98.894,0.066,0.0,238247.0,43.0,17.668,0.2339999999999999,92.416,99.53,0.068,0.0,262111.0,29.0,15.674,0.1,95.166,99.39,0.068,0.0,244078.0,48.0,17.0,1
0.068,97.042,99.3,0.068,0.0,232018.0,10.0,16.362000000000002,0.102,93.958,98.498,0.066,0.0,260369.0,35.0,16.332,0.102,94.124,98.894,0.066,0.0,238247.0,43.0,17.668,0.2339999999999999,92.416,99.53,0.068,0.0,262111.0,29.0,15.674,0.1,95.166,99.39,0.068,0.0,244078.0,48.0,17.0,0.102,93.084,98.968,0.134,0.0,250967.0,57.0,16.334,1
0.102,93.958,98.498,0.066,0.0,260369.0,35.0,16.332,0.102,94.124,98.894,0.066,0.0,238247.0,43.0,17.668,0.2339999999999999,92.416,99.53,0.068,0.0,262111.0,29.0,15.674,0.1,95.166,99.39,0.068,0.0,244078.0,48.0,17.0,0.102,93.084,98.968,0.134,0.0,250967.0,57.0,16.334,0.068,95.43,99.742,0.066,0.0,246971.0,52.0,16.372,1
0.102,94.124,98.894,0.066,0.0,238247.0,43.0,17.668,0.2339999999999999,92.416,99.53,0.068,0.0,262111.0,29.0,15.674,0.1,95.166,99.39,0.068,0.0,244078.0,48.0,17.0,0.102,93.084,98.968,0.134,0.0,250967.0,57.0,16.334,0.068,95.43,99.742,0.066,0.0,246971.0,52.0,16.372,61.24,93.904,99.318,0.066,56066000.0,269480.0,19.0,16.0,1
0.2339999999999999,92.416,99.53,0.068,0.0,262111.0,29.0,15.674,0.1,95.166,99.39,0.068,0.0,244078.0,48.0,17.0,0.102,93.084,98.968,0.134,0.0,250967.0,57.0,16.334,0.068,95.43,99.742,0.066,0.0,246971.0,52.0,16.372,61.24,93.904,99.318,0.066,56066000.0,269480.0,19.0,16.0,98.42,94.054,99.508,0.066,76927800.0,3228030.0,53.0,17.334,1
0.1,95.166,99.39,0.068,0.0,244078.0,48.0,17.0,0.102,93.084,98.968,0.134,0.0,250967.0,57.0,16.334,0.068,95.43,99.742,0.066,0.0,246971.0,52.0,16.372,61.24,93.904,99.318,0.066,56066000.0,269480.0,19.0,16.0,98.42,94.054,99.508,0.066,76927800.0,3228030.0,53.0,17.334,77.52199999999998,93.334,98.638,0.132,96773700.0,250288.0,119.0,16.336,1
0.102,93.084,98.968,0.134,0.0,250967.0,57.0,16.334,0.068,95.43,99.742,0.066,0.0,246971.0,52.0,16.372,61.24,93.904,99.318,0.066,56066000.0,269480.0,19.0,16.0,98.42,94.054,99.508,0.066,76927800.0,3228030.0,53.0,17.334,77.52199999999998,93.334,98.638,0.132,96773700.0,250288.0,119.0,16.336,80.382,93.058,99.272,0.066,587516000.0,3253750.0,12.0,16.968,1
0.068,95.43,99.742,0.066,0.0,246971.0,52.0,16.372,61.24,93.904,99.318,0.066,56066000.0,269480.0,19.0,16.0,98.42,94.054,99.508,0.066,76927800.0,3228030.0,53.0,17.334,77.52199999999998,93.334,98.638,0.132,96773700.0,250288.0,119.0,16.336,80.382,93.058,99.272,0.066,587516000.0,3253750.0,12.0,16.968,99.736,93.92,99.484,0.066,36864.0,207558.0,9.0,17.0,1
61.24,93.904,99.318,0.066,56066000.0,269480.0,19.0,16.0,98.42,94.054,99.508,0.066,76927800.0,3228030.0,53.0,17.334,77.52199999999998,93.334,98.638,0.132,96773700.0,250288.0,119.0,16.336,80.382,93.058,99.272,0.066,587516000.0,3253750.0,12.0,16.968,99.736,93.92,99.484,0.066,36864.0,207558.0,9.0,17.0,97.902,94.208,99.578,0.066,111552000.0,260545.0,6.0,16.666,1
98.42,94.054,99.508,0.066,76927800.0,3228030.0,53.0,17.334,77.52199999999998,93.334,98.638,0.132,96773700.0,250288.0,119.0,16.336,80.382,93.058,99.272,0.066,587516000.0,3253750.0,12.0,16.968,99.736,93.92,99.484,0.066,36864.0,207558.0,9.0,17.0,97.902,94.208,99.578,0.066,111552000.0,260545.0,6.0,16.666,68.312,95.806,98.826,0.068,10782300.0,239173.0,118.0,16.652,1
77.52199999999998,93.334,98.638,0.132,96773700.0,250288.0,119.0,16.336,80.382,93.058,99.272,0.066,587516000.0,3253750.0,12.0,16.968,99.736,93.92,99.484,0.066,36864.0,207558.0,9.0,17.0,97.902,94.208,99.578,0.066,111552000.0,260545.0,6.0,16.666,68.312,95.806,98.826,0.068,10782300.0,239173.0,118.0,16.652,30.558000000000003,90.75,98.426,0.132,2291300.0,259812.0,79.0,17.424,1
80.382,93.058,99.272,0.066,587516000.0,3253750.0,12.0,16.968,99.736,93.92,99.484,0.066,36864.0,207558.0,9.0,17.0,97.902,94.208,99.578,0.066,111552000.0,260545.0,6.0,16.666,68.312,95.806,98.826,0.068,10782300.0,239173.0,118.0,16.652,30.558000000000003,90.75,98.426,0.132,2291300.0,259812.0,79.0,17.424,1.516,93.584,98.474,0.066,819.2,234880.0,11.0,16.285999999999998,1
99.736,93.92,99.484,0.066,36864.0,207558.0,9.0,17.0,97.902,94.208,99.578,0.066,111552000.0,260545.0,6.0,16.666,68.312,95.806,98.826,0.068,10782300.0,239173.0,118.0,16.652,30.558000000000003,90.75,98.426,0.132,2291300.0,259812.0,79.0,17.424,1.516,93.584,98.474,0.066,819.2,234880.0,11.0,16.285999999999998,0.636,93.334,99.342,0.066,0.0,263448.0,11.0,16.668,1
97.902,94.208,99.578,0.066,111552000.0,260545.0,6.0,16.666,68.312,95.806,98.826,0.068,10782300.0,239173.0,118.0,16.652,30.558000000000003,90.75,98.426,0.132,2291300.0,259812.0,79.0,17.424,1.516,93.584,98.474,0.066,819.2,234880.0,11.0,16.285999999999998,0.636,93.334,99.342,0.066,0.0,263448.0,11.0,16.668,0.47,94.292,99.672,0.066,0.0,232604.0,40.0,16.666,1
68.312,95.806,98.826,0.068,10782300.0,239173.0,118.0,16.652,30.558000000000003,90.75,98.426,0.132,2291300.0,259812.0,79.0,17.424,1.516,93.584,98.474,0.066,819.2,234880.0,11.0,16.285999999999998,0.636,93.334,99.342,0.066,0.0,263448.0,11.0,16.668,0.47,94.292,99.672,0.066,0.0,232604.0,40.0,16.666,0.102,95.272,99.436,0.068,0.0,247461.0,89.0,16.334,1
30.558000000000003,90.75,98.426,0.132,2291300.0,259812.0,79.0,17.424,1.516,93.584,98.474,0.066,819.2,234880.0,11.0,16.285999999999998,0.636,93.334,99.342,0.066,0.0,263448.0,11.0,16.668,0.47,94.292,99.672,0.066,0.0,232604.0,40.0,16.666,0.102,95.272,99.436,0.068,0.0,247461.0,89.0,16.334,0.066,93.958,98.556,0.066,0.0,255057.0,58.0,16.668,1
1.516,93.584,98.474,0.066,819.2,234880.0,11.0,16.285999999999998,0.636,93.334,99.342,0.066,0.0,263448.0,11.0,16.668,0.47,94.292,99.672,0.066,0.0,232604.0,40.0,16.666,0.102,95.272,99.436,0.068,0.0,247461.0,89.0,16.334,0.066,93.958,98.556,0.066,0.0,255057.0,58.0,16.668,0.102,90.75,98.38,0.134,0.0,3208770.0,87.0,16.668,1
0.636,93.334,99.342,0.066,0.0,263448.0,11.0,16.668,0.47,94.292,99.672,0.066,0.0,232604.0,40.0,16.666,0.102,95.272,99.436,0.068,0.0,247461.0,89.0,16.334,0.066,93.958,98.556,0.066,0.0,255057.0,58.0,16.668,0.102,90.75,98.38,0.134,0.0,3208770.0,87.0,16.668,0.102,95.446,99.414,0.066,0.0,256915.0,53.0,16.666,1
0.47,94.292,99.672,0.066,0.0,232604.0,40.0,16.666,0.102,95.272,99.436,0.068,0.0,247461.0,89.0,16.334,0.066,93.958,98.556,0.066,0.0,255057.0,58.0,16.668,0.102,90.75,98.38,0.134,0.0,3208770.0,87.0,16.668,0.102,95.446,99.414,0.066,0.0,256915.0,53.0,16.666,0.102,93.732,98.756,0.066,0.0,3250300.0,194.0,15.996,1
0.102,95.272,99.436,0.068,0.0,247461.0,89.0,16.334,0.066,93.958,98.556,0.066,0.0,255057.0,58.0,16.668,0.102,90.75,98.38,0.134,0.0,3208770.0,87.0,16.668,0.102,95.446,99.414,0.066,0.0,256915.0,53.0,16.666,0.102,93.732,98.756,0.066,0.0,3250300.0,194.0,15.996,0.1,91.162,99.46,0.066,0.0,251994.0,318.0,16.336,1
0.066,93.958,98.556,0.066,0.0,255057.0,58.0,16.668,0.102,90.75,98.38,0.134,0.0,3208770.0,87.0,16.668,0.102,95.446,99.414,0.066,0.0,256915.0,53.0,16.666,0.102,93.732,98.756,0.066,0.0,3250300.0,194.0,15.996,0.1,91.162,99.46,0.066,0.0,251994.0,318.0,16.336,0.2319999999999999,92.19,99.484,0.134,0.0,235029.0,90.0,16.334,1
0.102,90.75,98.38,0.134,0.0,3208770.0,87.0,16.668,0.102,95.446,99.414,0.066,0.0,256915.0,53.0,16.666,0.102,93.732,98.756,0.066,0.0,3250300.0,194.0,15.996,0.1,91.162,99.46,0.066,0.0,251994.0,318.0,16.336,0.2319999999999999,92.19,99.484,0.134,0.0,235029.0,90.0,16.334,0.1,93.87,99.046,0.066,0.0,262173.0,36.0,16.662,1
0.102,95.446,99.414,0.066,0.0,256915.0,53.0,16.666,0.102,93.732,98.756,0.066,0.0,3250300.0,194.0,15.996,0.1,91.162,99.46,0.066,0.0,251994.0,318.0,16.336,0.2319999999999999,92.19,99.484,0.134,0.0,235029.0,90.0,16.334,0.1,93.87,99.046,0.066,0.0,262173.0,36.0,16.662,0.068,92.918,99.272,0.066,0.0,240048.0,151.0,17.0,1
0.102,93.732,98.756,0.066,0.0,3250300.0,194.0,15.996,0.1,91.162,99.46,0.066,0.0,251994.0,318.0,16.336,0.2319999999999999,92.19,99.484,0.134,0.0,235029.0,90.0,16.334,0.1,93.87,99.046,0.066,0.0,262173.0,36.0,16.662,0.068,92.918,99.272,0.066,0.0,240048.0,151.0,17.0,0.1,93.208,98.288,0.066,0.0,261482.0,19.0,16.002,1
0.1,91.162,99.46,0.066,0.0,251994.0,318.0,16.336,0.2319999999999999,92.19,99.484,0.134,0.0,235029.0,90.0,16.334,0.1,93.87,99.046,0.066,0.0,262173.0,36.0,16.662,0.068,92.918,99.272,0.066,0.0,240048.0,151.0,17.0,0.1,93.208,98.288,0.066,0.0,261482.0,19.0,16.002,0.134,92.792,99.414,0.066,0.0,237357.0,128.0,16.386,1
0.2319999999999999,92.19,99.484,0.134,0.0,235029.0,90.0,16.334,0.1,93.87,99.046,0.066,0.0,262173.0,36.0,16.662,0.068,92.918,99.272,0.066,0.0,240048.0,151.0,17.0,0.1,93.208,98.288,0.066,0.0,261482.0,19.0,16.002,0.134,92.792,99.414,0.066,0.0,237357.0,128.0,16.386,0.066,96.75,99.554,0.132,0.0,256120.0,115.0,16.668,1
0.1,93.87,99.046,0.066,0.0,262173.0,36.0,16.662,0.068,92.918,99.272,0.066,0.0,240048.0,151.0,17.0,0.1,93.208,98.288,0.066,0.0,261482.0,19.0,16.002,0.134,92.792,99.414,0.066,0.0,237357.0,128.0,16.386,0.066,96.75,99.554,0.132,0.0,256120.0,115.0,16.668,0.102,93.374,99.226,0.068,0.0,225655.0,29.0,16.0,1
0.068,92.918,99.272,0.066,0.0,240048.0,151.0,17.0,0.1,93.208,98.288,0.066,0.0,261482.0,19.0,16.002,0.134,92.792,99.414,0.066,0.0,237357.0,128.0,16.386,0.066,96.75,99.554,0.132,0.0,256120.0,115.0,16.668,0.102,93.374,99.226,0.068,0.0,225655.0,29.0,16.0,0.102,94.358,99.672,0.066,0.0,263619.0,27.0,16.666,1
0.1,93.208,98.288,0.066,0.0,261482.0,19.0,16.002,0.134,92.792,99.414,0.066,0.0,237357.0,128.0,16.386,0.066,96.75,99.554,0.132,0.0,256120.0,115.0,16.668,0.102,93.374,99.226,0.068,0.0,225655.0,29.0,16.0,0.102,94.358,99.672,0.066,0.0,263619.0,27.0,16.666,0.102,93.27,99.178,0.134,0.0,3223480.0,10.0,16.334,1
0.134,92.792,99.414,0.066,0.0,237357.0,128.0,16.386,0.066,96.75,99.554,0.132,0.0,256120.0,115.0,16.668,0.102,93.374,99.226,0.068,0.0,225655.0,29.0,16.0,0.102,94.358,99.672,0.066,0.0,263619.0,27.0,16.666,0.102,93.27,99.178,0.134,0.0,3223480.0,10.0,16.334,0.064,93.54,98.972,0.066,0.0,258380.0,95.0,17.002,1
0.066,96.75,99.554,0.132,0.0,256120.0,115.0,16.668,0.102,93.374,99.226,0.068,0.0,225655.0,29.0,16.0,0.102,94.358,99.672,0.066,0.0,263619.0,27.0,16.666,0.102,93.27,99.178,0.134,0.0,3223480.0,10.0,16.334,0.064,93.54,98.972,0.066,0.0,258380.0,95.0,17.002,0.102,93.024,99.598,0.066,0.0,3242140.0,99.0,16.988,1
0.102,93.374,99.226,0.068,0.0,225655.0,29.0,16.0,0.102,94.358,99.672,0.066,0.0,263619.0,27.0,16.666,0.102,93.27,99.178,0.134,0.0,3223480.0,10.0,16.334,0.064,93.54,98.972,0.066,0.0,258380.0,95.0,17.002,0.102,93.024,99.598,0.066,0.0,3242140.0,99.0,16.988,0.102,95.166,98.668,0.068,0.0,241999.0,7.0,17.018,1
0.102,94.358,99.672,0.066,0.0,263619.0,27.0,16.666,0.102,93.27,99.178,0.134,0.0,3223480.0,10.0,16.334,0.064,93.54,98.972,0.066,0.0,258380.0,95.0,17.002,0.102,93.024,99.598,0.066,0.0,3242140.0,99.0,16.988,0.102,95.166,98.668,0.068,0.0,241999.0,7.0,17.018,0.102,95.04,99.338,0.066,0.0,245445.0,164.0,16.296,1
0.102,93.27,99.178,0.134,0.0,3223480.0,10.0,16.334,0.064,93.54,98.972,0.066,0.0,258380.0,95.0,17.002,0.102,93.024,99.598,0.066,0.0,3242140.0,99.0,16.988,0.102,95.166,98.668,0.068,0.0,241999.0,7.0,17.018,0.102,95.04,99.338,0.066,0.0,245445.0,164.0,16.296,0.102,93.904,99.27,0.066,0.0,240774.0,70.0,17.0,1
0.064,93.54,98.972,0.066,0.0,258380.0,95.0,17.002,0.102,93.024,99.598,0.066,0.0,3242140.0,99.0,16.988,0.102,95.166,98.668,0.068,0.0,241999.0,7.0,17.018,0.102,95.04,99.338,0.066,0.0,245445.0,164.0,16.296,0.102,93.904,99.27,0.066,0.0,240774.0,70.0,17.0,0.1,93.834,98.92,0.134,0.0,264668.0,140.0,16.002,1
0.102,93.024,99.598,0.066,0.0,3242140.0,99.0,16.988,0.102,95.166,98.668,0.068,0.0,241999.0,7.0,17.018,0.102,95.04,99.338,0.066,0.0,245445.0,164.0,16.296,0.102,93.904,99.27,0.066,0.0,240774.0,70.0,17.0,0.1,93.834,98.92,0.134,0.0,264668.0,140.0,16.002,0.1,94.406,99.062,0.066,0.0,225559.0,37.0,16.666,1
0.102,95.166,98.668,0.068,0.0,241999.0,7.0,17.018,0.102,95.04,99.338,0.066,0.0,245445.0,164.0,16.296,0.102,93.904,99.27,0.066,0.0,240774.0,70.0,17.0,0.1,93.834,98.92,0.134,0.0,264668.0,140.0,16.002,0.1,94.406,99.062,0.066,0.0,225559.0,37.0,16.666,0.068,94.376,99.132,0.066,0.0,261426.0,18.0,16.044,1
0.102,95.04,99.338,0.066,0.0,245445.0,164.0,16.296,0.102,93.904,99.27,0.066,0.0,240774.0,70.0,17.0,0.1,93.834,98.92,0.134,0.0,264668.0,140.0,16.002,0.1,94.406,99.062,0.066,0.0,225559.0,37.0,16.666,0.068,94.376,99.132,0.066,0.0,261426.0,18.0,16.044,0.098,95.334,99.506,0.066,0.0,244461.0,185.0,16.284000000000002,1
0.102,93.904,99.27,0.066,0.0,240774.0,70.0,17.0,0.1,93.834,98.92,0.134,0.0,264668.0,140.0,16.002,0.1,94.406,99.062,0.066,0.0,225559.0,37.0,16.666,0.068,94.376,99.132,0.066,0.0,261426.0,18.0,16.044,0.098,95.334,99.506,0.066,0.0,244461.0,185.0,16.284000000000002,0.1,95.084,99.414,0.066,0.0,248637.0,161.0,16.666,1
0.1,93.834,98.92,0.134,0.0,264668.0,140.0,16.002,0.1,94.406,99.062,0.066,0.0,225559.0,37.0,16.666,0.068,94.376,99.132,0.066,0.0,261426.0,18.0,16.044,0.098,95.334,99.506,0.066,0.0,244461.0,185.0,16.284000000000002,0.1,95.084,99.414,0.066,0.0,248637.0,161.0,16.666,0.098,89.958,99.32,0.068,0.0,260399.0,56.0,16.666,1
0.1,94.406,99.062,0.066,0.0,225559.0,37.0,16.666,0.068,94.376,99.132,0.066,0.0,261426.0,18.0,16.044,0.098,95.334,99.506,0.066,0.0,244461.0,185.0,16.284000000000002,0.1,95.084,99.414,0.066,0.0,248637.0,161.0,16.666,0.098,89.958,99.32,0.068,0.0,260399.0,56.0,16.666,0.1,91.1,99.624,0.134,0.0,3237190.0,75.0,16.666,1
0.068,94.376,99.132,0.066,0.0,261426.0,18.0,16.044,0.098,95.334,99.506,0.066,0.0,244461.0,185.0,16.284000000000002,0.1,95.084,99.414,0.066,0.0,248637.0,161.0,16.666,0.098,89.958,99.32,0.068,0.0,260399.0,56.0,16.666,0.1,91.1,99.624,0.134,0.0,3237190.0,75.0,16.666,26.9,93.822,98.802,0.066,2267550.0,270192.0,161.0,17.022000000000002,1
0.098,95.334,99.506,0.066,0.0,244461.0,185.0,16.284000000000002,0.1,95.084,99.414,0.066,0.0,248637.0,161.0,16.666,0.098,89.958,99.32,0.068,0.0,260399.0,56.0,16.666,0.1,91.1,99.624,0.134,0.0,3237190.0,75.0,16.666,26.9,93.822,98.802,0.066,2267550.0,270192.0,161.0,17.022000000000002,4.474,93.608,99.554,0.066,17203.2,3245020.0,156.0,16.334,1
0.1,95.084,99.414,0.066,0.0,248637.0,161.0,16.666,0.098,89.958,99.32,0.068,0.0,260399.0,56.0,16.666,0.1,91.1,99.624,0.134,0.0,3237190.0,75.0,16.666,26.9,93.822,98.802,0.066,2267550.0,270192.0,161.0,17.022000000000002,4.474,93.608,99.554,0.066,17203.2,3245020.0,156.0,16.334,0.8959999999999999,90.504,98.826,0.068,0.0,255534.0,6.0,17.334,1
0.098,89.958,99.32,0.068,0.0,260399.0,56.0,16.666,0.1,91.1,99.624,0.134,0.0,3237190.0,75.0,16.666,26.9,93.822,98.802,0.066,2267550.0,270192.0,161.0,17.022000000000002,4.474,93.608,99.554,0.066,17203.2,3245020.0,156.0,16.334,0.8959999999999999,90.504,98.826,0.068,0.0,255534.0,6.0,17.334,0.602,88.384,98.78,0.136,0.0,247868.0,13.0,16.332,1
0.1,91.1,99.624,0.134,0.0,3237190.0,75.0,16.666,26.9,93.822,98.802,0.066,2267550.0,270192.0,161.0,17.022000000000002,4.474,93.608,99.554,0.066,17203.2,3245020.0,156.0,16.334,0.8959999999999999,90.504,98.826,0.068,0.0,255534.0,6.0,17.334,0.602,88.384,98.78,0.136,0.0,247868.0,13.0,16.332,0.604,91.124,98.964,0.066,0.0,256933.0,35.0,16.334,1
26.9,93.822,98.802,0.066,2267550.0,270192.0,161.0,17.022000000000002,4.474,93.608,99.554,0.066,17203.2,3245020.0,156.0,16.334,0.8959999999999999,90.504,98.826,0.068,0.0,255534.0,6.0,17.334,0.602,88.384,98.78,0.136,0.0,247868.0,13.0,16.332,0.604,91.124,98.964,0.066,0.0,256933.0,35.0,16.334,0.568,93.542,99.202,0.066,0.0,245945.0,71.0,16.0,1
4.474,93.608,99.554,0.066,17203.2,3245020.0,156.0,16.334,0.8959999999999999,90.504,98.826,0.068,0.0,255534.0,6.0,17.334,0.602,88.384,98.78,0.136,0.0,247868.0,13.0,16.332,0.604,91.124,98.964,0.066,0.0,256933.0,35.0,16.334,0.568,93.542,99.202,0.066,0.0,245945.0,71.0,16.0,0.2,86.728,98.714,0.066,0.0,285494.0,59.0,16.002,1
0.8959999999999999,90.504,98.826,0.068,0.0,255534.0,6.0,17.334,0.602,88.384,98.78,0.136,0.0,247868.0,13.0,16.332,0.604,91.124,98.964,0.066,0.0,256933.0,35.0,16.334,0.568,93.542,99.202,0.066,0.0,245945.0,71.0,16.0,0.2,86.728,98.714,0.066,0.0,285494.0,59.0,16.002,0.1,91.44,99.458,0.066,0.0,220921.0,23.0,16.0,1
0.602,88.384,98.78,0.136,0.0,247868.0,13.0,16.332,0.604,91.124,98.964,0.066,0.0,256933.0,35.0,16.334,0.568,93.542,99.202,0.066,0.0,245945.0,71.0,16.0,0.2,86.728,98.714,0.066,0.0,285494.0,59.0,16.002,0.1,91.44,99.458,0.066,0.0,220921.0,23.0,16.0,0.098,93.172,99.104,0.134,0.0,256594.0,49.0,17.012,1
0.604,91.124,98.964,0.066,0.0,256933.0,35.0,16.334,0.568,93.542,99.202,0.066,0.0,245945.0,71.0,16.0,0.2,86.728,98.714,0.066,0.0,285494.0,59.0,16.002,0.1,91.44,99.458,0.066,0.0,220921.0,23.0,16.0,0.098,93.172,99.104,0.134,0.0,256594.0,49.0,17.012,0.068,92.634,98.92,0.068,0.0,247813.0,32.0,16.352,1
0.568,93.542,99.202,0.066,0.0,245945.0,71.0,16.0,0.2,86.728,98.714,0.066,0.0,285494.0,59.0,16.002,0.1,91.44,99.458,0.066,0.0,220921.0,23.0,16.0,0.098,93.172,99.104,0.134,0.0,256594.0,49.0,17.012,0.068,92.634,98.92,0.068,0.0,247813.0,32.0,16.352,0.1,95.804,98.688,0.066,0.0,254931.0,106.0,16.668,1
0.2,86.728,98.714,0.066,0.0,285494.0,59.0,16.002,0.1,91.44,99.458,0.066,0.0,220921.0,23.0,16.0,0.098,93.172,99.104,0.134,0.0,256594.0,49.0,17.012,0.068,92.634,98.92,0.068,0.0,247813.0,32.0,16.352,0.1,95.804,98.688,0.066,0.0,254931.0,106.0,16.668,0.1,92.916,99.32,0.066,0.0,3244330.0,37.0,16.998,1
0.1,91.44,99.458,0.066,0.0,220921.0,23.0,16.0,0.098,93.172,99.104,0.134,0.0,256594.0,49.0,17.012,0.068,92.634,98.92,0.068,0.0,247813.0,32.0,16.352,0.1,95.804,98.688,0.066,0.0,254931.0,106.0,16.668,0.1,92.916,99.32,0.066,0.0,3244330.0,37.0,16.998,0.1,89.948,99.11,0.132,0.0,241625.0,17.0,15.99,1
0.098,93.172,99.104,0.134,0.0,256594.0,49.0,17.012,0.068,92.634,98.92,0.068,0.0,247813.0,32.0,16.352,0.1,95.804,98.688,0.066,0.0,254931.0,106.0,16.668,0.1,92.916,99.32,0.066,0.0,3244330.0,37.0,16.998,0.1,89.948,99.11,0.132,0.0,241625.0,17.0,15.99,0.068,92.834,98.756,0.068,0.0,3256200.0,5.0,16.334,1
0.068,92.634,98.92,0.068,0.0,247813.0,32.0,16.352,0.1,95.804,98.688,0.066,0.0,254931.0,106.0,16.668,0.1,92.916,99.32,0.066,0.0,3244330.0,37.0,16.998,0.1,89.948,99.11,0.132,0.0,241625.0,17.0,15.99,0.068,92.834,98.756,0.068,0.0,3256200.0,5.0,16.334,0.1,91.666,98.708,0.066,0.0,237203.0,53.0,16.332,1
0.1,95.804,98.688,0.066,0.0,254931.0,106.0,16.668,0.1,92.916,99.32,0.066,0.0,3244330.0,37.0,16.998,0.1,89.948,99.11,0.132,0.0,241625.0,17.0,15.99,0.068,92.834,98.756,0.068,0.0,3256200.0,5.0,16.334,0.1,91.666,98.708,0.066,0.0,237203.0,53.0,16.332,0.998,92.0,98.92,0.066,13926.4,254375.0,24.0,16.666,1
0.1,92.916,99.32,0.066,0.0,3244330.0,37.0,16.998,0.1,89.948,99.11,0.132,0.0,241625.0,17.0,15.99,0.068,92.834,98.756,0.068,0.0,3256200.0,5.0,16.334,0.1,91.666,98.708,0.066,0.0,237203.0,53.0,16.332,0.998,92.0,98.92,0.066,13926.4,254375.0,24.0,16.666,0.102,89.92,99.036,0.066,0.0,256552.0,164.0,16.334,1
0.1,89.948,99.11,0.132,0.0,241625.0,17.0,15.99,0.068,92.834,98.756,0.068,0.0,3256200.0,5.0,16.334,0.1,91.666,98.708,0.066,0.0,237203.0,53.0,16.332,0.998,92.0,98.92,0.066,13926.4,254375.0,24.0,16.666,0.102,89.92,99.036,0.066,0.0,256552.0,164.0,16.334,0.068,94.024,99.412,0.134,0.0,252388.0,148.0,16.38,1
0.068,92.834,98.756,0.068,0.0,3256200.0,5.0,16.334,0.1,91.666,98.708,0.066,0.0,237203.0,53.0,16.332,0.998,92.0,98.92,0.066,13926.4,254375.0,24.0,16.666,0.102,89.92,99.036,0.066,0.0,256552.0,164.0,16.334,0.068,94.024,99.412,0.134,0.0,252388.0,148.0,16.38,0.098,91.876,98.874,0.066,0.0,252273.0,15.0,16.666,1
0.1,91.666,98.708,0.066,0.0,237203.0,53.0,16.332,0.998,92.0,98.92,0.066,13926.4,254375.0,24.0,16.666,0.102,89.92,99.036,0.066,0.0,256552.0,164.0,16.334,0.068,94.024,99.412,0.134,0.0,252388.0,148.0,16.38,0.098,91.876,98.874,0.066,0.0,252273.0,15.0,16.666,0.1,92.042,99.058,0.068,0.0,257477.0,26.0,17.042,1
0.998,92.0,98.92,0.066,13926.4,254375.0,24.0,16.666,0.102,89.92,99.036,0.066,0.0,256552.0,164.0,16.334,0.068,94.024,99.412,0.134,0.0,252388.0,148.0,16.38,0.098,91.876,98.874,0.066,0.0,252273.0,15.0,16.666,0.1,92.042,99.058,0.068,0.0,257477.0,26.0,17.042,0.102,76.874,99.53,0.068,0.0,240639.0,102.0,17.375999999999998,1
0.102,89.92,99.036,0.066,0.0,256552.0,164.0,16.334,0.068,94.024,99.412,0.134,0.0,252388.0,148.0,16.38,0.098,91.876,98.874,0.066,0.0,252273.0,15.0,16.666,0.1,92.042,99.058,0.068,0.0,257477.0,26.0,17.042,0.102,76.874,99.53,0.068,0.0,240639.0,102.0,17.375999999999998,0.102,86.124,99.252,0.066,0.0,255010.0,102.0,16.038,1
0.068,94.024,99.412,0.134,0.0,252388.0,148.0,16.38,0.098,91.876,98.874,0.066,0.0,252273.0,15.0,16.666,0.1,92.042,99.058,0.068,0.0,257477.0,26.0,17.042,0.102,76.874,99.53,0.068,0.0,240639.0,102.0,17.375999999999998,0.102,86.124,99.252,0.066,0.0,255010.0,102.0,16.038,0.098,84.626,99.272,0.066,0.0,259704.0,112.0,16.285999999999998,1
0.098,91.876,98.874,0.066,0.0,252273.0,15.0,16.666,0.1,92.042,99.058,0.068,0.0,257477.0,26.0,17.042,0.102,76.874,99.53,0.068,0.0,240639.0,102.0,17.375999999999998,0.102,86.124,99.252,0.066,0.0,255010.0,102.0,16.038,0.098,84.626,99.272,0.066,0.0,259704.0,112.0,16.285999999999998,0.098,82.374,99.154,0.132,0.0,3221830.0,4.0,16.704,1
0.1,92.042,99.058,0.068,0.0,257477.0,26.0,17.042,0.102,76.874,99.53,0.068,0.0,240639.0,102.0,17.375999999999998,0.102,86.124,99.252,0.066,0.0,255010.0,102.0,16.038,0.098,84.626,99.272,0.066,0.0,259704.0,112.0,16.285999999999998,0.098,82.374,99.154,0.132,0.0,3221830.0,4.0,16.704,0.1,85.52799999999998,99.274,0.066,0.0,242887.0,52.0,17.282,1
0.102,76.874,99.53,0.068,0.0,240639.0,102.0,17.375999999999998,0.102,86.124,99.252,0.066,0.0,255010.0,102.0,16.038,0.098,84.626,99.272,0.066,0.0,259704.0,112.0,16.285999999999998,0.098,82.374,99.154,0.132,0.0,3221830.0,4.0,16.704,0.1,85.52799999999998,99.274,0.066,0.0,242887.0,52.0,17.282,0.1,90.23,98.944,0.066,0.0,3229560.0,184.0,16.332,1
0.102,86.124,99.252,0.066,0.0,255010.0,102.0,16.038,0.098,84.626,99.272,0.066,0.0,259704.0,112.0,16.285999999999998,0.098,82.374,99.154,0.132,0.0,3221830.0,4.0,16.704,0.1,85.52799999999998,99.274,0.066,0.0,242887.0,52.0,17.282,0.1,90.23,98.944,0.066,0.0,3229560.0,184.0,16.332,30.068,90.458,98.522,0.066,2251160.0,265801.0,226.0,17.002,1
0.098,84.626,99.272,0.066,0.0,259704.0,112.0,16.285999999999998,0.098,82.374,99.154,0.132,0.0,3221830.0,4.0,16.704,0.1,85.52799999999998,99.274,0.066,0.0,242887.0,52.0,17.282,0.1,90.23,98.944,0.066,0.0,3229560.0,184.0,16.332,30.068,90.458,98.522,0.066,2251160.0,265801.0,226.0,17.002,1.906,90.584,99.39,0.066,9011.2,236981.0,116.0,16.666,1
0.098,82.374,99.154,0.132,0.0,3221830.0,4.0,16.704,0.1,85.52799999999998,99.274,0.066,0.0,242887.0,52.0,17.282,0.1,90.23,98.944,0.066,0.0,3229560.0,184.0,16.332,30.068,90.458,98.522,0.066,2251160.0,265801.0,226.0,17.002,1.906,90.584,99.39,0.066,9011.2,236981.0,116.0,16.666,0.898,91.626,99.508,0.132,0.0,260054.0,41.0,17.328,1
0.1,85.52799999999998,99.274,0.066,0.0,242887.0,52.0,17.282,0.1,90.23,98.944,0.066,0.0,3229560.0,184.0,16.332,30.068,90.458,98.522,0.066,2251160.0,265801.0,226.0,17.002,1.906,90.584,99.39,0.066,9011.2,236981.0,116.0,16.666,0.898,91.626,99.508,0.132,0.0,260054.0,41.0,17.328,0.634,90.0,98.968,0.068,0.0,245909.0,49.0,16.334,1
0.1,90.23,98.944,0.066,0.0,3229560.0,184.0,16.332,30.068,90.458,98.522,0.066,2251160.0,265801.0,226.0,17.002,1.906,90.584,99.39,0.066,9011.2,236981.0,116.0,16.666,0.898,91.626,99.508,0.132,0.0,260054.0,41.0,17.328,0.634,90.0,98.968,0.068,0.0,245909.0,49.0,16.334,0.47,93.404,99.718,0.066,0.0,250921.0,11.0,16.336,1
30.068,90.458,98.522,0.066,2251160.0,265801.0,226.0,17.002,1.906,90.584,99.39,0.066,9011.2,236981.0,116.0,16.666,0.898,91.626,99.508,0.132,0.0,260054.0,41.0,17.328,0.634,90.0,98.968,0.068,0.0,245909.0,49.0,16.334,0.47,93.404,99.718,0.066,0.0,250921.0,11.0,16.336,0.1,95.766,99.202,0.068,0.0,264959.0,41.0,16.334,1
1.906,90.584,99.39,0.066,9011.2,236981.0,116.0,16.666,0.898,91.626,99.508,0.132,0.0,260054.0,41.0,17.328,0.634,90.0,98.968,0.068,0.0,245909.0,49.0,16.334,0.47,93.404,99.718,0.066,0.0,250921.0,11.0,16.336,0.1,95.766,99.202,0.068,0.0,264959.0,41.0,16.334,0.102,93.768,99.39,0.066,0.0,13429000.0,44.0,16.334,1
0.898,91.626,99.508,0.132,0.0,260054.0,41.0,17.328,0.634,90.0,98.968,0.068,0.0,245909.0,49.0,16.334,0.47,93.404,99.718,0.066,0.0,250921.0,11.0,16.336,0.1,95.766,99.202,0.068,0.0,264959.0,41.0,16.334,0.102,93.768,99.39,0.066,0.0,13429000.0,44.0,16.334,0.1,89.292,98.686,0.068,0.0,6603090.0,70.0,15.968,1
0.634,90.0,98.968,0.068,0.0,245909.0,49.0,16.334,0.47,93.404,99.718,0.066,0.0,250921.0,11.0,16.336,0.1,95.766,99.202,0.068,0.0,264959.0,41.0,16.334,0.102,93.768,99.39,0.066,0.0,13429000.0,44.0,16.334,0.1,89.292,98.686,0.068,0.0,6603090.0,70.0,15.968,0.1,54.958,98.638,0.134,0.0,138797000.0,34.0,18.0,1
0.47,93.404,99.718,0.066,0.0,250921.0,11.0,16.336,0.1,95.766,99.202,0.068,0.0,264959.0,41.0,16.334,0.102,93.768,99.39,0.066,0.0,13429000.0,44.0,16.334,0.1,89.292,98.686,0.068,0.0,6603090.0,70.0,15.968,0.1,54.958,98.638,0.134,0.0,138797000.0,34.0,18.0,1.444,54.7775,98.64,0.068,1175550.0,3264610.0,91.0,16.002,1
0.1,95.766,99.202,0.068,0.0,264959.0,41.0,16.334,0.102,93.768,99.39,0.066,0.0,13429000.0,44.0,16.334,0.1,89.292,98.686,0.068,0.0,6603090.0,70.0,15.968,0.1,54.958,98.638,0.134,0.0,138797000.0,34.0,18.0,1.444,54.7775,98.64,0.068,1175550.0,3264610.0,91.0,16.002,0.098,90.03200000000002,99.248,0.068,0.0,335110.0,3.0,16.666,1
0.102,93.768,99.39,0.066,0.0,13429000.0,44.0,16.334,0.1,89.292,98.686,0.068,0.0,6603090.0,70.0,15.968,0.1,54.958,98.638,0.134,0.0,138797000.0,34.0,18.0,1.444,54.7775,98.64,0.068,1175550.0,3264610.0,91.0,16.002,0.098,90.03200000000002,99.248,0.068,0.0,335110.0,3.0,16.666,0.098,93.18,99.226,0.134,0.0,245126000.0,161.0,16.04,1
0.1,89.292,98.686,0.068,0.0,6603090.0,70.0,15.968,0.1,54.958,98.638,0.134,0.0,138797000.0,34.0,18.0,1.444,54.7775,98.64,0.068,1175550.0,3264610.0,91.0,16.002,0.098,90.03200000000002,99.248,0.068,0.0,335110.0,3.0,16.666,0.098,93.18,99.226,0.134,0.0,245126000.0,161.0,16.04,0.066,88.178,99.248,0.066,0.0,63229300.0,30.0,16.336,1
0.1,54.958,98.638,0.134,0.0,138797000.0,34.0,18.0,1.444,54.7775,98.64,0.068,1175550.0,3264610.0,91.0,16.002,0.098,90.03200000000002,99.248,0.068,0.0,335110.0,3.0,16.666,0.098,93.18,99.226,0.134,0.0,245126000.0,161.0,16.04,0.066,88.178,99.248,0.066,0.0,63229300.0,30.0,16.336,0.1,87.99799999999998,99.366,0.068,0.0,291082.0,37.0,15.706,1
1.444,54.7775,98.64,0.068,1175550.0,3264610.0,91.0,16.002,0.098,90.03200000000002,99.248,0.068,0.0,335110.0,3.0,16.666,0.098,93.18,99.226,0.134,0.0,245126000.0,161.0,16.04,0.066,88.178,99.248,0.066,0.0,63229300.0,30.0,16.336,0.1,87.99799999999998,99.366,0.068,0.0,291082.0,37.0,15.706,0.102,87.986,99.484,0.066,0.0,288185.0,146.0,16.288,1
0.098,90.03200000000002,99.248,0.068,0.0,335110.0,3.0,16.666,0.098,93.18,99.226,0.134,0.0,245126000.0,161.0,16.04,0.066,88.178,99.248,0.066,0.0,63229300.0,30.0,16.336,0.1,87.99799999999998,99.366,0.068,0.0,291082.0,37.0,15.706,0.102,87.986,99.484,0.066,0.0,288185.0,146.0,16.288,0.1,87.542,99.39,0.066,0.0,274498.0,30.0,16.334,1
0.098,93.18,99.226,0.134,0.0,245126000.0,161.0,16.04,0.066,88.178,99.248,0.066,0.0,63229300.0,30.0,16.336,0.1,87.99799999999998,99.366,0.068,0.0,291082.0,37.0,15.706,0.102,87.986,99.484,0.066,0.0,288185.0,146.0,16.288,0.1,87.542,99.39,0.066,0.0,274498.0,30.0,16.334,30.026,89.084,99.32,0.066,2272460.0,299356.0,63.0,17.334,1
0.066,88.178,99.248,0.066,0.0,63229300.0,30.0,16.336,0.1,87.99799999999998,99.366,0.068,0.0,291082.0,37.0,15.706,0.102,87.986,99.484,0.066,0.0,288185.0,146.0,16.288,0.1,87.542,99.39,0.066,0.0,274498.0,30.0,16.334,30.026,89.084,99.32,0.066,2272460.0,299356.0,63.0,17.334,1.686,89.876,99.436,0.134,3276.8,303715.0,115.0,16.332,1
0.1,87.99799999999998,99.366,0.068,0.0,291082.0,37.0,15.706,0.102,87.986,99.484,0.066,0.0,288185.0,146.0,16.288,0.1,87.542,99.39,0.066,0.0,274498.0,30.0,16.334,30.026,89.084,99.32,0.066,2272460.0,299356.0,63.0,17.334,1.686,89.876,99.436,0.134,3276.8,303715.0,115.0,16.332,0.838,87.044,99.276,0.066,0.0,360933.0,63.0,16.998,1
0.102,87.986,99.484,0.066,0.0,288185.0,146.0,16.288,0.1,87.542,99.39,0.066,0.0,274498.0,30.0,16.334,30.026,89.084,99.32,0.066,2272460.0,299356.0,63.0,17.334,1.686,89.876,99.436,0.134,3276.8,303715.0,115.0,16.332,0.838,87.044,99.276,0.066,0.0,360933.0,63.0,16.998,0.6659999999999999,88.0,98.99,0.066,0.0,350081.0,101.0,16.0,1
0.1,87.542,99.39,0.066,0.0,274498.0,30.0,16.334,30.026,89.084,99.32,0.066,2272460.0,299356.0,63.0,17.334,1.686,89.876,99.436,0.134,3276.8,303715.0,115.0,16.332,0.838,87.044,99.276,0.066,0.0,360933.0,63.0,16.998,0.6659999999999999,88.0,98.99,0.066,0.0,350081.0,101.0,16.0,1.936,88.49799999999998,98.922,0.066,784794.0,356008.0,140.0,16.336,1
30.026,89.084,99.32,0.066,2272460.0,299356.0,63.0,17.334,1.686,89.876,99.436,0.134,3276.8,303715.0,115.0,16.332,0.838,87.044,99.276,0.066,0.0,360933.0,63.0,16.998,0.6659999999999999,88.0,98.99,0.066,0.0,350081.0,101.0,16.0,1.936,88.49799999999998,98.922,0.066,784794.0,356008.0,140.0,16.336,4.066,89.322,99.248,0.134,8261630.0,384684.0,124.0,17.322,1
1.686,89.876,99.436,0.134,3276.8,303715.0,115.0,16.332,0.838,87.044,99.276,0.066,0.0,360933.0,63.0,16.998,0.6659999999999999,88.0,98.99,0.066,0.0,350081.0,101.0,16.0,1.936,88.49799999999998,98.922,0.066,784794.0,356008.0,140.0,16.336,4.066,89.322,99.248,0.134,8261630.0,384684.0,124.0,17.322,1.486,88.166,99.226,0.066,33858400.0,380580.0,92.0,16.0,1
0.838,87.044,99.276,0.066,0.0,360933.0,63.0,16.998,0.6659999999999999,88.0,98.99,0.066,0.0,350081.0,101.0,16.0,1.936,88.49799999999998,98.922,0.066,784794.0,356008.0,140.0,16.336,4.066,89.322,99.248,0.134,8261630.0,384684.0,124.0,17.322,1.486,88.166,99.226,0.066,33858400.0,380580.0,92.0,16.0,97.956,92.916,98.874,0.066,106675000.0,424082.0,16.0,16.666,1
0.6659999999999999,88.0,98.99,0.066,0.0,350081.0,101.0,16.0,1.936,88.49799999999998,98.922,0.066,784794.0,356008.0,140.0,16.336,4.066,89.322,99.248,0.134,8261630.0,384684.0,124.0,17.322,1.486,88.166,99.226,0.066,33858400.0,380580.0,92.0,16.0,97.956,92.916,98.874,0.066,106675000.0,424082.0,16.0,16.666,92.75,87.626,99.624,0.066,43790300.0,360159.0,39.0,16.308,1
1.936,88.49799999999998,98.922,0.066,784794.0,356008.0,140.0,16.336,4.066,89.322,99.248,0.134,8261630.0,384684.0,124.0,17.322,1.486,88.166,99.226,0.066,33858400.0,380580.0,92.0,16.0,97.956,92.916,98.874,0.066,106675000.0,424082.0,16.0,16.666,92.75,87.626,99.624,0.066,43790300.0,360159.0,39.0,16.308,76.69800000000002,89.072,98.754,0.068,535190000.0,421578.0,47.0,17.666,1
4.066,89.322,99.248,0.134,8261630.0,384684.0,124.0,17.322,1.486,88.166,99.226,0.066,33858400.0,380580.0,92.0,16.0,97.956,92.916,98.874,0.066,106675000.0,424082.0,16.0,16.666,92.75,87.626,99.624,0.066,43790300.0,360159.0,39.0,16.308,76.69800000000002,89.072,98.754,0.068,535190000.0,421578.0,47.0,17.666,91.278,85.238,99.298,0.132,131086000.0,382527.0,167.0,16.334,1
1.486,88.166,99.226,0.066,33858400.0,380580.0,92.0,16.0,97.956,92.916,98.874,0.066,106675000.0,424082.0,16.0,16.666,92.75,87.626,99.624,0.066,43790300.0,360159.0,39.0,16.308,76.69800000000002,89.072,98.754,0.068,535190000.0,421578.0,47.0,17.666,91.278,85.238,99.298,0.132,131086000.0,382527.0,167.0,16.334,99.608,89.756,99.202,0.066,0.0,341436.0,127.0,16.66,1
97.956,92.916,98.874,0.066,106675000.0,424082.0,16.0,16.666,92.75,87.626,99.624,0.066,43790300.0,360159.0,39.0,16.308,76.69800000000002,89.072,98.754,0.068,535190000.0,421578.0,47.0,17.666,91.278,85.238,99.298,0.132,131086000.0,382527.0,167.0,16.334,99.608,89.756,99.202,0.066,0.0,341436.0,127.0,16.66,89.054,87.666,99.414,0.066,120862000.0,445259.0,90.0,16.334,1
92.75,87.626,99.624,0.066,43790300.0,360159.0,39.0,16.308,76.69800000000002,89.072,98.754,0.068,535190000.0,421578.0,47.0,17.666,91.278,85.238,99.298,0.132,131086000.0,382527.0,167.0,16.334,99.608,89.756,99.202,0.066,0.0,341436.0,127.0,16.66,89.054,87.666,99.414,0.066,120862000.0,445259.0,90.0,16.334,38.982,89.626,99.202,0.066,1610550.0,422991.0,118.0,16.666,1
76.69800000000002,89.072,98.754,0.068,535190000.0,421578.0,47.0,17.666,91.278,85.238,99.298,0.132,131086000.0,382527.0,167.0,16.334,99.608,89.756,99.202,0.066,0.0,341436.0,127.0,16.66,89.054,87.666,99.414,0.066,120862000.0,445259.0,90.0,16.334,38.982,89.626,99.202,0.066,1610550.0,422991.0,118.0,16.666,0.098,90.292,99.39,0.066,0.0,316314.0,234.0,16.722,1
91.278,85.238,99.298,0.132,131086000.0,382527.0,167.0,16.334,99.608,89.756,99.202,0.066,0.0,341436.0,127.0,16.66,89.054,87.666,99.414,0.066,120862000.0,445259.0,90.0,16.334,38.982,89.626,99.202,0.066,1610550.0,422991.0,118.0,16.666,0.098,90.292,99.39,0.066,0.0,316314.0,234.0,16.722,0.1,87.74600000000002,98.826,0.066,0.0,228875.0,101.0,16.282,1
99.608,89.756,99.202,0.066,0.0,341436.0,127.0,16.66,89.054,87.666,99.414,0.066,120862000.0,445259.0,90.0,16.334,38.982,89.626,99.202,0.066,1610550.0,422991.0,118.0,16.666,0.098,90.292,99.39,0.066,0.0,316314.0,234.0,16.722,0.1,87.74600000000002,98.826,0.066,0.0,228875.0,101.0,16.282,76.546,85.458,99.04,0.134,61376900.0,253463.0,12.0,16.656,1
89.054,87.666,99.414,0.066,120862000.0,445259.0,90.0,16.334,38.982,89.626,99.202,0.066,1610550.0,422991.0,118.0,16.666,0.098,90.292,99.39,0.066,0.0,316314.0,234.0,16.722,0.1,87.74600000000002,98.826,0.066,0.0,228875.0,101.0,16.282,76.546,85.458,99.04,0.134,61376900.0,253463.0,12.0,16.656,99.172,88.0,98.99,0.068,78157400.0,223710.0,108.0,17.0,1
38.982,89.626,99.202,0.066,1610550.0,422991.0,118.0,16.666,0.098,90.292,99.39,0.066,0.0,316314.0,234.0,16.722,0.1,87.74600000000002,98.826,0.066,0.0,228875.0,101.0,16.282,76.546,85.458,99.04,0.134,61376900.0,253463.0,12.0,16.656,99.172,88.0,98.99,0.068,78157400.0,223710.0,108.0,17.0,83.554,88.958,99.366,0.2,25885900.0,237656.0,83.0,16.724,1
0.098,90.292,99.39,0.066,0.0,316314.0,234.0,16.722,0.1,87.74600000000002,98.826,0.066,0.0,228875.0,101.0,16.282,76.546,85.458,99.04,0.134,61376900.0,253463.0,12.0,16.656,99.172,88.0,98.99,0.068,78157400.0,223710.0,108.0,17.0,83.554,88.958,99.366,0.2,25885900.0,237656.0,83.0,16.724,76.19800000000002,92.606,99.386,0.066,658345000.0,242514.0,63.0,17.29,1
0.1,87.74600000000002,98.826,0.066,0.0,228875.0,101.0,16.282,76.546,85.458,99.04,0.134,61376900.0,253463.0,12.0,16.656,99.172,88.0,98.99,0.068,78157400.0,223710.0,108.0,17.0,83.554,88.958,99.366,0.2,25885900.0,237656.0,83.0,16.724,76.19800000000002,92.606,99.386,0.066,658345000.0,242514.0,63.0,17.29,99.638,76.982,98.38,0.066,103219.0,251048.0,83.0,16.334,1
76.546,85.458,99.04,0.134,61376900.0,253463.0,12.0,16.656,99.172,88.0,98.99,0.068,78157400.0,223710.0,108.0,17.0,83.554,88.958,99.366,0.2,25885900.0,237656.0,83.0,16.724,76.19800000000002,92.606,99.386,0.066,658345000.0,242514.0,63.0,17.29,99.638,76.982,98.38,0.066,103219.0,251048.0,83.0,16.334,99.606,92.262,99.038,0.066,0.0,223451.0,197.0,16.712,1
99.172,88.0,98.99,0.068,78157400.0,223710.0,108.0,17.0,83.554,88.958,99.366,0.2,25885900.0,237656.0,83.0,16.724,76.19800000000002,92.606,99.386,0.066,658345000.0,242514.0,63.0,17.29,99.638,76.982,98.38,0.066,103219.0,251048.0,83.0,16.334,99.606,92.262,99.038,0.066,0.0,223451.0,197.0,16.712,77.436,86.552,99.342,0.066,122534000.0,247185.0,278.0,16.634,1
83.554,88.958,99.366,0.2,25885900.0,237656.0,83.0,16.724,76.19800000000002,92.606,99.386,0.066,658345000.0,242514.0,63.0,17.29,99.638,76.982,98.38,0.066,103219.0,251048.0,83.0,16.334,99.606,92.262,99.038,0.066,0.0,223451.0,197.0,16.712,77.436,86.552,99.342,0.066,122534000.0,247185.0,278.0,16.634,13.322,88.042,99.436,0.134,42598.4,230525.0,159.0,17.044,1
76.19800000000002,92.606,99.386,0.066,658345000.0,242514.0,63.0,17.29,99.638,76.982,98.38,0.066,103219.0,251048.0,83.0,16.334,99.606,92.262,99.038,0.066,0.0,223451.0,197.0,16.712,77.436,86.552,99.342,0.066,122534000.0,247185.0,278.0,16.634,13.322,88.042,99.436,0.134,42598.4,230525.0,159.0,17.044,0.102,88.334,99.366,0.066,0.0,225159.0,41.0,15.952,1
99.638,76.982,98.38,0.066,103219.0,251048.0,83.0,16.334,99.606,92.262,99.038,0.066,0.0,223451.0,197.0,16.712,77.436,86.552,99.342,0.066,122534000.0,247185.0,278.0,16.634,13.322,88.042,99.436,0.134,42598.4,230525.0,159.0,17.044,0.102,88.334,99.366,0.066,0.0,225159.0,41.0,15.952,0.102,90.696,99.154,0.068,0.0,224883.0,41.0,17.0,1
99.606,92.262,99.038,0.066,0.0,223451.0,197.0,16.712,77.436,86.552,99.342,0.066,122534000.0,247185.0,278.0,16.634,13.322,88.042,99.436,0.134,42598.4,230525.0,159.0,17.044,0.102,88.334,99.366,0.066,0.0,225159.0,41.0,15.952,0.102,90.696,99.154,0.068,0.0,224883.0,41.0,17.0,0.068,87.89399999999998,99.108,0.068,0.0,236707.0,39.0,15.668,1
77.436,86.552,99.342,0.066,122534000.0,247185.0,278.0,16.634,13.322,88.042,99.436,0.134,42598.4,230525.0,159.0,17.044,0.102,88.334,99.366,0.066,0.0,225159.0,41.0,15.952,0.102,90.696,99.154,0.068,0.0,224883.0,41.0,17.0,0.068,87.89399999999998,99.108,0.068,0.0,236707.0,39.0,15.668,0.102,93.85,99.084,0.068,0.0,213654.0,85.0,16.666,1
13.322,88.042,99.436,0.134,42598.4,230525.0,159.0,17.044,0.102,88.334,99.366,0.066,0.0,225159.0,41.0,15.952,0.102,90.696,99.154,0.068,0.0,224883.0,41.0,17.0,0.068,87.89399999999998,99.108,0.068,0.0,236707.0,39.0,15.668,0.102,93.85,99.084,0.068,0.0,213654.0,85.0,16.666,0.102,91.348,99.154,0.066,0.0,231962.0,12.0,16.0,1
0.102,88.334,99.366,0.066,0.0,225159.0,41.0,15.952,0.102,90.696,99.154,0.068,0.0,224883.0,41.0,17.0,0.068,87.89399999999998,99.108,0.068,0.0,236707.0,39.0,15.668,0.102,93.85,99.084,0.068,0.0,213654.0,85.0,16.666,0.102,91.348,99.154,0.066,0.0,231962.0,12.0,16.0,0.1,91.626,98.92,0.132,0.0,241654.0,243.0,17.328,1
0.102,90.696,99.154,0.068,0.0,224883.0,41.0,17.0,0.068,87.89399999999998,99.108,0.068,0.0,236707.0,39.0,15.668,0.102,93.85,99.084,0.068,0.0,213654.0,85.0,16.666,0.102,91.348,99.154,0.066,0.0,231962.0,12.0,16.0,0.1,91.626,98.92,0.132,0.0,241654.0,243.0,17.328,0.096,89.084,98.78,0.066,0.0,216280.0,156.0,16.048,1
0.068,87.89399999999998,99.108,0.068,0.0,236707.0,39.0,15.668,0.102,93.85,99.084,0.068,0.0,213654.0,85.0,16.666,0.102,91.348,99.154,0.066,0.0,231962.0,12.0,16.0,0.1,91.626,98.92,0.132,0.0,241654.0,243.0,17.328,0.096,89.084,98.78,0.066,0.0,216280.0,156.0,16.048,0.102,90.982,98.802,0.066,0.0,264732.0,115.0,16.61,1
0.102,93.85,99.084,0.068,0.0,213654.0,85.0,16.666,0.102,91.348,99.154,0.066,0.0,231962.0,12.0,16.0,0.1,91.626,98.92,0.132,0.0,241654.0,243.0,17.328,0.096,89.084,98.78,0.066,0.0,216280.0,156.0,16.048,0.102,90.982,98.802,0.066,0.0,264732.0,115.0,16.61,8.238,90.982,99.39,0.066,365363.0,234056.0,146.0,17.332,1
0.102,91.348,99.154,0.066,0.0,231962.0,12.0,16.0,0.1,91.626,98.92,0.132,0.0,241654.0,243.0,17.328,0.096,89.084,98.78,0.066,0.0,216280.0,156.0,16.048,0.102,90.982,98.802,0.066,0.0,264732.0,115.0,16.61,8.238,90.982,99.39,0.066,365363.0,234056.0,146.0,17.332,25.198,92.188,99.272,0.134,2011960.0,218566.0,164.0,17.0,1
0.1,91.626,98.92,0.132,0.0,241654.0,243.0,17.328,0.096,89.084,98.78,0.066,0.0,216280.0,156.0,16.048,0.102,90.982,98.802,0.066,0.0,264732.0,115.0,16.61,8.238,90.982,99.39,0.066,365363.0,234056.0,146.0,17.332,25.198,92.188,99.272,0.134,2011960.0,218566.0,164.0,17.0,0.838,90.25,99.46,0.066,0.0,240987.0,85.0,16.977999999999998,1
0.096,89.084,98.78,0.066,0.0,216280.0,156.0,16.048,0.102,90.982,98.802,0.066,0.0,264732.0,115.0,16.61,8.238,90.982,99.39,0.066,365363.0,234056.0,146.0,17.332,25.198,92.188,99.272,0.134,2011960.0,218566.0,164.0,17.0,0.838,90.25,99.46,0.066,0.0,240987.0,85.0,16.977999999999998,0.632,93.166,99.178,0.066,0.0,2749090.0,130.0,16.666,1
0.102,90.982,98.802,0.066,0.0,264732.0,115.0,16.61,8.238,90.982,99.39,0.066,365363.0,234056.0,146.0,17.332,25.198,92.188,99.272,0.134,2011960.0,218566.0,164.0,17.0,0.838,90.25,99.46,0.066,0.0,240987.0,85.0,16.977999999999998,0.632,93.166,99.178,0.066,0.0,2749090.0,130.0,16.666,0.604,93.75,98.662,0.068,0.0,1135620.0,25.0,16.0,1
8.238,90.982,99.39,0.066,365363.0,234056.0,146.0,17.332,25.198,92.188,99.272,0.134,2011960.0,218566.0,164.0,17.0,0.838,90.25,99.46,0.066,0.0,240987.0,85.0,16.977999999999998,0.632,93.166,99.178,0.066,0.0,2749090.0,130.0,16.666,0.604,93.75,98.662,0.068,0.0,1135620.0,25.0,16.0,0.336,89.584,99.272,0.066,0.0,239960.0,229.0,16.662,1
25.198,92.188,99.272,0.134,2011960.0,218566.0,164.0,17.0,0.838,90.25,99.46,0.066,0.0,240987.0,85.0,16.977999999999998,0.632,93.166,99.178,0.066,0.0,2749090.0,130.0,16.666,0.604,93.75,98.662,0.068,0.0,1135620.0,25.0,16.0,0.336,89.584,99.272,0.066,0.0,239960.0,229.0,16.662,0.1,91.708,99.202,0.134,0.0,225690.0,134.0,16.715999999999998,1
0.838,90.25,99.46,0.066,0.0,240987.0,85.0,16.977999999999998,0.632,93.166,99.178,0.066,0.0,2749090.0,130.0,16.666,0.604,93.75,98.662,0.068,0.0,1135620.0,25.0,16.0,0.336,89.584,99.272,0.066,0.0,239960.0,229.0,16.662,0.1,91.708,99.202,0.134,0.0,225690.0,134.0,16.715999999999998,0.066,89.12,99.39,0.066,0.0,230157.0,115.0,16.282,1
0.632,93.166,99.178,0.066,0.0,2749090.0,130.0,16.666,0.604,93.75,98.662,0.068,0.0,1135620.0,25.0,16.0,0.336,89.584,99.272,0.066,0.0,239960.0,229.0,16.662,0.1,91.708,99.202,0.134,0.0,225690.0,134.0,16.715999999999998,0.066,89.12,99.39,0.066,0.0,230157.0,115.0,16.282,0.1,91.618,98.706,0.068,0.0,250700.0,176.0,16.002,1
0.604,93.75,98.662,0.068,0.0,1135620.0,25.0,16.0,0.336,89.584,99.272,0.066,0.0,239960.0,229.0,16.662,0.1,91.708,99.202,0.134,0.0,225690.0,134.0,16.715999999999998,0.066,89.12,99.39,0.066,0.0,230157.0,115.0,16.282,0.1,91.618,98.706,0.068,0.0,250700.0,176.0,16.002,0.132,91.266,99.246,0.066,0.0,225030.0,177.0,17.364,1
0.336,89.584,99.272,0.066,0.0,239960.0,229.0,16.662,0.1,91.708,99.202,0.134,0.0,225690.0,134.0,16.715999999999998,0.066,89.12,99.39,0.066,0.0,230157.0,115.0,16.282,0.1,91.618,98.706,0.068,0.0,250700.0,176.0,16.002,0.132,91.266,99.246,0.066,0.0,225030.0,177.0,17.364,0.1,94.084,99.132,0.136,0.0,241141.0,30.0,16.35,1
0.1,91.708,99.202,0.134,0.0,225690.0,134.0,16.715999999999998,0.066,89.12,99.39,0.066,0.0,230157.0,115.0,16.282,0.1,91.618,98.706,0.068,0.0,250700.0,176.0,16.002,0.132,91.266,99.246,0.066,0.0,225030.0,177.0,17.364,0.1,94.084,99.132,0.136,0.0,241141.0,30.0,16.35,0.066,94.5,98.944,0.068,0.0,244412.0,149.0,17.328,1
0.066,89.12,99.39,0.066,0.0,230157.0,115.0,16.282,0.1,91.618,98.706,0.068,0.0,250700.0,176.0,16.002,0.132,91.266,99.246,0.066,0.0,225030.0,177.0,17.364,0.1,94.084,99.132,0.136,0.0,241141.0,30.0,16.35,0.066,94.5,98.944,0.068,0.0,244412.0,149.0,17.328,0.264,93.708,99.436,0.068,0.0,241196.0,41.0,17.02,1
0.1,91.618,98.706,0.068,0.0,250700.0,176.0,16.002,0.132,91.266,99.246,0.066,0.0,225030.0,177.0,17.364,0.1,94.084,99.132,0.136,0.0,241141.0,30.0,16.35,0.066,94.5,98.944,0.068,0.0,244412.0,149.0,17.328,0.264,93.708,99.436,0.068,0.0,241196.0,41.0,17.02,0.54,92.708,98.648,0.068,840499.0,10957300.0,162.0,16.666,1
0.132,91.266,99.246,0.066,0.0,225030.0,177.0,17.364,0.1,94.084,99.132,0.136,0.0,241141.0,30.0,16.35,0.066,94.5,98.944,0.068,0.0,244412.0,149.0,17.328,0.264,93.708,99.436,0.068,0.0,241196.0,41.0,17.02,0.54,92.708,98.648,0.068,840499.0,10957300.0,162.0,16.666,12.202,93.662,98.756,0.066,2961410.0,240062.0,75.0,16.334,1
0.1,94.084,99.132,0.136,0.0,241141.0,30.0,16.35,0.066,94.5,98.944,0.068,0.0,244412.0,149.0,17.328,0.264,93.708,99.436,0.068,0.0,241196.0,41.0,17.02,0.54,92.708,98.648,0.068,840499.0,10957300.0,162.0,16.666,12.202,93.662,98.756,0.066,2961410.0,240062.0,75.0,16.334,0.1,91.652,99.204,0.066,0.0,232457.0,66.0,16.334,1
0.066,94.5,98.944,0.068,0.0,244412.0,149.0,17.328,0.264,93.708,99.436,0.068,0.0,241196.0,41.0,17.02,0.54,92.708,98.648,0.068,840499.0,10957300.0,162.0,16.666,12.202,93.662,98.756,0.066,2961410.0,240062.0,75.0,16.334,0.1,91.652,99.204,0.066,0.0,232457.0,66.0,16.334,0.1,93.752,99.132,0.132,3276.8,210350.0,130.0,16.348,1
0.264,93.708,99.436,0.068,0.0,241196.0,41.0,17.02,0.54,92.708,98.648,0.068,840499.0,10957300.0,162.0,16.666,12.202,93.662,98.756,0.066,2961410.0,240062.0,75.0,16.334,0.1,91.652,99.204,0.066,0.0,232457.0,66.0,16.334,0.1,93.752,99.132,0.132,3276.8,210350.0,130.0,16.348,0.1,91.076,99.296,0.066,0.0,263489.0,137.0,17.0,1
0.54,92.708,98.648,0.068,840499.0,10957300.0,162.0,16.666,12.202,93.662,98.756,0.066,2961410.0,240062.0,75.0,16.334,0.1,91.652,99.204,0.066,0.0,232457.0,66.0,16.334,0.1,93.752,99.132,0.132,3276.8,210350.0,130.0,16.348,0.1,91.076,99.296,0.066,0.0,263489.0,137.0,17.0,0.1,92.508,99.178,0.066,0.0,254378.0,207.0,17.0,1
12.202,93.662,98.756,0.066,2961410.0,240062.0,75.0,16.334,0.1,91.652,99.204,0.066,0.0,232457.0,66.0,16.334,0.1,93.752,99.132,0.132,3276.8,210350.0,130.0,16.348,0.1,91.076,99.296,0.066,0.0,263489.0,137.0,17.0,0.1,92.508,99.178,0.066,0.0,254378.0,207.0,17.0,0.1,93.64,99.508,0.068,0.0,289820.0,80.0,16.666,1
0.1,91.652,99.204,0.066,0.0,232457.0,66.0,16.334,0.1,93.752,99.132,0.132,3276.8,210350.0,130.0,16.348,0.1,91.076,99.296,0.066,0.0,263489.0,137.0,17.0,0.1,92.508,99.178,0.066,0.0,254378.0,207.0,17.0,0.1,93.64,99.508,0.068,0.0,289820.0,80.0,16.666,0.1,93.584,98.874,0.134,0.0,244490.0,225.0,15.986,1
0.1,93.752,99.132,0.132,3276.8,210350.0,130.0,16.348,0.1,91.076,99.296,0.066,0.0,263489.0,137.0,17.0,0.1,92.508,99.178,0.066,0.0,254378.0,207.0,17.0,0.1,93.64,99.508,0.068,0.0,289820.0,80.0,16.666,0.1,93.584,98.874,0.134,0.0,244490.0,225.0,15.986,10.464,92.124,98.99,0.066,611123.0,283938.0,79.0,16.664,1
0.1,91.076,99.296,0.066,0.0,263489.0,137.0,17.0,0.1,92.508,99.178,0.066,0.0,254378.0,207.0,17.0,0.1,93.64,99.508,0.068,0.0,289820.0,80.0,16.666,0.1,93.584,98.874,0.134,0.0,244490.0,225.0,15.986,10.464,92.124,98.99,0.066,611123.0,283938.0,79.0,16.664,0.1,90.166,99.108,0.066,0.0,268929.0,69.0,16.308,1
0.1,92.508,99.178,0.066,0.0,254378.0,207.0,17.0,0.1,93.64,99.508,0.068,0.0,289820.0,80.0,16.666,0.1,93.584,98.874,0.134,0.0,244490.0,225.0,15.986,10.464,92.124,98.99,0.066,611123.0,283938.0,79.0,16.664,0.1,90.166,99.108,0.066,0.0,268929.0,69.0,16.308,0.098,94.484,99.152,0.066,0.0,309114.0,84.0,16.712,1
0.1,93.64,99.508,0.068,0.0,289820.0,80.0,16.666,0.1,93.584,98.874,0.134,0.0,244490.0,225.0,15.986,10.464,92.124,98.99,0.066,611123.0,283938.0,79.0,16.664,0.1,90.166,99.108,0.066,0.0,268929.0,69.0,16.308,0.098,94.484,99.152,0.066,0.0,309114.0,84.0,16.712,0.1,92.148,99.13,0.066,0.0,319939.0,40.0,16.998,1
0.1,93.584,98.874,0.134,0.0,244490.0,225.0,15.986,10.464,92.124,98.99,0.066,611123.0,283938.0,79.0,16.664,0.1,90.166,99.108,0.066,0.0,268929.0,69.0,16.308,0.098,94.484,99.152,0.066,0.0,309114.0,84.0,16.712,0.1,92.148,99.13,0.066,0.0,319939.0,40.0,16.998,0.102,93.486,99.13,0.066,0.0,321786.0,36.0,16.954,1
10.464,92.124,98.99,0.066,611123.0,283938.0,79.0,16.664,0.1,90.166,99.108,0.066,0.0,268929.0,69.0,16.308,0.098,94.484,99.152,0.066,0.0,309114.0,84.0,16.712,0.1,92.148,99.13,0.066,0.0,319939.0,40.0,16.998,0.102,93.486,99.13,0.066,0.0,321786.0,36.0,16.954,0.102,94.56,99.554,0.134,0.0,345016.0,123.0,16.718,1
0.1,90.166,99.108,0.066,0.0,268929.0,69.0,16.308,0.098,94.484,99.152,0.066,0.0,309114.0,84.0,16.712,0.1,92.148,99.13,0.066,0.0,319939.0,40.0,16.998,0.102,93.486,99.13,0.066,0.0,321786.0,36.0,16.954,0.102,94.56,99.554,0.134,0.0,345016.0,123.0,16.718,0.1,91.458,98.286,0.068,0.0,339839.0,140.0,16.666,1
0.098,94.484,99.152,0.066,0.0,309114.0,84.0,16.712,0.1,92.148,99.13,0.066,0.0,319939.0,40.0,16.998,0.102,93.486,99.13,0.066,0.0,321786.0,36.0,16.954,0.102,94.56,99.554,0.134,0.0,345016.0,123.0,16.718,0.1,91.458,98.286,0.068,0.0,339839.0,140.0,16.666,0.1,91.0,98.286,0.066,0.0,1101060.0,45.0,16.336,1
0.1,92.148,99.13,0.066,0.0,319939.0,40.0,16.998,0.102,93.486,99.13,0.066,0.0,321786.0,36.0,16.954,0.102,94.56,99.554,0.134,0.0,345016.0,123.0,16.718,0.1,91.458,98.286,0.068,0.0,339839.0,140.0,16.666,0.1,91.0,98.286,0.066,0.0,1101060.0,45.0,16.336,0.102,91.876,99.624,0.066,0.0,372611.0,118.0,15.7,1
0.102,93.486,99.13,0.066,0.0,321786.0,36.0,16.954,0.102,94.56,99.554,0.134,0.0,345016.0,123.0,16.718,0.1,91.458,98.286,0.068,0.0,339839.0,140.0,16.666,0.1,91.0,98.286,0.066,0.0,1101060.0,45.0,16.336,0.102,91.876,99.624,0.066,0.0,372611.0,118.0,15.7,0.102,90.042,98.848,0.066,0.0,353601.0,2.0,17.0,1
0.102,94.56,99.554,0.134,0.0,345016.0,123.0,16.718,0.1,91.458,98.286,0.068,0.0,339839.0,140.0,16.666,0.1,91.0,98.286,0.066,0.0,1101060.0,45.0,16.336,0.102,91.876,99.624,0.066,0.0,372611.0,118.0,15.7,0.102,90.042,98.848,0.066,0.0,353601.0,2.0,17.0,0.068,93.626,98.886,0.132,0.0,354904.0,94.0,16.332,1
0.1,91.458,98.286,0.068,0.0,339839.0,140.0,16.666,0.1,91.0,98.286,0.066,0.0,1101060.0,45.0,16.336,0.102,91.876,99.624,0.066,0.0,372611.0,118.0,15.7,0.102,90.042,98.848,0.066,0.0,353601.0,2.0,17.0,0.068,93.626,98.886,0.132,0.0,354904.0,94.0,16.332,0.098,93.666,98.626,0.066,0.0,356842.0,32.0,16.666,1
0.1,91.0,98.286,0.066,0.0,1101060.0,45.0,16.336,0.102,91.876,99.624,0.066,0.0,372611.0,118.0,15.7,0.102,90.042,98.848,0.066,0.0,353601.0,2.0,17.0,0.068,93.626,98.886,0.132,0.0,354904.0,94.0,16.332,0.098,93.666,98.626,0.066,0.0,356842.0,32.0,16.666,0.102,95.166,98.826,0.068,0.0,391917.0,135.0,16.332,1
0.102,91.876,99.624,0.066,0.0,372611.0,118.0,15.7,0.102,90.042,98.848,0.066,0.0,353601.0,2.0,17.0,0.068,93.626,98.886,0.132,0.0,354904.0,94.0,16.332,0.098,93.666,98.626,0.066,0.0,356842.0,32.0,16.666,0.102,95.166,98.826,0.068,0.0,391917.0,135.0,16.332,0.102,92.59,98.334,0.066,0.0,400827.0,74.0,16.998,1
0.102,90.042,98.848,0.066,0.0,353601.0,2.0,17.0,0.068,93.626,98.886,0.132,0.0,354904.0,94.0,16.332,0.098,93.666,98.626,0.066,0.0,356842.0,32.0,16.666,0.102,95.166,98.826,0.068,0.0,391917.0,135.0,16.332,0.102,92.59,98.334,0.066,0.0,400827.0,74.0,16.998,9.684,94.042,99.038,0.134,1410660.0,341441.0,42.0,16.0,1
0.068,93.626,98.886,0.132,0.0,354904.0,94.0,16.332,0.098,93.666,98.626,0.066,0.0,356842.0,32.0,16.666,0.102,95.166,98.826,0.068,0.0,391917.0,135.0,16.332,0.102,92.59,98.334,0.066,0.0,400827.0,74.0,16.998,9.684,94.042,99.038,0.134,1410660.0,341441.0,42.0,16.0,0.102,87.708,99.226,0.066,0.0,281316.0,50.0,17.0,1
0.098,93.666,98.626,0.066,0.0,356842.0,32.0,16.666,0.102,95.166,98.826,0.068,0.0,391917.0,135.0,16.332,0.102,92.59,98.334,0.066,0.0,400827.0,74.0,16.998,9.684,94.042,99.038,0.134,1410660.0,341441.0,42.0,16.0,0.102,87.708,99.226,0.066,0.0,281316.0,50.0,17.0,0.1,92.782,99.436,0.068,13926.4,288950.0,131.0,16.334,1
0.102,95.166,98.826,0.068,0.0,391917.0,135.0,16.332,0.102,92.59,98.334,0.066,0.0,400827.0,74.0,16.998,9.684,94.042,99.038,0.134,1410660.0,341441.0,42.0,16.0,0.102,87.708,99.226,0.066,0.0,281316.0,50.0,17.0,0.1,92.782,99.436,0.068,13926.4,288950.0,131.0,16.334,16.724,91.514,99.32,0.066,2282290.0,282041.0,98.0,17.317999999999998,1
0.102,92.59,98.334,0.066,0.0,400827.0,74.0,16.998,9.684,94.042,99.038,0.134,1410660.0,341441.0,42.0,16.0,0.102,87.708,99.226,0.066,0.0,281316.0,50.0,17.0,0.1,92.782,99.436,0.068,13926.4,288950.0,131.0,16.334,16.724,91.514,99.32,0.066,2282290.0,282041.0,98.0,17.317999999999998,97.324,88.834,99.504,0.068,107172000.0,325864.0,74.0,16.998,1
9.684,94.042,99.038,0.134,1410660.0,341441.0,42.0,16.0,0.102,87.708,99.226,0.066,0.0,281316.0,50.0,17.0,0.1,92.782,99.436,0.068,13926.4,288950.0,131.0,16.334,16.724,91.514,99.32,0.066,2282290.0,282041.0,98.0,17.317999999999998,97.324,88.834,99.504,0.068,107172000.0,325864.0,74.0,16.998,92.276,90.964,99.624,0.134,47737200.0,330408.0,28.0,16.668,1
0.102,87.708,99.226,0.066,0.0,281316.0,50.0,17.0,0.1,92.782,99.436,0.068,13926.4,288950.0,131.0,16.334,16.724,91.514,99.32,0.066,2282290.0,282041.0,98.0,17.317999999999998,97.324,88.834,99.504,0.068,107172000.0,325864.0,74.0,16.998,92.276,90.964,99.624,0.134,47737200.0,330408.0,28.0,16.668,73.64,91.084,98.756,0.068,573635000.0,359371.0,34.0,16.666,1
0.1,92.782,99.436,0.068,13926.4,288950.0,131.0,16.334,16.724,91.514,99.32,0.066,2282290.0,282041.0,98.0,17.317999999999998,97.324,88.834,99.504,0.068,107172000.0,325864.0,74.0,16.998,92.276,90.964,99.624,0.134,47737200.0,330408.0,28.0,16.668,73.64,91.084,98.756,0.068,573635000.0,359371.0,34.0,16.666,93.44,90.158,99.32,0.066,86393600.0,351401.0,6.0,16.334,1
16.724,91.514,99.32,0.066,2282290.0,282041.0,98.0,17.317999999999998,97.324,88.834,99.504,0.068,107172000.0,325864.0,74.0,16.998,92.276,90.964,99.624,0.134,47737200.0,330408.0,28.0,16.668,73.64,91.084,98.756,0.068,573635000.0,359371.0,34.0,16.666,93.44,90.158,99.32,0.066,86393600.0,351401.0,6.0,16.334,99.77,88.958,99.414,0.068,0.0,368227.0,52.0,16.284000000000002,1
97.324,88.834,99.504,0.068,107172000.0,325864.0,74.0,16.998,92.276,90.964,99.624,0.134,47737200.0,330408.0,28.0,16.668,73.64,91.084,98.756,0.068,573635000.0,359371.0,34.0,16.666,93.44,90.158,99.32,0.066,86393600.0,351401.0,6.0,16.334,99.77,88.958,99.414,0.068,0.0,368227.0,52.0,16.284000000000002,86.022,91.896,98.544,0.134,121614000.0,371846.0,84.0,17.0,1
92.276,90.964,99.624,0.134,47737200.0,330408.0,28.0,16.668,73.64,91.084,98.756,0.068,573635000.0,359371.0,34.0,16.666,93.44,90.158,99.32,0.066,86393600.0,351401.0,6.0,16.334,99.77,88.958,99.414,0.068,0.0,368227.0,52.0,16.284000000000002,86.022,91.896,98.544,0.134,121614000.0,371846.0,84.0,17.0,29.936,92.916,99.672,0.066,1293520.0,378316.0,87.0,16.894000000000002,1
73.64,91.084,98.756,0.068,573635000.0,359371.0,34.0,16.666,93.44,90.158,99.32,0.066,86393600.0,351401.0,6.0,16.334,99.77,88.958,99.414,0.068,0.0,368227.0,52.0,16.284000000000002,86.022,91.896,98.544,0.134,121614000.0,371846.0,84.0,17.0,29.936,92.916,99.672,0.066,1293520.0,378316.0,87.0,16.894000000000002,0.102,91.348,99.112,0.068,0.0,364380.0,66.0,17.332,1
93.44,90.158,99.32,0.066,86393600.0,351401.0,6.0,16.334,99.77,88.958,99.414,0.068,0.0,368227.0,52.0,16.284000000000002,86.022,91.896,98.544,0.134,121614000.0,371846.0,84.0,17.0,29.936,92.916,99.672,0.066,1293520.0,378316.0,87.0,16.894000000000002,0.102,91.348,99.112,0.068,0.0,364380.0,66.0,17.332,0.102,92.75,97.982,0.066,0.0,375114.0,225.0,16.372,1
99.77,88.958,99.414,0.068,0.0,368227.0,52.0,16.284000000000002,86.022,91.896,98.544,0.134,121614000.0,371846.0,84.0,17.0,29.936,92.916,99.672,0.066,1293520.0,378316.0,87.0,16.894000000000002,0.102,91.348,99.112,0.068,0.0,364380.0,66.0,17.332,0.102,92.75,97.982,0.066,0.0,375114.0,225.0,16.372,0.102,93.704,98.522,0.066,0.0,358873.0,57.0,17.278,1
86.022,91.896,98.544,0.134,121614000.0,371846.0,84.0,17.0,29.936,92.916,99.672,0.066,1293520.0,378316.0,87.0,16.894000000000002,0.102,91.348,99.112,0.068,0.0,364380.0,66.0,17.332,0.102,92.75,97.982,0.066,0.0,375114.0,225.0,16.372,0.102,93.704,98.522,0.066,0.0,358873.0,57.0,17.278,0.102,93.292,98.31,0.068,0.0,375881.0,73.0,16.372,1
29.936,92.916,99.672,0.066,1293520.0,378316.0,87.0,16.894000000000002,0.102,91.348,99.112,0.068,0.0,364380.0,66.0,17.332,0.102,92.75,97.982,0.066,0.0,375114.0,225.0,16.372,0.102,93.704,98.522,0.066,0.0,358873.0,57.0,17.278,0.102,93.292,98.31,0.068,0.0,375881.0,73.0,16.372,0.102,93.916,98.334,0.132,0.0,400415.0,113.0,16.284000000000002,1
0.102,91.348,99.112,0.068,0.0,364380.0,66.0,17.332,0.102,92.75,97.982,0.066,0.0,375114.0,225.0,16.372,0.102,93.704,98.522,0.066,0.0,358873.0,57.0,17.278,0.102,93.292,98.31,0.068,0.0,375881.0,73.0,16.372,0.102,93.916,98.334,0.132,0.0,400415.0,113.0,16.284000000000002,0.102,92.126,99.53,0.066,0.0,363196.0,8.0,16.372,1
0.102,92.75,97.982,0.066,0.0,375114.0,225.0,16.372,0.102,93.704,98.522,0.066,0.0,358873.0,57.0,17.278,0.102,93.292,98.31,0.068,0.0,375881.0,73.0,16.372,0.102,93.916,98.334,0.132,0.0,400415.0,113.0,16.284000000000002,0.102,92.126,99.53,0.066,0.0,363196.0,8.0,16.372,0.102,93.084,99.438,0.066,0.0,386958.0,40.0,16.668,1
0.102,93.704,98.522,0.066,0.0,358873.0,57.0,17.278,0.102,93.292,98.31,0.068,0.0,375881.0,73.0,16.372,0.102,93.916,98.334,0.132,0.0,400415.0,113.0,16.284000000000002,0.102,92.126,99.53,0.066,0.0,363196.0,8.0,16.372,0.102,93.084,99.438,0.066,0.0,386958.0,40.0,16.668,0.068,93.454,99.202,0.066,0.0,350540.0,65.0,16.666,1
0.102,93.292,98.31,0.068,0.0,375881.0,73.0,16.372,0.102,93.916,98.334,0.132,0.0,400415.0,113.0,16.284000000000002,0.102,92.126,99.53,0.066,0.0,363196.0,8.0,16.372,0.102,93.084,99.438,0.066,0.0,386958.0,40.0,16.668,0.068,93.454,99.202,0.066,0.0,350540.0,65.0,16.666,34.9,91.292,98.592,0.066,7280230.0,381934.0,10.0,15.99,1
0.102,93.916,98.334,0.132,0.0,400415.0,113.0,16.284000000000002,0.102,92.126,99.53,0.066,0.0,363196.0,8.0,16.372,0.102,93.084,99.438,0.066,0.0,386958.0,40.0,16.668,0.068,93.454,99.202,0.066,0.0,350540.0,65.0,16.666,34.9,91.292,98.592,0.066,7280230.0,381934.0,10.0,15.99,96.904,94.25,99.088,0.134,106930000.0,367745.0,32.0,16.706,1
0.102,92.126,99.53,0.066,0.0,363196.0,8.0,16.372,0.102,93.084,99.438,0.066,0.0,386958.0,40.0,16.668,0.068,93.454,99.202,0.066,0.0,350540.0,65.0,16.666,34.9,91.292,98.592,0.066,7280230.0,381934.0,10.0,15.99,96.904,94.25,99.088,0.134,106930000.0,367745.0,32.0,16.706,11.674,91.542,99.32,0.066,14445800.0,401917.0,37.0,16.622,1
0.102,93.084,99.438,0.066,0.0,386958.0,40.0,16.668,0.068,93.454,99.202,0.066,0.0,350540.0,65.0,16.666,34.9,91.292,98.592,0.066,7280230.0,381934.0,10.0,15.99,96.904,94.25,99.088,0.134,106930000.0,367745.0,32.0,16.706,11.674,91.542,99.32,0.066,14445800.0,401917.0,37.0,16.622,0.102,93.292,99.156,0.066,0.0,392489.0,14.0,16.666,1
0.068,93.454,99.202,0.066,0.0,350540.0,65.0,16.666,34.9,91.292,98.592,0.066,7280230.0,381934.0,10.0,15.99,96.904,94.25,99.088,0.134,106930000.0,367745.0,32.0,16.706,11.674,91.542,99.32,0.066,14445800.0,401917.0,37.0,16.622,0.102,93.292,99.156,0.066,0.0,392489.0,14.0,16.666,0.102,92.63,99.248,0.068,0.0,380059.0,38.0,16.998,1
34.9,91.292,98.592,0.066,7280230.0,381934.0,10.0,15.99,96.904,94.25,99.088,0.134,106930000.0,367745.0,32.0,16.706,11.674,91.542,99.32,0.066,14445800.0,401917.0,37.0,16.622,0.102,93.292,99.156,0.066,0.0,392489.0,14.0,16.666,0.102,92.63,99.248,0.068,0.0,380059.0,38.0,16.998,0.068,94.392,99.578,0.132,0.0,394509.0,117.0,16.0,1
96.904,94.25,99.088,0.134,106930000.0,367745.0,32.0,16.706,11.674,91.542,99.32,0.066,14445800.0,401917.0,37.0,16.622,0.102,93.292,99.156,0.066,0.0,392489.0,14.0,16.666,0.102,92.63,99.248,0.068,0.0,380059.0,38.0,16.998,0.068,94.392,99.578,0.132,0.0,394509.0,117.0,16.0,0.102,90.292,98.616,0.066,0.0,367190.0,13.0,17.668,1
11.674,91.542,99.32,0.066,14445800.0,401917.0,37.0,16.622,0.102,93.292,99.156,0.066,0.0,392489.0,14.0,16.666,0.102,92.63,99.248,0.068,0.0,380059.0,38.0,16.998,0.068,94.392,99.578,0.132,0.0,394509.0,117.0,16.0,0.102,90.292,98.616,0.066,0.0,367190.0,13.0,17.668,0.102,94.292,97.724,0.066,0.0,423591.0,53.0,16.72,1
0.102,93.292,99.156,0.066,0.0,392489.0,14.0,16.666,0.102,92.63,99.248,0.068,0.0,380059.0,38.0,16.998,0.068,94.392,99.578,0.132,0.0,394509.0,117.0,16.0,0.102,90.292,98.616,0.066,0.0,367190.0,13.0,17.668,0.102,94.292,97.724,0.066,0.0,423591.0,53.0,16.72,0.1,93.57,98.78,0.066,0.0,373295.0,16.0,16.668,1
0.102,92.63,99.248,0.068,0.0,380059.0,38.0,16.998,0.068,94.392,99.578,0.132,0.0,394509.0,117.0,16.0,0.102,90.292,98.616,0.066,0.0,367190.0,13.0,17.668,0.102,94.292,97.724,0.066,0.0,423591.0,53.0,16.72,0.1,93.57,98.78,0.066,0.0,373295.0,16.0,16.668,0.068,91.876,98.404,0.066,0.0,396618.0,111.0,16.668,1
0.068,94.392,99.578,0.132,0.0,394509.0,117.0,16.0,0.102,90.292,98.616,0.066,0.0,367190.0,13.0,17.668,0.102,94.292,97.724,0.066,0.0,423591.0,53.0,16.72,0.1,93.57,98.78,0.066,0.0,373295.0,16.0,16.668,0.068,91.876,98.404,0.066,0.0,396618.0,111.0,16.668,0.102,91.376,99.6,0.134,0.0,388276.0,102.0,17.332,1
0.102,90.292,98.616,0.066,0.0,367190.0,13.0,17.668,0.102,94.292,97.724,0.066,0.0,423591.0,53.0,16.72,0.1,93.57,98.78,0.066,0.0,373295.0,16.0,16.668,0.068,91.876,98.404,0.066,0.0,396618.0,111.0,16.668,0.102,91.376,99.6,0.134,0.0,388276.0,102.0,17.332,0.1,92.658,99.036,0.066,0.0,417161.0,69.0,16.666,1
0.102,94.292,97.724,0.066,0.0,423591.0,53.0,16.72,0.1,93.57,98.78,0.066,0.0,373295.0,16.0,16.668,0.068,91.876,98.404,0.066,0.0,396618.0,111.0,16.668,0.102,91.376,99.6,0.134,0.0,388276.0,102.0,17.332,0.1,92.658,99.036,0.066,0.0,417161.0,69.0,16.666,0.068,90.666,99.672,0.066,0.0,375992.0,55.0,16.99,1
0.1,93.57,98.78,0.066,0.0,373295.0,16.0,16.668,0.068,91.876,98.404,0.066,0.0,396618.0,111.0,16.668,0.102,91.376,99.6,0.134,0.0,388276.0,102.0,17.332,0.1,92.658,99.036,0.066,0.0,417161.0,69.0,16.666,0.068,90.666,99.672,0.066,0.0,375992.0,55.0,16.99,0.102,92.5,99.624,0.066,0.0,394688.0,84.0,16.332,1
0.068,91.876,98.404,0.066,0.0,396618.0,111.0,16.668,0.102,91.376,99.6,0.134,0.0,388276.0,102.0,17.332,0.1,92.658,99.036,0.066,0.0,417161.0,69.0,16.666,0.068,90.666,99.672,0.066,0.0,375992.0,55.0,16.99,0.102,92.5,99.624,0.066,0.0,394688.0,84.0,16.332,0.102,92.042,99.39,0.068,0.0,389754.0,55.0,16.336,1
0.102,91.376,99.6,0.134,0.0,388276.0,102.0,17.332,0.1,92.658,99.036,0.066,0.0,417161.0,69.0,16.666,0.068,90.666,99.672,0.066,0.0,375992.0,55.0,16.99,0.102,92.5,99.624,0.066,0.0,394688.0,84.0,16.332,0.102,92.042,99.39,0.068,0.0,389754.0,55.0,16.336,0.102,92.5,99.014,0.132,0.0,400523.0,42.0,16.38,1
0.1,92.658,99.036,0.066,0.0,417161.0,69.0,16.666,0.068,90.666,99.672,0.066,0.0,375992.0,55.0,16.99,0.102,92.5,99.624,0.066,0.0,394688.0,84.0,16.332,0.102,92.042,99.39,0.068,0.0,389754.0,55.0,16.336,0.102,92.5,99.014,0.132,0.0,400523.0,42.0,16.38,0.068,93.208,99.178,0.068,0.0,365174.0,6.0,16.95,1
0.068,90.666,99.672,0.066,0.0,375992.0,55.0,16.99,0.102,92.5,99.624,0.066,0.0,394688.0,84.0,16.332,0.102,92.042,99.39,0.068,0.0,389754.0,55.0,16.336,0.102,92.5,99.014,0.132,0.0,400523.0,42.0,16.38,0.068,93.208,99.178,0.068,0.0,365174.0,6.0,16.95,0.098,95.34,99.176,0.066,0.0,401819.0,32.0,16.334,1
0.102,92.5,99.624,0.066,0.0,394688.0,84.0,16.332,0.102,92.042,99.39,0.068,0.0,389754.0,55.0,16.336,0.102,92.5,99.014,0.132,0.0,400523.0,42.0,16.38,0.068,93.208,99.178,0.068,0.0,365174.0,6.0,16.95,0.098,95.34,99.176,0.066,0.0,401819.0,32.0,16.334,0.102,93.962,99.038,0.066,0.0,385163.0,111.0,16.684,1
0.102,92.042,99.39,0.068,0.0,389754.0,55.0,16.336,0.102,92.5,99.014,0.132,0.0,400523.0,42.0,16.38,0.068,93.208,99.178,0.068,0.0,365174.0,6.0,16.95,0.098,95.34,99.176,0.066,0.0,401819.0,32.0,16.334,0.102,93.962,99.038,0.066,0.0,385163.0,111.0,16.684,0.1,93.558,98.732,0.066,0.0,396115.0,77.0,17.332,1
0.102,92.5,99.014,0.132,0.0,400523.0,42.0,16.38,0.068,93.208,99.178,0.068,0.0,365174.0,6.0,16.95,0.098,95.34,99.176,0.066,0.0,401819.0,32.0,16.334,0.102,93.962,99.038,0.066,0.0,385163.0,111.0,16.684,0.1,93.558,98.732,0.066,0.0,396115.0,77.0,17.332,98.514,90.082,98.6,0.132,108741000.0,389117.0,162.0,16.666,1
0.068,93.208,99.178,0.068,0.0,365174.0,6.0,16.95,0.098,95.34,99.176,0.066,0.0,401819.0,32.0,16.334,0.102,93.962,99.038,0.066,0.0,385163.0,111.0,16.684,0.1,93.558,98.732,0.066,0.0,396115.0,77.0,17.332,98.514,90.082,98.6,0.132,108741000.0,389117.0,162.0,16.666,92.204,90.344,99.084,0.068,43205400.0,380155.0,119.0,17.0,1
0.098,95.34,99.176,0.066,0.0,401819.0,32.0,16.334,0.102,93.962,99.038,0.066,0.0,385163.0,111.0,16.684,0.1,93.558,98.732,0.066,0.0,396115.0,77.0,17.332,98.514,90.082,98.6,0.132,108741000.0,389117.0,162.0,16.666,92.204,90.344,99.084,0.068,43205400.0,380155.0,119.0,17.0,79.266,92.506,99.364,0.066,544864000.0,397420.0,75.0,16.944000000000006,1
0.102,93.962,99.038,0.066,0.0,385163.0,111.0,16.684,0.1,93.558,98.732,0.066,0.0,396115.0,77.0,17.332,98.514,90.082,98.6,0.132,108741000.0,389117.0,162.0,16.666,92.204,90.344,99.084,0.068,43205400.0,380155.0,119.0,17.0,79.266,92.506,99.364,0.066,544864000.0,397420.0,75.0,16.944000000000006,91.234,90.894,99.248,0.066,120200000.0,377955.0,34.0,16.378,1
0.1,93.558,98.732,0.066,0.0,396115.0,77.0,17.332,98.514,90.082,98.6,0.132,108741000.0,389117.0,162.0,16.666,92.204,90.344,99.084,0.068,43205400.0,380155.0,119.0,17.0,79.266,92.506,99.364,0.066,544864000.0,397420.0,75.0,16.944000000000006,91.234,90.894,99.248,0.066,120200000.0,377955.0,34.0,16.378,99.336,91.416,99.32,0.066,0.0,310622.0,49.0,16.652,1
98.514,90.082,98.6,0.132,108741000.0,389117.0,162.0,16.666,92.204,90.344,99.084,0.068,43205400.0,380155.0,119.0,17.0,79.266,92.506,99.364,0.066,544864000.0,397420.0,75.0,16.944000000000006,91.234,90.894,99.248,0.066,120200000.0,377955.0,34.0,16.378,99.336,91.416,99.32,0.066,0.0,310622.0,49.0,16.652,87.91,90.374,99.486,0.132,120816000.0,222955.0,108.0,17.0,1
92.204,90.344,99.084,0.068,43205400.0,380155.0,119.0,17.0,79.266,92.506,99.364,0.066,544864000.0,397420.0,75.0,16.944000000000006,91.234,90.894,99.248,0.066,120200000.0,377955.0,34.0,16.378,99.336,91.416,99.32,0.066,0.0,310622.0,49.0,16.652,87.91,90.374,99.486,0.132,120816000.0,222955.0,108.0,17.0,38.166,92.166,98.756,0.066,1664610.0,240275.0,13.0,15.668,1
79.266,92.506,99.364,0.066,544864000.0,397420.0,75.0,16.944000000000006,91.234,90.894,99.248,0.066,120200000.0,377955.0,34.0,16.378,99.336,91.416,99.32,0.066,0.0,310622.0,49.0,16.652,87.91,90.374,99.486,0.132,120816000.0,222955.0,108.0,17.0,38.166,92.166,98.756,0.066,1664610.0,240275.0,13.0,15.668,0.102,91.632,98.99,0.066,0.0,228489.0,258.0,17.0,1
91.234,90.894,99.248,0.066,120200000.0,377955.0,34.0,16.378,99.336,91.416,99.32,0.066,0.0,310622.0,49.0,16.652,87.91,90.374,99.486,0.132,120816000.0,222955.0,108.0,17.0,38.166,92.166,98.756,0.066,1664610.0,240275.0,13.0,15.668,0.102,91.632,98.99,0.066,0.0,228489.0,258.0,17.0,0.102,92.416,99.552,0.134,0.0,235400.0,97.0,16.334,1
99.336,91.416,99.32,0.066,0.0,310622.0,49.0,16.652,87.91,90.374,99.486,0.132,120816000.0,222955.0,108.0,17.0,38.166,92.166,98.756,0.066,1664610.0,240275.0,13.0,15.668,0.102,91.632,98.99,0.066,0.0,228489.0,258.0,17.0,0.102,92.416,99.552,0.134,0.0,235400.0,97.0,16.334,0.1,98.292,99.014,0.068,0.0,251191.0,113.0,17.33,1
87.91,90.374,99.486,0.132,120816000.0,222955.0,108.0,17.0,38.166,92.166,98.756,0.066,1664610.0,240275.0,13.0,15.668,0.102,91.632,98.99,0.066,0.0,228489.0,258.0,17.0,0.102,92.416,99.552,0.134,0.0,235400.0,97.0,16.334,0.1,98.292,99.014,0.068,0.0,251191.0,113.0,17.33,0.066,92.124,98.544,0.068,0.0,233335.0,86.0,16.666,1
38.166,92.166,98.756,0.066,1664610.0,240275.0,13.0,15.668,0.102,91.632,98.99,0.066,0.0,228489.0,258.0,17.0,0.102,92.416,99.552,0.134,0.0,235400.0,97.0,16.334,0.1,98.292,99.014,0.068,0.0,251191.0,113.0,17.33,0.066,92.124,98.544,0.068,0.0,233335.0,86.0,16.666,0.102,91.416,99.53,1.38,0.0,223889.0,65.0,17.334,1
0.102,91.632,98.99,0.066,0.0,228489.0,258.0,17.0,0.102,92.416,99.552,0.134,0.0,235400.0,97.0,16.334,0.1,98.292,99.014,0.068,0.0,251191.0,113.0,17.33,0.066,92.124,98.544,0.068,0.0,233335.0,86.0,16.666,0.102,91.416,99.53,1.38,0.0,223889.0,65.0,17.334,0.1,91.458,99.296,0.134,0.0,196124.0,127.0,16.324,1
0.102,92.416,99.552,0.134,0.0,235400.0,97.0,16.334,0.1,98.292,99.014,0.068,0.0,251191.0,113.0,17.33,0.066,92.124,98.544,0.068,0.0,233335.0,86.0,16.666,0.102,91.416,99.53,1.38,0.0,223889.0,65.0,17.334,0.1,91.458,99.296,0.134,0.0,196124.0,127.0,16.324,0.102,58.462,98.92,0.066,0.0,64837.6,154.0,17.05,1
0.1,98.292,99.014,0.068,0.0,251191.0,113.0,17.33,0.066,92.124,98.544,0.068,0.0,233335.0,86.0,16.666,0.102,91.416,99.53,1.38,0.0,223889.0,65.0,17.334,0.1,91.458,99.296,0.134,0.0,196124.0,127.0,16.324,0.102,58.462,98.92,0.066,0.0,64837.6,154.0,17.05,9.252,24.432,99.206,0.066,949453.0,59552.0,4.0,16.284000000000002,1
0.066,92.124,98.544,0.068,0.0,233335.0,86.0,16.666,0.102,91.416,99.53,1.38,0.0,223889.0,65.0,17.334,0.1,91.458,99.296,0.134,0.0,196124.0,127.0,16.324,0.102,58.462,98.92,0.066,0.0,64837.6,154.0,17.05,9.252,24.432,99.206,0.066,949453.0,59552.0,4.0,16.284000000000002,97.332,24.624,98.896,0.066,108462000.0,75583.4,137.0,16.666,1
0.102,91.416,99.53,1.38,0.0,223889.0,65.0,17.334,0.1,91.458,99.296,0.134,0.0,196124.0,127.0,16.324,0.102,58.462,98.92,0.066,0.0,64837.6,154.0,17.05,9.252,24.432,99.206,0.066,949453.0,59552.0,4.0,16.284000000000002,97.332,24.624,98.896,0.066,108462000.0,75583.4,137.0,16.666,88.698,23.994,98.772,0.066,42908900.0,50648.2,33.0,16.0,1
0.1,91.458,99.296,0.134,0.0,196124.0,127.0,16.324,0.102,58.462,98.92,0.066,0.0,64837.6,154.0,17.05,9.252,24.432,99.206,0.066,949453.0,59552.0,4.0,16.284000000000002,97.332,24.624,98.896,0.066,108462000.0,75583.4,137.0,16.666,88.698,23.994,98.772,0.066,42908900.0,50648.2,33.0,16.0,78.074,24.292,99.41,0.134,551724000.0,68888.6,15.0,16.332,1
0.102,58.462,98.92,0.066,0.0,64837.6,154.0,17.05,9.252,24.432,99.206,0.066,949453.0,59552.0,4.0,16.284000000000002,97.332,24.624,98.896,0.066,108462000.0,75583.4,137.0,16.666,88.698,23.994,98.772,0.066,42908900.0,50648.2,33.0,16.0,78.074,24.292,99.41,0.134,551724000.0,68888.6,15.0,16.332,92.134,25.208,99.39,0.066,113027000.0,63256.8,14.0,16.317999999999998,1
9.252,24.432,99.206,0.066,949453.0,59552.0,4.0,16.284000000000002,97.332,24.624,98.896,0.066,108462000.0,75583.4,137.0,16.666,88.698,23.994,98.772,0.066,42908900.0,50648.2,33.0,16.0,78.074,24.292,99.41,0.134,551724000.0,68888.6,15.0,16.332,92.134,25.208,99.39,0.066,113027000.0,63256.8,14.0,16.317999999999998,99.834,24.542,98.896,0.068,0.0,56208.6,29.0,17.666,1
97.332,24.624,98.896,0.066,108462000.0,75583.4,137.0,16.666,88.698,23.994,98.772,0.066,42908900.0,50648.2,33.0,16.0,78.074,24.292,99.41,0.134,551724000.0,68888.6,15.0,16.332,92.134,25.208,99.39,0.066,113027000.0,63256.8,14.0,16.317999999999998,99.834,24.542,98.896,0.068,0.0,56208.6,29.0,17.666,87.406,18.7225,99.014,0.066,120920000.0,99026.5,4.0,15.664,1
88.698,23.994,98.772,0.066,42908900.0,50648.2,33.0,16.0,78.074,24.292,99.41,0.134,551724000.0,68888.6,15.0,16.332,92.134,25.208,99.39,0.066,113027000.0,63256.8,14.0,16.317999999999998,99.834,24.542,98.896,0.068,0.0,56208.6,29.0,17.666,87.406,18.7225,99.014,0.066,120920000.0,99026.5,4.0,15.664,37.734,35.93199999999999,99.342,0.134,1685090.0,90698.6,3.0,16.332,1
78.074,24.292,99.41,0.134,551724000.0,68888.6,15.0,16.332,92.134,25.208,99.39,0.066,113027000.0,63256.8,14.0,16.317999999999998,99.834,24.542,98.896,0.068,0.0,56208.6,29.0,17.666,87.406,18.7225,99.014,0.066,120920000.0,99026.5,4.0,15.664,37.734,35.93199999999999,99.342,0.134,1685090.0,90698.6,3.0,16.332,0.102,24.638,99.106,0.068,0.0,96987.0,24.0,16.334,1
92.134,25.208,99.39,0.066,113027000.0,63256.8,14.0,16.317999999999998,99.834,24.542,98.896,0.068,0.0,56208.6,29.0,17.666,87.406,18.7225,99.014,0.066,120920000.0,99026.5,4.0,15.664,37.734,35.93199999999999,99.342,0.134,1685090.0,90698.6,3.0,16.332,0.102,24.638,99.106,0.068,0.0,96987.0,24.0,16.334,0.102,23.59,99.162,0.068,0.0,95292.0,25.0,15.998,1
99.834,24.542,98.896,0.068,0.0,56208.6,29.0,17.666,87.406,18.7225,99.014,0.066,120920000.0,99026.5,4.0,15.664,37.734,35.93199999999999,99.342,0.134,1685090.0,90698.6,3.0,16.332,0.102,24.638,99.106,0.068,0.0,96987.0,24.0,16.334,0.102,23.59,99.162,0.068,0.0,95292.0,25.0,15.998,0.068,24.608,99.108,0.066,0.0,120918.0,64.0,15.672,1
87.406,18.7225,99.014,0.066,120920000.0,99026.5,4.0,15.664,37.734,35.93199999999999,99.342,0.134,1685090.0,90698.6,3.0,16.332,0.102,24.638,99.106,0.068,0.0,96987.0,24.0,16.334,0.102,23.59,99.162,0.068,0.0,95292.0,25.0,15.998,0.068,24.608,99.108,0.066,0.0,120918.0,64.0,15.672,0.102,24.204,99.132,0.066,0.0,101699.0,6.0,16.666,1
37.734,35.93199999999999,99.342,0.134,1685090.0,90698.6,3.0,16.332,0.102,24.638,99.106,0.068,0.0,96987.0,24.0,16.334,0.102,23.59,99.162,0.068,0.0,95292.0,25.0,15.998,0.068,24.608,99.108,0.066,0.0,120918.0,64.0,15.672,0.102,24.204,99.132,0.066,0.0,101699.0,6.0,16.666,81.066,24.294,98.85,0.066,63624800.0,117616.0,6.0,16.0,1
0.102,24.638,99.106,0.068,0.0,96987.0,24.0,16.334,0.102,23.59,99.162,0.068,0.0,95292.0,25.0,15.998,0.068,24.608,99.108,0.066,0.0,120918.0,64.0,15.672,0.102,24.204,99.132,0.066,0.0,101699.0,6.0,16.666,81.066,24.294,98.85,0.066,63624800.0,117616.0,6.0,16.0,98.666,24.82,98.732,0.2019999999999999,69441100.0,129903.0,207.0,16.668,1
0.102,23.59,99.162,0.068,0.0,95292.0,25.0,15.998,0.068,24.608,99.108,0.066,0.0,120918.0,64.0,15.672,0.102,24.204,99.132,0.066,0.0,101699.0,6.0,16.666,81.066,24.294,98.85,0.066,63624800.0,117616.0,6.0,16.0,98.666,24.82,98.732,0.2019999999999999,69441100.0,129903.0,207.0,16.668,73.832,24.584,99.014,0.066,417223000.0,107019.0,179.0,15.684,1
0.068,24.608,99.108,0.066,0.0,120918.0,64.0,15.672,0.102,24.204,99.132,0.066,0.0,101699.0,6.0,16.666,81.066,24.294,98.85,0.066,63624800.0,117616.0,6.0,16.0,98.666,24.82,98.732,0.2019999999999999,69441100.0,129903.0,207.0,16.668,73.832,24.584,99.014,0.066,417223000.0,107019.0,179.0,15.684,91.502,24.584,98.924,0.066,266528000.0,154579.0,126.0,16.666,1
0.102,24.204,99.132,0.066,0.0,101699.0,6.0,16.666,81.066,24.294,98.85,0.066,63624800.0,117616.0,6.0,16.0,98.666,24.82,98.732,0.2019999999999999,69441100.0,129903.0,207.0,16.668,73.832,24.584,99.014,0.066,417223000.0,107019.0,179.0,15.684,91.502,24.584,98.924,0.066,266528000.0,154579.0,126.0,16.666,99.734,25.376,99.038,0.066,0.0,172585.0,15.0,17.648,1
81.066,24.294,98.85,0.066,63624800.0,117616.0,6.0,16.0,98.666,24.82,98.732,0.2019999999999999,69441100.0,129903.0,207.0,16.668,73.832,24.584,99.014,0.066,417223000.0,107019.0,179.0,15.684,91.502,24.584,98.924,0.066,266528000.0,154579.0,126.0,16.666,99.734,25.376,99.038,0.066,0.0,172585.0,15.0,17.648,89.22200000000002,25.124,99.038,0.136,119294000.0,183661.0,97.0,16.666,1
98.666,24.82,98.732,0.2019999999999999,69441100.0,129903.0,207.0,16.668,73.832,24.584,99.014,0.066,417223000.0,107019.0,179.0,15.684,91.502,24.584,98.924,0.066,266528000.0,154579.0,126.0,16.666,99.734,25.376,99.038,0.066,0.0,172585.0,15.0,17.648,89.22200000000002,25.124,99.038,0.136,119294000.0,183661.0,97.0,16.666,0.102,36.462,99.274,0.066,0.0,234134.0,47.0,16.666,1
73.832,24.584,99.014,0.066,417223000.0,107019.0,179.0,15.684,91.502,24.584,98.924,0.066,266528000.0,154579.0,126.0,16.666,99.734,25.376,99.038,0.066,0.0,172585.0,15.0,17.648,89.22200000000002,25.124,99.038,0.136,119294000.0,183661.0,97.0,16.666,0.102,36.462,99.274,0.066,0.0,234134.0,47.0,16.666,0.102,24.652,98.944,0.068,0.0,198565.0,29.0,16.0,1
91.502,24.584,98.924,0.066,266528000.0,154579.0,126.0,16.666,99.734,25.376,99.038,0.066,0.0,172585.0,15.0,17.648,89.22200000000002,25.124,99.038,0.136,119294000.0,183661.0,97.0,16.666,0.102,36.462,99.274,0.066,0.0,234134.0,47.0,16.666,0.102,24.652,98.944,0.068,0.0,198565.0,29.0,16.0,0.102,25.048,98.992,0.136,0.0,226864.0,147.0,15.998,1
99.734,25.376,99.038,0.066,0.0,172585.0,15.0,17.648,89.22200000000002,25.124,99.038,0.136,119294000.0,183661.0,97.0,16.666,0.102,36.462,99.274,0.066,0.0,234134.0,47.0,16.666,0.102,24.652,98.944,0.068,0.0,198565.0,29.0,16.0,0.102,25.048,98.992,0.136,0.0,226864.0,147.0,15.998,0.102,25.32,99.346,0.066,0.0,235439.0,50.0,16.332,1
89.22200000000002,25.124,99.038,0.136,119294000.0,183661.0,97.0,16.666,0.102,36.462,99.274,0.066,0.0,234134.0,47.0,16.666,0.102,24.652,98.944,0.068,0.0,198565.0,29.0,16.0,0.102,25.048,98.992,0.136,0.0,226864.0,147.0,15.998,0.102,25.32,99.346,0.066,0.0,235439.0,50.0,16.332,0.068,25.166,98.726,0.066,0.0,241813.0,14.0,16.666,1
0.102,36.462,99.274,0.066,0.0,234134.0,47.0,16.666,0.102,24.652,98.944,0.068,0.0,198565.0,29.0,16.0,0.102,25.048,98.992,0.136,0.0,226864.0,147.0,15.998,0.102,25.32,99.346,0.066,0.0,235439.0,50.0,16.332,0.068,25.166,98.726,0.066,0.0,241813.0,14.0,16.666,0.1,24.792,99.342,0.068,0.0,225156.0,12.0,16.334,1
0.102,24.652,98.944,0.068,0.0,198565.0,29.0,16.0,0.102,25.048,98.992,0.136,0.0,226864.0,147.0,15.998,0.102,25.32,99.346,0.066,0.0,235439.0,50.0,16.332,0.068,25.166,98.726,0.066,0.0,241813.0,14.0,16.666,0.1,24.792,99.342,0.068,0.0,225156.0,12.0,16.334,0.102,25.334,98.286,0.066,0.0,238644.0,14.0,16.994,1
0.102,25.048,98.992,0.136,0.0,226864.0,147.0,15.998,0.102,25.32,99.346,0.066,0.0,235439.0,50.0,16.332,0.068,25.166,98.726,0.066,0.0,241813.0,14.0,16.666,0.1,24.792,99.342,0.068,0.0,225156.0,12.0,16.334,0.102,25.334,98.286,0.066,0.0,238644.0,14.0,16.994,0.102,24.876,98.968,0.066,0.0,219361.0,39.0,16.03,1
0.102,25.32,99.346,0.066,0.0,235439.0,50.0,16.332,0.068,25.166,98.726,0.066,0.0,241813.0,14.0,16.666,0.1,24.792,99.342,0.068,0.0,225156.0,12.0,16.334,0.102,25.334,98.286,0.066,0.0,238644.0,14.0,16.994,0.102,24.876,98.968,0.066,0.0,219361.0,39.0,16.03,0.068,24.708,98.356,0.134,0.0,216900.0,2.0,16.712,1
0.068,25.166,98.726,0.066,0.0,241813.0,14.0,16.666,0.1,24.792,99.342,0.068,0.0,225156.0,12.0,16.334,0.102,25.334,98.286,0.066,0.0,238644.0,14.0,16.994,0.102,24.876,98.968,0.066,0.0,219361.0,39.0,16.03,0.068,24.708,98.356,0.134,0.0,216900.0,2.0,16.712,0.2339999999999999,25.75,99.228,0.066,0.0,239536.0,34.0,15.934,1
0.1,24.792,99.342,0.068,0.0,225156.0,12.0,16.334,0.102,25.334,98.286,0.066,0.0,238644.0,14.0,16.994,0.102,24.876,98.968,0.066,0.0,219361.0,39.0,16.03,0.068,24.708,98.356,0.134,0.0,216900.0,2.0,16.712,0.2339999999999999,25.75,99.228,0.066,0.0,239536.0,34.0,15.934,30.09800000000001,25.5,99.436,0.066,119545000.0,237255.0,63.0,16.702,1
0.102,25.334,98.286,0.066,0.0,238644.0,14.0,16.994,0.102,24.876,98.968,0.066,0.0,219361.0,39.0,16.03,0.068,24.708,98.356,0.134,0.0,216900.0,2.0,16.712,0.2339999999999999,25.75,99.228,0.066,0.0,239536.0,34.0,15.934,30.09800000000001,25.5,99.436,0.066,119545000.0,237255.0,63.0,16.702,48.144,25.416,99.36,0.132,2355200.0,237443.0,11.0,16.0,1
0.102,24.876,98.968,0.066,0.0,219361.0,39.0,16.03,0.068,24.708,98.356,0.134,0.0,216900.0,2.0,16.712,0.2339999999999999,25.75,99.228,0.066,0.0,239536.0,34.0,15.934,30.09800000000001,25.5,99.436,0.066,119545000.0,237255.0,63.0,16.702,48.144,25.416,99.36,0.132,2355200.0,237443.0,11.0,16.0,24.566,36.334,99.39,0.068,1438520.0,252723.0,8.0,16.296,1
0.068,24.708,98.356,0.134,0.0,216900.0,2.0,16.712,0.2339999999999999,25.75,99.228,0.066,0.0,239536.0,34.0,15.934,30.09800000000001,25.5,99.436,0.066,119545000.0,237255.0,63.0,16.702,48.144,25.416,99.36,0.132,2355200.0,237443.0,11.0,16.0,24.566,36.334,99.39,0.068,1438520.0,252723.0,8.0,16.296,0.4679999999999999,25.334,98.588,0.066,0.0,219853.0,95.0,16.998,1
0.2339999999999999,25.75,99.228,0.066,0.0,239536.0,34.0,15.934,30.09800000000001,25.5,99.436,0.066,119545000.0,237255.0,63.0,16.702,48.144,25.416,99.36,0.132,2355200.0,237443.0,11.0,16.0,24.566,36.334,99.39,0.068,1438520.0,252723.0,8.0,16.296,0.4679999999999999,25.334,98.588,0.066,0.0,219853.0,95.0,16.998,0.396,25.108,99.062,0.068,0.0,221559.0,62.0,15.668,1
30.09800000000001,25.5,99.436,0.066,119545000.0,237255.0,63.0,16.702,48.144,25.416,99.36,0.132,2355200.0,237443.0,11.0,16.0,24.566,36.334,99.39,0.068,1438520.0,252723.0,8.0,16.296,0.4679999999999999,25.334,98.588,0.066,0.0,219853.0,95.0,16.998,0.396,25.108,99.062,0.068,0.0,221559.0,62.0,15.668,0.466,25.32,99.414,0.068,0.0,240417.0,112.0,16.666,1
48.144,25.416,99.36,0.132,2355200.0,237443.0,11.0,16.0,24.566,36.334,99.39,0.068,1438520.0,252723.0,8.0,16.296,0.4679999999999999,25.334,98.588,0.066,0.0,219853.0,95.0,16.998,0.396,25.108,99.062,0.068,0.0,221559.0,62.0,15.668,0.466,25.32,99.414,0.068,0.0,240417.0,112.0,16.666,29.13,25.402,99.226,0.066,99310800.0,223269.0,49.0,16.002,1
24.566,36.334,99.39,0.068,1438520.0,252723.0,8.0,16.296,0.4679999999999999,25.334,98.588,0.066,0.0,219853.0,95.0,16.998,0.396,25.108,99.062,0.068,0.0,221559.0,62.0,15.668,0.466,25.32,99.414,0.068,0.0,240417.0,112.0,16.666,29.13,25.402,99.226,0.066,99310800.0,223269.0,49.0,16.002,17.008,24.666,98.81,0.132,76687800.0,229546.0,2.0,16.666,1
0.4679999999999999,25.334,98.588,0.066,0.0,219853.0,95.0,16.998,0.396,25.108,99.062,0.068,0.0,221559.0,62.0,15.668,0.466,25.32,99.414,0.068,0.0,240417.0,112.0,16.666,29.13,25.402,99.226,0.066,99310800.0,223269.0,49.0,16.002,17.008,24.666,98.81,0.132,76687800.0,229546.0,2.0,16.666,12.972,25.208,99.202,0.066,56834500.0,229699.0,10.0,16.038,1
0.396,25.108,99.062,0.068,0.0,221559.0,62.0,15.668,0.466,25.32,99.414,0.068,0.0,240417.0,112.0,16.666,29.13,25.402,99.226,0.066,99310800.0,223269.0,49.0,16.002,17.008,24.666,98.81,0.132,76687800.0,229546.0,2.0,16.666,12.972,25.208,99.202,0.066,56834500.0,229699.0,10.0,16.038,2.768,25.122,99.202,0.068,13107.2,214854.0,30.0,16.95,1
0.466,25.32,99.414,0.068,0.0,240417.0,112.0,16.666,29.13,25.402,99.226,0.066,99310800.0,223269.0,49.0,16.002,17.008,24.666,98.81,0.132,76687800.0,229546.0,2.0,16.666,12.972,25.208,99.202,0.066,56834500.0,229699.0,10.0,16.038,2.768,25.122,99.202,0.068,13107.2,214854.0,30.0,16.95,0.1,25.25,99.248,0.066,0.0,223324.0,29.0,16.332,1
29.13,25.402,99.226,0.066,99310800.0,223269.0,49.0,16.002,17.008,24.666,98.81,0.132,76687800.0,229546.0,2.0,16.666,12.972,25.208,99.202,0.066,56834500.0,229699.0,10.0,16.038,2.768,25.122,99.202,0.068,13107.2,214854.0,30.0,16.95,0.1,25.25,99.248,0.066,0.0,223324.0,29.0,16.332,0.068,25.542,98.896,0.066,0.0,217172.0,7.0,16.666,1
17.008,24.666,98.81,0.132,76687800.0,229546.0,2.0,16.666,12.972,25.208,99.202,0.066,56834500.0,229699.0,10.0,16.038,2.768,25.122,99.202,0.068,13107.2,214854.0,30.0,16.95,0.1,25.25,99.248,0.066,0.0,223324.0,29.0,16.332,0.068,25.542,98.896,0.066,0.0,217172.0,7.0,16.666,0.1,25.584,98.662,0.134,0.0,230997.0,9.0,16.718,1
12.972,25.208,99.202,0.066,56834500.0,229699.0,10.0,16.038,2.768,25.122,99.202,0.068,13107.2,214854.0,30.0,16.95,0.1,25.25,99.248,0.066,0.0,223324.0,29.0,16.332,0.068,25.542,98.896,0.066,0.0,217172.0,7.0,16.666,0.1,25.584,98.662,0.134,0.0,230997.0,9.0,16.718,0.102,25.334,99.038,0.066,0.0,208643.0,3.0,16.668,1
2.768,25.122,99.202,0.068,13107.2,214854.0,30.0,16.95,0.1,25.25,99.248,0.066,0.0,223324.0,29.0,16.332,0.068,25.542,98.896,0.066,0.0,217172.0,7.0,16.666,0.1,25.584,98.662,0.134,0.0,230997.0,9.0,16.718,0.102,25.334,99.038,0.066,0.0,208643.0,3.0,16.668,0.1,36.67,99.248,0.066,0.0,257412.0,10.0,16.334,1
0.1,25.25,99.248,0.066,0.0,223324.0,29.0,16.332,0.068,25.542,98.896,0.066,0.0,217172.0,7.0,16.666,0.1,25.584,98.662,0.134,0.0,230997.0,9.0,16.718,0.102,25.334,99.038,0.066,0.0,208643.0,3.0,16.668,0.1,36.67,99.248,0.066,0.0,257412.0,10.0,16.334,0.1,25.108,98.758,0.068,0.0,225473.0,51.0,16.334,1
0.068,25.542,98.896,0.066,0.0,217172.0,7.0,16.666,0.1,25.584,98.662,0.134,0.0,230997.0,9.0,16.718,0.102,25.334,99.038,0.066,0.0,208643.0,3.0,16.668,0.1,36.67,99.248,0.066,0.0,257412.0,10.0,16.334,0.1,25.108,98.758,0.068,0.0,225473.0,51.0,16.334,0.066,24.976,98.334,0.066,0.0,227122.0,74.0,15.958,1
0.1,25.584,98.662,0.134,0.0,230997.0,9.0,16.718,0.102,25.334,99.038,0.066,0.0,208643.0,3.0,16.668,0.1,36.67,99.248,0.066,0.0,257412.0,10.0,16.334,0.1,25.108,98.758,0.068,0.0,225473.0,51.0,16.334,0.066,24.976,98.334,0.066,0.0,227122.0,74.0,15.958,0.134,25.274,98.202,0.132,0.0,222639.0,115.0,16.39,1
0.102,25.334,99.038,0.066,0.0,208643.0,3.0,16.668,0.1,36.67,99.248,0.066,0.0,257412.0,10.0,16.334,0.1,25.108,98.758,0.068,0.0,225473.0,51.0,16.334,0.066,24.976,98.334,0.066,0.0,227122.0,74.0,15.958,0.134,25.274,98.202,0.132,0.0,222639.0,115.0,16.39,0.1,24.842,99.018,0.066,0.0,209855.0,80.0,16.622,1
0.1,36.67,99.248,0.066,0.0,257412.0,10.0,16.334,0.1,25.108,98.758,0.068,0.0,225473.0,51.0,16.334,0.066,24.976,98.334,0.066,0.0,227122.0,74.0,15.958,0.134,25.274,98.202,0.132,0.0,222639.0,115.0,16.39,0.1,24.842,99.018,0.066,0.0,209855.0,80.0,16.622,17.366,24.542,99.084,0.066,1576140.0,209450.0,13.0,16.668,1
0.1,25.108,98.758,0.068,0.0,225473.0,51.0,16.334,0.066,24.976,98.334,0.066,0.0,227122.0,74.0,15.958,0.134,25.274,98.202,0.132,0.0,222639.0,115.0,16.39,0.1,24.842,99.018,0.066,0.0,209855.0,80.0,16.622,17.366,24.542,99.084,0.066,1576140.0,209450.0,13.0,16.668,17.67,25.0,99.39,0.066,930611.0,224078.0,17.0,15.668,1
0.066,24.976,98.334,0.066,0.0,227122.0,74.0,15.958,0.134,25.274,98.202,0.132,0.0,222639.0,115.0,16.39,0.1,24.842,99.018,0.066,0.0,209855.0,80.0,16.622,17.366,24.542,99.084,0.066,1576140.0,209450.0,13.0,16.668,17.67,25.0,99.39,0.066,930611.0,224078.0,17.0,15.668,0.5,24.916,98.546,0.068,0.0,226719.0,14.0,17.002,1
0.134,25.274,98.202,0.132,0.0,222639.0,115.0,16.39,0.1,24.842,99.018,0.066,0.0,209855.0,80.0,16.622,17.366,24.542,99.084,0.066,1576140.0,209450.0,13.0,16.668,17.67,25.0,99.39,0.066,930611.0,224078.0,17.0,15.668,0.5,24.916,98.546,0.068,0.0,226719.0,14.0,17.002,0.534,24.516,99.034,0.068,0.0,216952.0,39.0,16.38,1
0.1,24.842,99.018,0.066,0.0,209855.0,80.0,16.622,17.366,24.542,99.084,0.066,1576140.0,209450.0,13.0,16.668,17.67,25.0,99.39,0.066,930611.0,224078.0,17.0,15.668,0.5,24.916,98.546,0.068,0.0,226719.0,14.0,17.002,0.534,24.516,99.034,0.068,0.0,216952.0,39.0,16.38,0.534,25.25,99.304,0.134,0.0,231797.0,23.0,15.952,1
17.366,24.542,99.084,0.066,1576140.0,209450.0,13.0,16.668,17.67,25.0,99.39,0.066,930611.0,224078.0,17.0,15.668,0.5,24.916,98.546,0.068,0.0,226719.0,14.0,17.002,0.534,24.516,99.034,0.068,0.0,216952.0,39.0,16.38,0.534,25.25,99.304,0.134,0.0,231797.0,23.0,15.952,0.7340000000000001,25.204,98.662,0.068,0.0,211332.0,172.0,18.668,1
17.67,25.0,99.39,0.066,930611.0,224078.0,17.0,15.668,0.5,24.916,98.546,0.068,0.0,226719.0,14.0,17.002,0.534,24.516,99.034,0.068,0.0,216952.0,39.0,16.38,0.534,25.25,99.304,0.134,0.0,231797.0,23.0,15.952,0.7340000000000001,25.204,98.662,0.068,0.0,211332.0,172.0,18.668,32.338,24.8,99.038,0.066,2301130.0,227805.0,59.0,16.317999999999998,1
0.5,24.916,98.546,0.068,0.0,226719.0,14.0,17.002,0.534,24.516,99.034,0.068,0.0,216952.0,39.0,16.38,0.534,25.25,99.304,0.134,0.0,231797.0,23.0,15.952,0.7340000000000001,25.204,98.662,0.068,0.0,211332.0,172.0,18.668,32.338,24.8,99.038,0.066,2301130.0,227805.0,59.0,16.317999999999998,1.926,36.0,99.296,0.068,20480.0,242339.0,3.0,16.386,1
0.534,24.516,99.034,0.068,0.0,216952.0,39.0,16.38,0.534,25.25,99.304,0.134,0.0,231797.0,23.0,15.952,0.7340000000000001,25.204,98.662,0.068,0.0,211332.0,172.0,18.668,32.338,24.8,99.038,0.066,2301130.0,227805.0,59.0,16.317999999999998,1.926,36.0,99.296,0.068,20480.0,242339.0,3.0,16.386,0.8320000000000001,25.292,98.592,0.132,3276.8,218752.0,115.0,16.668,1
0.534,25.25,99.304,0.134,0.0,231797.0,23.0,15.952,0.7340000000000001,25.204,98.662,0.068,0.0,211332.0,172.0,18.668,32.338,24.8,99.038,0.066,2301130.0,227805.0,59.0,16.317999999999998,1.926,36.0,99.296,0.068,20480.0,242339.0,3.0,16.386,0.8320000000000001,25.292,98.592,0.132,3276.8,218752.0,115.0,16.668,0.736,25.166,98.31,0.066,0.0,215251.0,74.0,16.332,1
0.7340000000000001,25.204,98.662,0.068,0.0,211332.0,172.0,18.668,32.338,24.8,99.038,0.066,2301130.0,227805.0,59.0,16.317999999999998,1.926,36.0,99.296,0.068,20480.0,242339.0,3.0,16.386,0.8320000000000001,25.292,98.592,0.132,3276.8,218752.0,115.0,16.668,0.736,25.166,98.31,0.066,0.0,215251.0,74.0,16.332,0.598,25.376,98.896,0.068,0.0,221419.0,2.0,16.336,1
32.338,24.8,99.038,0.066,2301130.0,227805.0,59.0,16.317999999999998,1.926,36.0,99.296,0.068,20480.0,242339.0,3.0,16.386,0.8320000000000001,25.292,98.592,0.132,3276.8,218752.0,115.0,16.668,0.736,25.166,98.31,0.066,0.0,215251.0,74.0,16.332,0.598,25.376,98.896,0.068,0.0,221419.0,2.0,16.336,0.102,24.874,98.638,0.066,0.0,221405.0,22.0,16.668,1
1.926,36.0,99.296,0.068,20480.0,242339.0,3.0,16.386,0.8320000000000001,25.292,98.592,0.132,3276.8,218752.0,115.0,16.668,0.736,25.166,98.31,0.066,0.0,215251.0,74.0,16.332,0.598,25.376,98.896,0.068,0.0,221419.0,2.0,16.336,0.102,24.874,98.638,0.066,0.0,221405.0,22.0,16.668,16.828,24.542,99.316,0.068,1117390.0,211570.0,8.0,16.312,1
0.8320000000000001,25.292,98.592,0.132,3276.8,218752.0,115.0,16.668,0.736,25.166,98.31,0.066,0.0,215251.0,74.0,16.332,0.598,25.376,98.896,0.068,0.0,221419.0,2.0,16.336,0.102,24.874,98.638,0.066,0.0,221405.0,22.0,16.668,16.828,24.542,99.316,0.068,1117390.0,211570.0,8.0,16.312,21.672,25.042,99.224,0.134,1682640.0,223133.0,78.0,16.006,1
0.736,25.166,98.31,0.066,0.0,215251.0,74.0,16.332,0.598,25.376,98.896,0.068,0.0,221419.0,2.0,16.336,0.102,24.874,98.638,0.066,0.0,221405.0,22.0,16.668,16.828,24.542,99.316,0.068,1117390.0,211570.0,8.0,16.312,21.672,25.042,99.224,0.134,1682640.0,223133.0,78.0,16.006,0.664,24.666,98.896,0.068,0.0,219301.0,8.0,17.0,1
0.598,25.376,98.896,0.068,0.0,221419.0,2.0,16.336,0.102,24.874,98.638,0.066,0.0,221405.0,22.0,16.668,16.828,24.542,99.316,0.068,1117390.0,211570.0,8.0,16.312,21.672,25.042,99.224,0.134,1682640.0,223133.0,78.0,16.006,0.664,24.666,98.896,0.068,0.0,219301.0,8.0,17.0,23.452,24.792,99.366,0.066,1633480.0,233431.0,1.0,16.332,1
0.102,24.874,98.638,0.066,0.0,221405.0,22.0,16.668,16.828,24.542,99.316,0.068,1117390.0,211570.0,8.0,16.312,21.672,25.042,99.224,0.134,1682640.0,223133.0,78.0,16.006,0.664,24.666,98.896,0.068,0.0,219301.0,8.0,17.0,23.452,24.792,99.366,0.066,1633480.0,233431.0,1.0,16.332,18.178,25.45,99.226,0.066,1190300.0,219462.0,49.0,16.39,1
16.828,24.542,99.316,0.068,1117390.0,211570.0,8.0,16.312,21.672,25.042,99.224,0.134,1682640.0,223133.0,78.0,16.006,0.664,24.666,98.896,0.068,0.0,219301.0,8.0,17.0,23.452,24.792,99.366,0.066,1633480.0,233431.0,1.0,16.332,18.178,25.45,99.226,0.066,1190300.0,219462.0,49.0,16.39,0.77,25.214,99.248,0.132,0.0,230992.0,11.0,16.962,1
21.672,25.042,99.224,0.134,1682640.0,223133.0,78.0,16.006,0.664,24.666,98.896,0.068,0.0,219301.0,8.0,17.0,23.452,24.792,99.366,0.066,1633480.0,233431.0,1.0,16.332,18.178,25.45,99.226,0.066,1190300.0,219462.0,49.0,16.39,0.77,25.214,99.248,0.132,0.0,230992.0,11.0,16.962,0.602,24.916,97.8,0.066,0.0,205354.0,157.0,16.002,1
0.664,24.666,98.896,0.068,0.0,219301.0,8.0,17.0,23.452,24.792,99.366,0.066,1633480.0,233431.0,1.0,16.332,18.178,25.45,99.226,0.066,1190300.0,219462.0,49.0,16.39,0.77,25.214,99.248,0.132,0.0,230992.0,11.0,16.962,0.602,24.916,97.8,0.066,0.0,205354.0,157.0,16.002,0.7340000000000001,36.166,99.062,0.066,0.0,250506.0,43.0,16.332,1
23.452,24.792,99.366,0.066,1633480.0,233431.0,1.0,16.332,18.178,25.45,99.226,0.066,1190300.0,219462.0,49.0,16.39,0.77,25.214,99.248,0.132,0.0,230992.0,11.0,16.962,0.602,24.916,97.8,0.066,0.0,205354.0,157.0,16.002,0.7340000000000001,36.166,99.062,0.066,0.0,250506.0,43.0,16.332,0.636,24.958,99.344,0.068,48332.8,209612.0,71.0,17.33,1
18.178,25.45,99.226,0.066,1190300.0,219462.0,49.0,16.39,0.77,25.214,99.248,0.132,0.0,230992.0,11.0,16.962,0.602,24.916,97.8,0.066,0.0,205354.0,157.0,16.002,0.7340000000000001,36.166,99.062,0.066,0.0,250506.0,43.0,16.332,0.636,24.958,99.344,0.068,48332.8,209612.0,71.0,17.33,0.402,24.666,98.85,0.066,12288.0,217429.0,31.0,15.666,1
0.77,25.214,99.248,0.132,0.0,230992.0,11.0,16.962,0.602,24.916,97.8,0.066,0.0,205354.0,157.0,16.002,0.7340000000000001,36.166,99.062,0.066,0.0,250506.0,43.0,16.332,0.636,24.958,99.344,0.068,48332.8,209612.0,71.0,17.33,0.402,24.666,98.85,0.066,12288.0,217429.0,31.0,15.666,33.148,24.624,99.132,0.068,2842620.0,208162.0,32.0,16.668,1
0.602,24.916,97.8,0.066,0.0,205354.0,157.0,16.002,0.7340000000000001,36.166,99.062,0.066,0.0,250506.0,43.0,16.332,0.636,24.958,99.344,0.068,48332.8,209612.0,71.0,17.33,0.402,24.666,98.85,0.066,12288.0,217429.0,31.0,15.666,33.148,24.624,99.132,0.068,2842620.0,208162.0,32.0,16.668,12.37,25.126,99.202,0.134,369459.0,211699.0,8.0,16.998,1
0.7340000000000001,36.166,99.062,0.066,0.0,250506.0,43.0,16.332,0.636,24.958,99.344,0.068,48332.8,209612.0,71.0,17.33,0.402,24.666,98.85,0.066,12288.0,217429.0,31.0,15.666,33.148,24.624,99.132,0.068,2842620.0,208162.0,32.0,16.668,12.37,25.126,99.202,0.134,369459.0,211699.0,8.0,16.998,0.27,25.126,99.412,0.066,0.0,228951.0,25.0,16.002,1
0.636,24.958,99.344,0.068,48332.8,209612.0,71.0,17.33,0.402,24.666,98.85,0.066,12288.0,217429.0,31.0,15.666,33.148,24.624,99.132,0.068,2842620.0,208162.0,32.0,16.668,12.37,25.126,99.202,0.134,369459.0,211699.0,8.0,16.998,0.27,25.126,99.412,0.066,0.0,228951.0,25.0,16.002,5.102,24.916,99.2,0.066,311296.0,213146.0,68.0,16.666,1
0.402,24.666,98.85,0.066,12288.0,217429.0,31.0,15.666,33.148,24.624,99.132,0.068,2842620.0,208162.0,32.0,16.668,12.37,25.126,99.202,0.134,369459.0,211699.0,8.0,16.998,0.27,25.126,99.412,0.066,0.0,228951.0,25.0,16.002,5.102,24.916,99.2,0.066,311296.0,213146.0,68.0,16.666,28.376,25.25,99.694,0.066,1949700.0,234836.0,101.0,16.652,1
33.148,24.624,99.132,0.068,2842620.0,208162.0,32.0,16.668,12.37,25.126,99.202,0.134,369459.0,211699.0,8.0,16.998,0.27,25.126,99.412,0.066,0.0,228951.0,25.0,16.002,5.102,24.916,99.2,0.066,311296.0,213146.0,68.0,16.666,28.376,25.25,99.694,0.066,1949700.0,234836.0,101.0,16.652,0.168,24.834,99.062,0.066,0.0,222413.0,55.0,16.372,1
12.37,25.126,99.202,0.134,369459.0,211699.0,8.0,16.998,0.27,25.126,99.412,0.066,0.0,228951.0,25.0,16.002,5.102,24.916,99.2,0.066,311296.0,213146.0,68.0,16.666,28.376,25.25,99.694,0.066,1949700.0,234836.0,101.0,16.652,0.168,24.834,99.062,0.066,0.0,222413.0,55.0,16.372,0.102,25.666,99.436,0.134,0.0,241031.0,182.0,16.002,1
0.27,25.126,99.412,0.066,0.0,228951.0,25.0,16.002,5.102,24.916,99.2,0.066,311296.0,213146.0,68.0,16.666,28.376,25.25,99.694,0.066,1949700.0,234836.0,101.0,16.652,0.168,24.834,99.062,0.066,0.0,222413.0,55.0,16.372,0.102,25.666,99.436,0.134,0.0,241031.0,182.0,16.002,0.102,25.364,98.474,0.066,0.0,216388.0,64.0,16.666,1
5.102,24.916,99.2,0.066,311296.0,213146.0,68.0,16.666,28.376,25.25,99.694,0.066,1949700.0,234836.0,101.0,16.652,0.168,24.834,99.062,0.066,0.0,222413.0,55.0,16.372,0.102,25.666,99.436,0.134,0.0,241031.0,182.0,16.002,0.102,25.364,98.474,0.066,0.0,216388.0,64.0,16.666,32.58,24.792,98.764,0.066,2280650.0,218299.0,13.0,16.998,1
28.376,25.25,99.694,0.066,1949700.0,234836.0,101.0,16.652,0.168,24.834,99.062,0.066,0.0,222413.0,55.0,16.372,0.102,25.666,99.436,0.134,0.0,241031.0,182.0,16.002,0.102,25.364,98.474,0.066,0.0,216388.0,64.0,16.666,32.58,24.792,98.764,0.066,2280650.0,218299.0,13.0,16.998,0.268,36.626,99.014,0.066,80281.6,251852.0,59.0,16.332,1
0.168,24.834,99.062,0.066,0.0,222413.0,55.0,16.372,0.102,25.666,99.436,0.134,0.0,241031.0,182.0,16.002,0.102,25.364,98.474,0.066,0.0,216388.0,64.0,16.666,32.58,24.792,98.764,0.066,2280650.0,218299.0,13.0,16.998,0.268,36.626,99.014,0.066,80281.6,251852.0,59.0,16.332,1.134,24.484,98.968,0.134,77824.0,218549.0,87.0,16.332,1
0.102,25.666,99.436,0.134,0.0,241031.0,182.0,16.002,0.102,25.364,98.474,0.066,0.0,216388.0,64.0,16.666,32.58,24.792,98.764,0.066,2280650.0,218299.0,13.0,16.998,0.268,36.626,99.014,0.066,80281.6,251852.0,59.0,16.332,1.134,24.484,98.968,0.134,77824.0,218549.0,87.0,16.332,32.508,24.94,99.04,0.068,2232320.0,219613.0,11.0,17.0,1
0.102,25.364,98.474,0.066,0.0,216388.0,64.0,16.666,32.58,24.792,98.764,0.066,2280650.0,218299.0,13.0,16.998,0.268,36.626,99.014,0.066,80281.6,251852.0,59.0,16.332,1.134,24.484,98.968,0.134,77824.0,218549.0,87.0,16.332,32.508,24.94,99.04,0.068,2232320.0,219613.0,11.0,17.0,1.634,24.726,98.052,0.066,0.0,204073.0,26.0,16.014,1
32.58,24.792,98.764,0.066,2280650.0,218299.0,13.0,16.998,0.268,36.626,99.014,0.066,80281.6,251852.0,59.0,16.332,1.134,24.484,98.968,0.134,77824.0,218549.0,87.0,16.332,32.508,24.94,99.04,0.068,2232320.0,219613.0,11.0,17.0,1.634,24.726,98.052,0.066,0.0,204073.0,26.0,16.014,0.534,26.458,99.058,0.068,0.0,222753.0,21.0,17.0,1
0.268,36.626,99.014,0.066,80281.6,251852.0,59.0,16.332,1.134,24.484,98.968,0.134,77824.0,218549.0,87.0,16.332,32.508,24.94,99.04,0.068,2232320.0,219613.0,11.0,17.0,1.634,24.726,98.052,0.066,0.0,204073.0,26.0,16.014,0.534,26.458,99.058,0.068,0.0,222753.0,21.0,17.0,0.102,24.916,98.802,0.068,0.0,200166.0,101.0,16.666,1
1.134,24.484,98.968,0.134,77824.0,218549.0,87.0,16.332,32.508,24.94,99.04,0.068,2232320.0,219613.0,11.0,17.0,1.634,24.726,98.052,0.066,0.0,204073.0,26.0,16.014,0.534,26.458,99.058,0.068,0.0,222753.0,21.0,17.0,0.102,24.916,98.802,0.068,0.0,200166.0,101.0,16.666,0.068,25.272,98.592,0.068,0.0,240710.0,14.0,15.998,1
32.508,24.94,99.04,0.068,2232320.0,219613.0,11.0,17.0,1.634,24.726,98.052,0.066,0.0,204073.0,26.0,16.014,0.534,26.458,99.058,0.068,0.0,222753.0,21.0,17.0,0.102,24.916,98.802,0.068,0.0,200166.0,101.0,16.666,0.068,25.272,98.592,0.068,0.0,240710.0,14.0,15.998,0.1,25.166,97.276,0.132,0.0,224812.0,183.0,16.0,1
1.634,24.726,98.052,0.066,0.0,204073.0,26.0,16.014,0.534,26.458,99.058,0.068,0.0,222753.0,21.0,17.0,0.102,24.916,98.802,0.068,0.0,200166.0,101.0,16.666,0.068,25.272,98.592,0.068,0.0,240710.0,14.0,15.998,0.1,25.166,97.276,0.132,0.0,224812.0,183.0,16.0,0.1,24.75,98.286,0.066,0.0,239352.0,42.0,16.666,1
0.534,26.458,99.058,0.068,0.0,222753.0,21.0,17.0,0.102,24.916,98.802,0.068,0.0,200166.0,101.0,16.666,0.068,25.272,98.592,0.068,0.0,240710.0,14.0,15.998,0.1,25.166,97.276,0.132,0.0,224812.0,183.0,16.0,0.1,24.75,98.286,0.066,0.0,239352.0,42.0,16.666,0.102,25.334,99.27,0.066,0.0,219821.0,6.0,16.332,1
0.102,24.916,98.802,0.068,0.0,200166.0,101.0,16.666,0.068,25.272,98.592,0.068,0.0,240710.0,14.0,15.998,0.1,25.166,97.276,0.132,0.0,224812.0,183.0,16.0,0.1,24.75,98.286,0.066,0.0,239352.0,42.0,16.666,0.102,25.334,99.27,0.066,0.0,219821.0,6.0,16.332,0.102,25.626,98.788,0.066,0.0,231844.0,26.0,17.0,1
0.068,25.272,98.592,0.068,0.0,240710.0,14.0,15.998,0.1,25.166,97.276,0.132,0.0,224812.0,183.0,16.0,0.1,24.75,98.286,0.066,0.0,239352.0,42.0,16.666,0.102,25.334,99.27,0.066,0.0,219821.0,6.0,16.332,0.102,25.626,98.788,0.066,0.0,231844.0,26.0,17.0,0.1,35.876,98.83,0.068,0.0,234458.0,125.0,17.0,1
0.1,25.166,97.276,0.132,0.0,224812.0,183.0,16.0,0.1,24.75,98.286,0.066,0.0,239352.0,42.0,16.666,0.102,25.334,99.27,0.066,0.0,219821.0,6.0,16.332,0.102,25.626,98.788,0.066,0.0,231844.0,26.0,17.0,0.1,35.876,98.83,0.068,0.0,234458.0,125.0,17.0,0.102,24.916,98.496,0.066,0.0,225013.0,49.0,17.334,1
0.1,24.75,98.286,0.066,0.0,239352.0,42.0,16.666,0.102,25.334,99.27,0.066,0.0,219821.0,6.0,16.332,0.102,25.626,98.788,0.066,0.0,231844.0,26.0,17.0,0.1,35.876,98.83,0.068,0.0,234458.0,125.0,17.0,0.102,24.916,98.496,0.066,0.0,225013.0,49.0,17.334,1.004,24.992,98.712,0.068,12288.0,211729.0,87.0,17.0,1
0.102,25.334,99.27,0.066,0.0,219821.0,6.0,16.332,0.102,25.626,98.788,0.066,0.0,231844.0,26.0,17.0,0.1,35.876,98.83,0.068,0.0,234458.0,125.0,17.0,0.102,24.916,98.496,0.066,0.0,225013.0,49.0,17.334,1.004,24.992,98.712,0.068,12288.0,211729.0,87.0,17.0,0.102,25.484,99.46,0.066,0.0,237807.0,41.0,16.32,1
0.102,25.626,98.788,0.066,0.0,231844.0,26.0,17.0,0.1,35.876,98.83,0.068,0.0,234458.0,125.0,17.0,0.102,24.916,98.496,0.066,0.0,225013.0,49.0,17.334,1.004,24.992,98.712,0.068,12288.0,211729.0,87.0,17.0,0.102,25.484,99.46,0.066,0.0,237807.0,41.0,16.32,0.098,25.084,98.686,0.134,0.0,230126.0,35.0,17.334,1
0.1,35.876,98.83,0.068,0.0,234458.0,125.0,17.0,0.102,24.916,98.496,0.066,0.0,225013.0,49.0,17.334,1.004,24.992,98.712,0.068,12288.0,211729.0,87.0,17.0,0.102,25.484,99.46,0.066,0.0,237807.0,41.0,16.32,0.098,25.084,98.686,0.134,0.0,230126.0,35.0,17.334,0.1,24.792,98.664,0.066,0.0,242445.0,70.0,16.002,1
0.102,24.916,98.496,0.066,0.0,225013.0,49.0,17.334,1.004,24.992,98.712,0.068,12288.0,211729.0,87.0,17.0,0.102,25.484,99.46,0.066,0.0,237807.0,41.0,16.32,0.098,25.084,98.686,0.134,0.0,230126.0,35.0,17.334,0.1,24.792,98.664,0.066,0.0,242445.0,70.0,16.002,0.102,25.084,99.296,0.066,0.0,225242.0,15.0,17.0,1
1.004,24.992,98.712,0.068,12288.0,211729.0,87.0,17.0,0.102,25.484,99.46,0.066,0.0,237807.0,41.0,16.32,0.098,25.084,98.686,0.134,0.0,230126.0,35.0,17.334,0.1,24.792,98.664,0.066,0.0,242445.0,70.0,16.002,0.102,25.084,99.296,0.066,0.0,225242.0,15.0,17.0,0.102,25.374,98.428,0.066,0.0,249038.0,21.0,17.028,1
0.102,25.484,99.46,0.066,0.0,237807.0,41.0,16.32,0.098,25.084,98.686,0.134,0.0,230126.0,35.0,17.334,0.1,24.792,98.664,0.066,0.0,242445.0,70.0,16.002,0.102,25.084,99.296,0.066,0.0,225242.0,15.0,17.0,0.102,25.374,98.428,0.066,0.0,249038.0,21.0,17.028,0.068,24.75,99.296,0.068,0.0,211404.0,92.0,16.63,1
0.098,25.084,98.686,0.134,0.0,230126.0,35.0,17.334,0.1,24.792,98.664,0.066,0.0,242445.0,70.0,16.002,0.102,25.084,99.296,0.066,0.0,225242.0,15.0,17.0,0.102,25.374,98.428,0.066,0.0,249038.0,21.0,17.028,0.068,24.75,99.296,0.068,0.0,211404.0,92.0,16.63,0.102,25.416,99.154,0.066,0.0,228794.0,120.0,16.668,0
0.1,24.792,98.664,0.066,0.0,242445.0,70.0,16.002,0.102,25.084,99.296,0.066,0.0,225242.0,15.0,17.0,0.102,25.374,98.428,0.066,0.0,249038.0,21.0,17.028,0.068,24.75,99.296,0.068,0.0,211404.0,92.0,16.63,0.102,25.416,99.154,0.066,0.0,228794.0,120.0,16.668,0.102,25.334,99.038,0.134,0.0,218635.0,80.0,17.04,0
0.102,25.084,99.296,0.066,0.0,225242.0,15.0,17.0,0.102,25.374,98.428,0.066,0.0,249038.0,21.0,17.028,0.068,24.75,99.296,0.068,0.0,211404.0,92.0,16.63,0.102,25.416,99.154,0.066,0.0,228794.0,120.0,16.668,0.102,25.334,99.038,0.134,0.0,218635.0,80.0,17.04,0.2,25.042,99.342,0.068,0.0,238671.0,13.0,15.666,0
0.102,25.374,98.428,0.066,0.0,249038.0,21.0,17.028,0.068,24.75,99.296,0.068,0.0,211404.0,92.0,16.63,0.102,25.416,99.154,0.066,0.0,228794.0,120.0,16.668,0.102,25.334,99.038,0.134,0.0,218635.0,80.0,17.04,0.2,25.042,99.342,0.068,0.0,238671.0,13.0,15.666,0.102,35.854,99.084,0.066,0.0,245933.0,6.0,16.332,0
0.068,24.75,99.296,0.068,0.0,211404.0,92.0,16.63,0.102,25.416,99.154,0.066,0.0,228794.0,120.0,16.668,0.102,25.334,99.038,0.134,0.0,218635.0,80.0,17.04,0.2,25.042,99.342,0.068,0.0,238671.0,13.0,15.666,0.102,35.854,99.084,0.066,0.0,245933.0,6.0,16.332,0.102,24.626,99.014,0.134,0.0,217561.0,5.0,17.0,0
0.102,25.416,99.154,0.066,0.0,228794.0,120.0,16.668,0.102,25.334,99.038,0.134,0.0,218635.0,80.0,17.04,0.2,25.042,99.342,0.068,0.0,238671.0,13.0,15.666,0.102,35.854,99.084,0.066,0.0,245933.0,6.0,16.332,0.102,24.626,99.014,0.134,0.0,217561.0,5.0,17.0,20.426,25.11,99.366,0.066,1885800.0,227730.0,3.0,16.334,0
0.102,25.334,99.038,0.134,0.0,218635.0,80.0,17.04,0.2,25.042,99.342,0.068,0.0,238671.0,13.0,15.666,0.102,35.854,99.084,0.066,0.0,245933.0,6.0,16.332,0.102,24.626,99.014,0.134,0.0,217561.0,5.0,17.0,20.426,25.11,99.366,0.066,1885800.0,227730.0,3.0,16.334,13.828,24.97,98.826,0.066,400589.0,216265.0,242.0,17.666,0
0.2,25.042,99.342,0.068,0.0,238671.0,13.0,15.666,0.102,35.854,99.084,0.066,0.0,245933.0,6.0,16.332,0.102,24.626,99.014,0.134,0.0,217561.0,5.0,17.0,20.426,25.11,99.366,0.066,1885800.0,227730.0,3.0,16.334,13.828,24.97,98.826,0.066,400589.0,216265.0,242.0,17.666,1.404,24.94,98.424,0.068,0.0,232262.0,49.0,17.0,0
0.102,35.854,99.084,0.066,0.0,245933.0,6.0,16.332,0.102,24.626,99.014,0.134,0.0,217561.0,5.0,17.0,20.426,25.11,99.366,0.066,1885800.0,227730.0,3.0,16.334,13.828,24.97,98.826,0.066,400589.0,216265.0,242.0,17.666,1.404,24.94,98.424,0.068,0.0,232262.0,49.0,17.0,0.534,24.666,98.69,0.066,0.0,218162.0,4.0,16.336,0
0.102,24.626,99.014,0.134,0.0,217561.0,5.0,17.0,20.426,25.11,99.366,0.066,1885800.0,227730.0,3.0,16.334,13.828,24.97,98.826,0.066,400589.0,216265.0,242.0,17.666,1.404,24.94,98.424,0.068,0.0,232262.0,49.0,17.0,0.534,24.666,98.69,0.066,0.0,218162.0,4.0,16.336,0.1,24.708,99.132,0.068,0.0,235847.0,93.0,16.72,0
20.426,25.11,99.366,0.066,1885800.0,227730.0,3.0,16.334,13.828,24.97,98.826,0.066,400589.0,216265.0,242.0,17.666,1.404,24.94,98.424,0.068,0.0,232262.0,49.0,17.0,0.534,24.666,98.69,0.066,0.0,218162.0,4.0,16.336,0.1,24.708,99.132,0.068,0.0,235847.0,93.0,16.72,0.1,25.126,98.968,0.132,0.0,227753.0,35.0,16.998,0
13.828,24.97,98.826,0.066,400589.0,216265.0,242.0,17.666,1.404,24.94,98.424,0.068,0.0,232262.0,49.0,17.0,0.534,24.666,98.69,0.066,0.0,218162.0,4.0,16.336,0.1,24.708,99.132,0.068,0.0,235847.0,93.0,16.72,0.1,25.126,98.968,0.132,0.0,227753.0,35.0,16.998,0.102,25.25,98.944,0.068,0.0,214332.0,10.0,16.628,0
1.404,24.94,98.424,0.068,0.0,232262.0,49.0,17.0,0.534,24.666,98.69,0.066,0.0,218162.0,4.0,16.336,0.1,24.708,99.132,0.068,0.0,235847.0,93.0,16.72,0.1,25.126,98.968,0.132,0.0,227753.0,35.0,16.998,0.102,25.25,98.944,0.068,0.0,214332.0,10.0,16.628,0.1,25.416,98.92,0.066,0.0,209806.0,56.0,17.0,0
0.534,24.666,98.69,0.066,0.0,218162.0,4.0,16.336,0.1,24.708,99.132,0.068,0.0,235847.0,93.0,16.72,0.1,25.126,98.968,0.132,0.0,227753.0,35.0,16.998,0.102,25.25,98.944,0.068,0.0,214332.0,10.0,16.628,0.1,25.416,98.92,0.066,0.0,209806.0,56.0,17.0,0.1,25.692,99.484,0.134,0.0,219280.0,118.0,16.998,0
0.1,24.708,99.132,0.068,0.0,235847.0,93.0,16.72,0.1,25.126,98.968,0.132,0.0,227753.0,35.0,16.998,0.102,25.25,98.944,0.068,0.0,214332.0,10.0,16.628,0.1,25.416,98.92,0.066,0.0,209806.0,56.0,17.0,0.1,25.692,99.484,0.134,0.0,219280.0,118.0,16.998,0.098,26.0425,99.366,0.066,0.0,257612.0,40.0,16.684,0
0.1,25.126,98.968,0.132,0.0,227753.0,35.0,16.998,0.102,25.25,98.944,0.068,0.0,214332.0,10.0,16.628,0.1,25.416,98.92,0.066,0.0,209806.0,56.0,17.0,0.1,25.692,99.484,0.134,0.0,219280.0,118.0,16.998,0.098,26.0425,99.366,0.066,0.0,257612.0,40.0,16.684,0.068,36.386,98.756,0.066,0.0,251681.0,61.0,16.998,0
0.102,25.25,98.944,0.068,0.0,214332.0,10.0,16.628,0.1,25.416,98.92,0.066,0.0,209806.0,56.0,17.0,0.1,25.692,99.484,0.134,0.0,219280.0,118.0,16.998,0.098,26.0425,99.366,0.066,0.0,257612.0,40.0,16.684,0.068,36.386,98.756,0.066,0.0,251681.0,61.0,16.998,0.102,24.726,98.756,0.068,0.0,214615.0,33.0,16.312,0
0.1,25.416,98.92,0.066,0.0,209806.0,56.0,17.0,0.1,25.692,99.484,0.134,0.0,219280.0,118.0,16.998,0.098,26.0425,99.366,0.066,0.0,257612.0,40.0,16.684,0.068,36.386,98.756,0.066,0.0,251681.0,61.0,16.998,0.102,24.726,98.756,0.068,0.0,214615.0,33.0,16.312,0.102,24.706,99.04,0.068,0.0,208185.0,17.0,17.0,0
0.1,25.692,99.484,0.134,0.0,219280.0,118.0,16.998,0.098,26.0425,99.366,0.066,0.0,257612.0,40.0,16.684,0.068,36.386,98.756,0.066,0.0,251681.0,61.0,16.998,0.102,24.726,98.756,0.068,0.0,214615.0,33.0,16.312,0.102,24.706,99.04,0.068,0.0,208185.0,17.0,17.0,1.032,24.76,98.38,0.068,12288.0,230858.0,103.0,17.686,0
0.098,26.0425,99.366,0.066,0.0,257612.0,40.0,16.684,0.068,36.386,98.756,0.066,0.0,251681.0,61.0,16.998,0.102,24.726,98.756,0.068,0.0,214615.0,33.0,16.312,0.102,24.706,99.04,0.068,0.0,208185.0,17.0,17.0,1.032,24.76,98.38,0.068,12288.0,230858.0,103.0,17.686,0.17,23.756,99.226,0.134,0.0,211684.0,64.0,16.38,0
0.068,36.386,98.756,0.066,0.0,251681.0,61.0,16.998,0.102,24.726,98.756,0.068,0.0,214615.0,33.0,16.312,0.102,24.706,99.04,0.068,0.0,208185.0,17.0,17.0,1.032,24.76,98.38,0.068,12288.0,230858.0,103.0,17.686,0.17,23.756,99.226,0.134,0.0,211684.0,64.0,16.38,0.096,24.334,98.78,0.068,0.0,219094.0,46.0,16.285999999999998,0
0.102,24.726,98.756,0.068,0.0,214615.0,33.0,16.312,0.102,24.706,99.04,0.068,0.0,208185.0,17.0,17.0,1.032,24.76,98.38,0.068,12288.0,230858.0,103.0,17.686,0.17,23.756,99.226,0.134,0.0,211684.0,64.0,16.38,0.096,24.334,98.78,0.068,0.0,219094.0,46.0,16.285999999999998,0.1,24.416,98.894,0.066,0.0,191856.0,9.0,16.724,0
0.102,24.706,99.04,0.068,0.0,208185.0,17.0,17.0,1.032,24.76,98.38,0.068,12288.0,230858.0,103.0,17.686,0.17,23.756,99.226,0.134,0.0,211684.0,64.0,16.38,0.096,24.334,98.78,0.068,0.0,219094.0,46.0,16.285999999999998,0.1,24.416,98.894,0.066,0.0,191856.0,9.0,16.724,0.098,24.916,98.74,0.066,0.0,229927.0,116.0,17.0,0
1.032,24.76,98.38,0.068,12288.0,230858.0,103.0,17.686,0.17,23.756,99.226,0.134,0.0,211684.0,64.0,16.38,0.096,24.334,98.78,0.068,0.0,219094.0,46.0,16.285999999999998,0.1,24.416,98.894,0.066,0.0,191856.0,9.0,16.724,0.098,24.916,98.74,0.066,0.0,229927.0,116.0,17.0,0.102,24.292,98.474,0.066,0.0,200495.0,5.0,16.332,0
0.17,23.756,99.226,0.134,0.0,211684.0,64.0,16.38,0.096,24.334,98.78,0.068,0.0,219094.0,46.0,16.285999999999998,0.1,24.416,98.894,0.066,0.0,191856.0,9.0,16.724,0.098,24.916,98.74,0.066,0.0,229927.0,116.0,17.0,0.102,24.292,98.474,0.066,0.0,200495.0,5.0,16.332,0.064,25.026,98.572,0.066,0.0,63814.4,56.0,17.0,0
0.096,24.334,98.78,0.068,0.0,219094.0,46.0,16.285999999999998,0.1,24.416,98.894,0.066,0.0,191856.0,9.0,16.724,0.098,24.916,98.74,0.066,0.0,229927.0,116.0,17.0,0.102,24.292,98.474,0.066,0.0,200495.0,5.0,16.332,0.064,25.026,98.572,0.066,0.0,63814.4,56.0,17.0,0.102,24.334,99.084,0.134,0.0,38516.6,42.0,17.002,0
0.1,24.416,98.894,0.066,0.0,191856.0,9.0,16.724,0.098,24.916,98.74,0.066,0.0,229927.0,116.0,17.0,0.102,24.292,98.474,0.066,0.0,200495.0,5.0,16.332,0.064,25.026,98.572,0.066,0.0,63814.4,56.0,17.0,0.102,24.334,99.084,0.134,0.0,38516.6,42.0,17.002,0.098,24.284,97.488,0.066,0.0,40660.2,45.0,17.0,0
0.098,24.916,98.74,0.066,0.0,229927.0,116.0,17.0,0.102,24.292,98.474,0.066,0.0,200495.0,5.0,16.332,0.064,25.026,98.572,0.066,0.0,63814.4,56.0,17.0,0.102,24.334,99.084,0.134,0.0,38516.6,42.0,17.002,0.098,24.284,97.488,0.066,0.0,40660.2,45.0,17.0,0.102,36.166,99.226,0.068,0.0,88262.8,158.0,16.998,0
0.102,24.292,98.474,0.066,0.0,200495.0,5.0,16.332,0.064,25.026,98.572,0.066,0.0,63814.4,56.0,17.0,0.102,24.334,99.084,0.134,0.0,38516.6,42.0,17.002,0.098,24.284,97.488,0.066,0.0,40660.2,45.0,17.0,0.102,36.166,99.226,0.068,0.0,88262.8,158.0,16.998,0.102,24.082,98.99,0.134,0.0,51062.8,103.0,16.668,0
